workerid,proliferate.condition,WCO,animacy,condition,determiner,item,response,slide_number,trial_type,error
127,condition1,,,,,,1,,one_slider_practice,
127,condition1,,,,,,0.93,,one_slider_practice,
127,condition1,n,a,nDa,D,stylist,0.94,6,one_slider,
127,condition1,n,a,nQa,Q,scientist,0.9,7,one_slider,
127,condition1,y,q,yDq,D,queen,0.03,8,one_slider,
127,condition1,f,l,filler,i,filler3,0.6,9,one_slider,
127,condition1,n,q,nDq,D,conductor,0.19,10,one_slider,
127,condition1,n,a,nQa,Q,pilot,0.23,11,one_slider,
127,condition1,y,a,yDa,D,priest,0.87,12,one_slider,
127,condition1,n,a,nQa,Q,groom,0.95,13,one_slider,
127,condition1,y,a,yQa,Q,pianist,1,14,one_slider,
127,condition1,n,a,nDa,D,chief,0.37,15,one_slider,
127,condition1,y,a,yQa,Q,playwright,0.16,16,one_slider,
127,condition1,f,l,filler,i,filler6,0,17,one_slider,
127,condition1,n,q,nQq,Q,troopleader,0.84,18,one_slider,
127,condition1,y,q,yDq,D,patient,0.23,19,one_slider,
127,condition1,y,a,yQa,Q,fan,1,20,one_slider,
127,condition1,f,l,filler,i,filler5,0,21,one_slider,
127,condition1,y,a,yDa,D,CEO,0.16,22,one_slider,
127,condition1,n,q,nDq,D,travelagent,1,23,one_slider,
127,condition1,f,l,filler,i,filler4,0.43,24,one_slider,
127,condition1,n,q,nQq,Q,professor,0.99,25,one_slider,
127,condition1,y,q,yDq,D,dentist,1,26,one_slider,
127,condition1,f,l,filler,i,filler2,0,27,one_slider,
127,condition1,y,q,yQq,Q,doctor,0.83,28,one_slider,
127,condition1,y,a,yDa,D,choreographer,1,29,one_slider,
127,condition1,n,q,nDq,D,bartender,1,30,one_slider,
127,condition1,y,q,yQq,Q,nutritionist,0.35,31,one_slider,
127,condition1,y,q,yQq,Q,artist,0.99,32,one_slider,
127,condition1,n,q,nQq,Q,chef,0.05,33,one_slider,
127,condition1,f,l,filler,i,filler1,1,34,one_slider,
127,condition1,n,a,nDa,D,coach,1,35,one_slider,
38,condition1,,,,,,0.86,,one_slider_practice,
38,condition1,,,,,,0.92,,one_slider_practice,
38,condition1,y,q,yQq,Q,queen,0.7,6,one_slider,
38,condition1,f,l,filler,i,filler5,0.27,7,one_slider,
38,condition1,y,q,yDq,D,stylist,0.51,8,one_slider,
38,condition1,f,l,filler,i,filler2,0.53,9,one_slider,
38,condition1,n,q,nQq,Q,pilot,0.94,10,one_slider,
38,condition1,y,a,yQa,Q,chef,0.31,11,one_slider,
38,condition1,y,a,yQa,Q,nutritionist,0.13,12,one_slider,
38,condition1,f,l,filler,i,filler6,0.04,13,one_slider,
38,condition1,f,l,filler,i,filler4,0.18,14,one_slider,
38,condition1,y,q,yDq,D,playwright,0.47,15,one_slider,
38,condition1,n,q,nQq,Q,troopleader,0.82,16,one_slider,
38,condition1,y,q,yQq,Q,patient,0.57,17,one_slider,
38,condition1,y,a,yDa,D,doctor,0.8,18,one_slider,
38,condition1,n,a,nDa,D,travelagent,0.88,19,one_slider,
38,condition1,n,q,nQq,Q,bartender,0.95,20,one_slider,
38,condition1,y,a,yDa,D,fan,0.8,21,one_slider,
38,condition1,n,q,nDq,D,scientist,0.8,22,one_slider,
38,condition1,y,q,yDq,D,chief,0.67,23,one_slider,
38,condition1,n,q,nDq,D,artist,0.84,24,one_slider,
38,condition1,n,q,nDq,D,groom,0.18,25,one_slider,
38,condition1,f,l,filler,i,filler1,1,26,one_slider,
38,condition1,n,a,nQa,Q,pianist,0.74,27,one_slider,
38,condition1,n,a,nQa,Q,choreographer,0.75,28,one_slider,
38,condition1,n,a,nDa,D,conductor,0.76,29,one_slider,
38,condition1,n,a,nQa,Q,priest,0.37,30,one_slider,
38,condition1,n,a,nDa,D,coach,0.86,31,one_slider,
38,condition1,f,l,filler,i,filler3,0.91,32,one_slider,
38,condition1,y,q,yQq,Q,dentist,0.27,33,one_slider,
38,condition1,y,a,yQa,Q,professor,0.49,34,one_slider,
38,condition1,y,a,yDa,D,CEO,0.76,35,one_slider,
131,condition1,,,,,,0.57,,one_slider_practice,
131,condition1,,,,,,0.67,,one_slider_practice,
131,condition1,y,q,yDq,D,choreographer,0.37,6,one_slider,
131,condition1,n,a,nDa,D,troopleader,0.56,7,one_slider,
131,condition1,y,a,yQa,Q,professor,0.29,8,one_slider,
131,condition1,n,q,nQq,Q,pilot,0.42,9,one_slider,
131,condition1,n,q,nDq,D,travelagent,0.21,10,one_slider,
131,condition1,f,l,filler,i,filler3,0.65,11,one_slider,
131,condition1,n,q,nQq,Q,conductor,0.24,12,one_slider,
131,condition1,n,a,nQa,Q,dentist,0.35,13,one_slider,
131,condition1,f,l,filler,i,filler5,0,14,one_slider,
131,condition1,f,l,filler,i,filler4,0,15,one_slider,
131,condition1,n,a,nDa,D,patient,0.14,16,one_slider,
131,condition1,y,q,yDq,D,chief,0.21,17,one_slider,
131,condition1,y,a,yQa,Q,nutritionist,0.32,18,one_slider,
131,condition1,n,q,nDq,D,CEO,0.74,19,one_slider,
131,condition1,y,a,yQa,Q,chef,0.57,20,one_slider,
131,condition1,f,l,filler,i,filler6,0.09,21,one_slider,
131,condition1,y,q,yQq,Q,priest,0.57,22,one_slider,
131,condition1,n,a,nQa,Q,artist,0.75,23,one_slider,
131,condition1,f,l,filler,i,filler2,0.51,24,one_slider,
131,condition1,y,q,yDq,D,fan,0.36,25,one_slider,
131,condition1,n,q,nDq,D,stylist,0.56,26,one_slider,
131,condition1,n,q,nQq,Q,queen,0.48,27,one_slider,
131,condition1,y,q,yQq,Q,scientist,0.43,28,one_slider,
131,condition1,y,a,yDa,D,coach,0.73,29,one_slider,
131,condition1,f,l,filler,i,filler1,0.76,30,one_slider,
131,condition1,y,q,yQq,Q,playwright,0.57,31,one_slider,
131,condition1,n,a,nDa,D,bartender,0.7,32,one_slider,
131,condition1,y,a,yDa,D,doctor,0.37,33,one_slider,
131,condition1,y,a,yDa,D,groom,0.12,34,one_slider,
131,condition1,n,a,nQa,Q,pianist,0.58,35,one_slider,
56,condition1,,,,,,0.91,,one_slider_practice,
56,condition1,,,,,,1,,one_slider_practice,
56,condition1,y,q,yQq,Q,pilot,0.09,6,one_slider,
56,condition1,n,a,nQa,Q,artist,0.8,7,one_slider,
56,condition1,f,l,filler,i,filler3,1,8,one_slider,
56,condition1,n,q,nQq,Q,CEO,0.76,9,one_slider,
56,condition1,n,q,nDq,D,chief,0.49,10,one_slider,
56,condition1,n,a,nDa,D,groom,0.7,11,one_slider,
56,condition1,y,q,yQq,Q,bartender,0.42,12,one_slider,
56,condition1,y,a,yDa,D,fan,0.78,13,one_slider,
56,condition1,y,a,yDa,D,conductor,1,14,one_slider,
56,condition1,y,q,yDq,D,choreographer,1,15,one_slider,
56,condition1,y,a,yQa,Q,playwright,0.75,16,one_slider,
56,condition1,n,q,nQq,Q,priest,0.72,17,one_slider,
56,condition1,n,q,nDq,D,chef,0.73,18,one_slider,
56,condition1,y,a,yQa,Q,travelagent,0.81,19,one_slider,
56,condition1,y,q,yDq,D,patient,0.72,20,one_slider,
56,condition1,y,q,yQq,Q,doctor,0.77,21,one_slider,
56,condition1,f,l,filler,i,filler2,0.84,22,one_slider,
56,condition1,f,l,filler,i,filler6,0.06,23,one_slider,
56,condition1,n,q,nQq,Q,troopleader,0.89,24,one_slider,
56,condition1,f,l,filler,i,filler1,1,25,one_slider,
56,condition1,n,a,nQa,Q,professor,0.94,26,one_slider,
56,condition1,y,q,yDq,D,dentist,0.57,27,one_slider,
56,condition1,f,l,filler,i,filler4,0.11,28,one_slider,
56,condition1,f,l,filler,i,filler5,0.12,29,one_slider,
56,condition1,y,a,yDa,D,queen,0.93,30,one_slider,
56,condition1,y,a,yQa,Q,scientist,0.73,31,one_slider,
56,condition1,n,a,nDa,D,coach,0.86,32,one_slider,
56,condition1,n,a,nDa,D,nutritionist,0.81,33,one_slider,
56,condition1,n,a,nQa,Q,stylist,0.53,34,one_slider,
56,condition1,n,q,nDq,D,pianist,0.65,35,one_slider,
126,condition1,,,,,,1,,one_slider_practice,
126,condition1,,,,,,0.92,,one_slider_practice,
126,condition1,y,q,yQq,Q,coach,0.94,6,one_slider,
126,condition1,n,a,nQa,Q,fan,0.69,7,one_slider,
126,condition1,n,q,nQq,Q,stylist,0.79,8,one_slider,
126,condition1,n,q,nDq,D,queen,0.79,9,one_slider,
126,condition1,f,l,filler,i,filler1,0.79,10,one_slider,
126,condition1,y,q,yDq,D,doctor,0.8,11,one_slider,
126,condition1,n,a,nQa,Q,groom,0.03,12,one_slider,
126,condition1,y,a,yQa,Q,artist,0.73,13,one_slider,
126,condition1,y,a,yQa,Q,pianist,0.71,14,one_slider,
126,condition1,y,a,yDa,D,travelagent,0.58,15,one_slider,
126,condition1,f,l,filler,i,filler3,0.51,16,one_slider,
126,condition1,n,q,nDq,D,pilot,0.34,17,one_slider,
126,condition1,n,q,nQq,Q,priest,0.05,18,one_slider,
126,condition1,n,a,nDa,D,patient,0.77,19,one_slider,
126,condition1,f,l,filler,i,filler5,0.05,20,one_slider,
126,condition1,f,l,filler,i,filler2,0.06,21,one_slider,
126,condition1,y,q,yDq,D,scientist,0.08,22,one_slider,
126,condition1,y,a,yQa,Q,dentist,0.02,23,one_slider,
126,condition1,n,q,nDq,D,bartender,0.85,24,one_slider,
126,condition1,n,a,nDa,D,chef,0.37,25,one_slider,
126,condition1,y,q,yQq,Q,CEO,0.82,26,one_slider,
126,condition1,n,q,nQq,Q,choreographer,0.21,27,one_slider,
126,condition1,y,a,yDa,D,professor,0.69,28,one_slider,
126,condition1,n,a,nDa,D,nutritionist,0.27,29,one_slider,
126,condition1,y,q,yQq,Q,troopleader,0.33,30,one_slider,
126,condition1,y,q,yDq,D,chief,0.48,31,one_slider,
126,condition1,y,a,yDa,D,playwright,0.58,32,one_slider,
126,condition1,n,a,nQa,Q,conductor,0.74,33,one_slider,
126,condition1,f,l,filler,i,filler4,0,34,one_slider,
126,condition1,f,l,filler,i,filler6,0,35,one_slider,
122,condition1,,,,,,1,,one_slider_practice,
122,condition1,,,,,,0.86,,one_slider_practice,
122,condition1,y,q,yQq,Q,doctor,0.67,6,one_slider,
122,condition1,f,l,filler,i,filler3,0.25,7,one_slider,
122,condition1,n,q,nQq,Q,professor,0.29,8,one_slider,
122,condition1,n,a,nQa,Q,travelagent,0.31,9,one_slider,
122,condition1,n,q,nDq,D,pilot,0.21,10,one_slider,
122,condition1,n,q,nDq,D,chief,0.69,11,one_slider,
122,condition1,f,l,filler,i,filler4,0.77,12,one_slider,
122,condition1,f,l,filler,i,filler5,0.34,13,one_slider,
122,condition1,n,q,nQq,Q,artist,0.72,14,one_slider,
122,condition1,f,l,filler,i,filler1,0.74,15,one_slider,
122,condition1,n,a,nDa,D,dentist,0.21,16,one_slider,
122,condition1,y,q,yQq,Q,playwright,0.76,17,one_slider,
122,condition1,y,a,yDa,D,conductor,0.55,18,one_slider,
122,condition1,f,l,filler,i,filler6,0.15,19,one_slider,
122,condition1,n,a,nQa,Q,groom,0.72,20,one_slider,
122,condition1,n,q,nDq,D,choreographer,0.74,21,one_slider,
122,condition1,y,q,yDq,D,stylist,0.46,22,one_slider,
122,condition1,y,a,yQa,Q,pianist,0.59,23,one_slider,
122,condition1,n,a,nQa,Q,nutritionist,0.31,24,one_slider,
122,condition1,n,q,nQq,Q,scientist,0.74,25,one_slider,
122,condition1,f,l,filler,i,filler2,0.76,26,one_slider,
122,condition1,y,a,yDa,D,troopleader,0.78,27,one_slider,
122,condition1,y,q,yQq,Q,coach,0.74,28,one_slider,
122,condition1,y,q,yDq,D,priest,0.86,29,one_slider,
122,condition1,n,a,nDa,D,queen,0.75,30,one_slider,
122,condition1,y,a,yQa,Q,chef,0.78,31,one_slider,
122,condition1,y,a,yQa,Q,fan,0.57,32,one_slider,
122,condition1,y,q,yDq,D,patient,0.77,33,one_slider,
122,condition1,y,a,yDa,D,bartender,0.76,34,one_slider,
122,condition1,n,a,nDa,D,CEO,0.79,35,one_slider,
102,condition1,,,,,,0.91,,one_slider_practice,
102,condition1,,,,,,0.86,,one_slider_practice,
102,condition1,n,a,nDa,D,bartender,0.68,6,one_slider,
102,condition1,n,a,nDa,D,chief,0.5,7,one_slider,
102,condition1,y,a,yDa,D,scientist,0.04,8,one_slider,
102,condition1,n,a,nQa,Q,troopleader,0.26,9,one_slider,
102,condition1,f,l,filler,i,filler5,0.04,10,one_slider,
102,condition1,n,a,nDa,D,conductor,0.08,11,one_slider,
102,condition1,y,q,yDq,D,dentist,0.04,12,one_slider,
102,condition1,n,q,nDq,D,coach,0.06,13,one_slider,
102,condition1,n,q,nQq,Q,doctor,0.1,14,one_slider,
102,condition1,f,l,filler,i,filler1,0.03,15,one_slider,
102,condition1,f,l,filler,i,filler3,0.01,16,one_slider,
102,condition1,n,q,nQq,Q,pianist,0.47,17,one_slider,
102,condition1,y,q,yDq,D,professor,0.54,18,one_slider,
102,condition1,n,q,nDq,D,CEO,0.49,19,one_slider,
102,condition1,y,a,yQa,Q,playwright,0.5,20,one_slider,
102,condition1,f,l,filler,i,filler2,0.45,21,one_slider,
102,condition1,y,a,yDa,D,chef,0.36,22,one_slider,
102,condition1,y,a,yQa,Q,priest,0.94,23,one_slider,
102,condition1,n,q,nQq,Q,stylist,0.4,24,one_slider,
102,condition1,y,q,yDq,D,choreographer,0.24,25,one_slider,
102,condition1,y,a,yQa,Q,pilot,0.34,26,one_slider,
102,condition1,y,q,yQq,Q,groom,0.38,27,one_slider,
102,condition1,y,a,yDa,D,patient,0.99,28,one_slider,
102,condition1,y,q,yQq,Q,fan,0.88,29,one_slider,
102,condition1,n,a,nQa,Q,queen,0.44,30,one_slider,
102,condition1,n,a,nQa,Q,nutritionist,0.19,31,one_slider,
102,condition1,y,q,yQq,Q,artist,0.66,32,one_slider,
102,condition1,n,q,nDq,D,travelagent,0.33,33,one_slider,
102,condition1,f,l,filler,i,filler6,0.64,34,one_slider,
102,condition1,f,l,filler,i,filler4,0.39,35,one_slider,
59,condition1,,,,,,1,,one_slider_practice,
59,condition1,,,,,,1,,one_slider_practice,
59,condition1,y,a,yDa,D,travelagent,0.78,6,one_slider,
59,condition1,y,a,yQa,Q,artist,1,7,one_slider,
59,condition1,f,l,filler,i,filler5,0,8,one_slider,
59,condition1,y,q,yQq,Q,doctor,1,9,one_slider,
59,condition1,f,l,filler,i,filler2,0.4,10,one_slider,
59,condition1,n,q,nQq,Q,professor,0.89,11,one_slider,
59,condition1,y,q,yQq,Q,conductor,0.79,12,one_slider,
59,condition1,y,q,yDq,D,groom,1,13,one_slider,
59,condition1,f,l,filler,i,filler3,1,14,one_slider,
59,condition1,y,a,yQa,Q,bartender,1,15,one_slider,
59,condition1,n,a,nDa,D,pilot,1,16,one_slider,
59,condition1,y,a,yDa,D,chief,1,17,one_slider,
59,condition1,n,a,nQa,Q,scientist,1,18,one_slider,
59,condition1,f,l,filler,i,filler6,0,19,one_slider,
59,condition1,f,l,filler,i,filler1,1,20,one_slider,
59,condition1,n,a,nDa,D,nutritionist,0.83,21,one_slider,
59,condition1,y,a,yDa,D,choreographer,0.84,22,one_slider,
59,condition1,f,l,filler,i,filler4,0,23,one_slider,
59,condition1,n,q,nDq,D,troopleader,1,24,one_slider,
59,condition1,n,a,nQa,Q,CEO,1,25,one_slider,
59,condition1,n,q,nQq,Q,fan,0.71,26,one_slider,
59,condition1,n,a,nDa,D,queen,1,27,one_slider,
59,condition1,n,q,nDq,D,priest,1,28,one_slider,
59,condition1,y,q,yQq,Q,pianist,1,29,one_slider,
59,condition1,y,q,yDq,D,dentist,0.4,30,one_slider,
59,condition1,n,q,nDq,D,playwright,1,31,one_slider,
59,condition1,n,q,nQq,Q,stylist,0.99,32,one_slider,
59,condition1,y,a,yQa,Q,coach,1,33,one_slider,
59,condition1,y,q,yDq,D,patient,0.54,34,one_slider,
59,condition1,n,a,nQa,Q,chef,1,35,one_slider,
73,condition1,,,,,,0.33,,one_slider_practice,
73,condition1,,,,,,0.72,,one_slider_practice,
73,condition1,y,a,yDa,D,conductor,0.26,6,one_slider,
73,condition1,y,a,yQa,Q,stylist,0.53,7,one_slider,
73,condition1,n,q,nQq,Q,queen,0.63,8,one_slider,
73,condition1,y,q,yDq,D,professor,0.29,9,one_slider,
73,condition1,n,q,nDq,D,pianist,0.54,10,one_slider,
73,condition1,y,q,yQq,Q,choreographer,0.18,11,one_slider,
73,condition1,y,q,yDq,D,travelagent,0.24,12,one_slider,
73,condition1,n,q,nDq,D,chief,0.62,13,one_slider,
73,condition1,n,a,nDa,D,doctor,0.55,14,one_slider,
73,condition1,y,a,yDa,D,scientist,0.86,15,one_slider,
73,condition1,n,a,nQa,Q,troopleader,0.59,16,one_slider,
73,condition1,n,q,nQq,Q,patient,0.27,17,one_slider,
73,condition1,y,q,yQq,Q,CEO,0.39,18,one_slider,
73,condition1,y,q,yQq,Q,artist,0.51,19,one_slider,
73,condition1,n,q,nQq,Q,nutritionist,0.55,20,one_slider,
73,condition1,y,a,yQa,Q,pilot,0.24,21,one_slider,
73,condition1,f,l,filler,i,filler6,0.23,22,one_slider,
73,condition1,n,a,nQa,Q,coach,0.67,23,one_slider,
73,condition1,f,l,filler,i,filler4,0.11,24,one_slider,
73,condition1,n,q,nDq,D,dentist,0.23,25,one_slider,
73,condition1,y,a,yQa,Q,groom,0.01,26,one_slider,
73,condition1,n,a,nDa,D,fan,0.41,27,one_slider,
73,condition1,n,a,nQa,Q,bartender,0.46,28,one_slider,
73,condition1,y,q,yDq,D,playwright,0.59,29,one_slider,
73,condition1,f,l,filler,i,filler5,0.56,30,one_slider,
73,condition1,f,l,filler,i,filler3,0.15,31,one_slider,
73,condition1,n,a,nDa,D,chef,0.48,32,one_slider,
73,condition1,f,l,filler,i,filler1,0.12,33,one_slider,
73,condition1,y,a,yDa,D,priest,0.61,34,one_slider,
73,condition1,f,l,filler,i,filler2,0.05,35,one_slider,
98,condition1,,,,,,0.61,,one_slider_practice,
98,condition1,,,,,,0.8,,one_slider_practice,
98,condition1,n,a,nDa,D,priest,0.39,6,one_slider,
98,condition1,n,q,nDq,D,troopleader,0.68,7,one_slider,
98,condition1,y,q,yQq,Q,stylist,0.18,8,one_slider,
98,condition1,y,a,yDa,D,CEO,0.57,9,one_slider,
98,condition1,y,q,yDq,D,pianist,0.13,10,one_slider,
98,condition1,y,a,yDa,D,travelagent,0.58,11,one_slider,
98,condition1,n,a,nDa,D,coach,0.7,12,one_slider,
98,condition1,f,l,filler,i,filler5,0.07,13,one_slider,
98,condition1,y,a,yDa,D,doctor,0.74,14,one_slider,
98,condition1,f,l,filler,i,filler2,0.68,15,one_slider,
98,condition1,y,a,yQa,Q,queen,0.28,16,one_slider,
98,condition1,n,a,nQa,Q,patient,0.74,17,one_slider,
98,condition1,n,q,nDq,D,bartender,0.87,18,one_slider,
98,condition1,y,a,yQa,Q,pilot,0.31,19,one_slider,
98,condition1,n,q,nQq,Q,nutritionist,0.67,20,one_slider,
98,condition1,n,q,nQq,Q,scientist,0.87,21,one_slider,
98,condition1,n,a,nQa,Q,chief,0.7,22,one_slider,
98,condition1,n,a,nQa,Q,conductor,0.61,23,one_slider,
98,condition1,y,q,yQq,Q,artist,0.93,24,one_slider,
98,condition1,f,l,filler,i,filler1,0.64,25,one_slider,
98,condition1,n,a,nDa,D,professor,0.63,26,one_slider,
98,condition1,y,q,yQq,Q,fan,0.35,27,one_slider,
98,condition1,f,l,filler,i,filler6,0.07,28,one_slider,
98,condition1,y,q,yDq,D,groom,0.38,29,one_slider,
98,condition1,f,l,filler,i,filler3,0.52,30,one_slider,
98,condition1,n,q,nQq,Q,dentist,0.57,31,one_slider,
98,condition1,f,l,filler,i,filler4,0,32,one_slider,
98,condition1,y,q,yDq,D,choreographer,0.72,33,one_slider,
98,condition1,n,q,nDq,D,playwright,0.81,34,one_slider,
98,condition1,y,a,yQa,Q,chef,0.48,35,one_slider,
55,condition1,,,,,,0.96,,one_slider_practice,
55,condition1,,,,,,1,,one_slider_practice,
55,condition1,y,q,yQq,Q,travelagent,0.27,6,one_slider,
55,condition1,y,a,yDa,D,coach,0.97,7,one_slider,
55,condition1,y,a,yQa,Q,stylist,0.79,8,one_slider,
55,condition1,n,a,nDa,D,troopleader,0.35,9,one_slider,
55,condition1,n,a,nQa,Q,pianist,0.71,10,one_slider,
55,condition1,y,a,yDa,D,CEO,0.45,11,one_slider,
55,condition1,n,a,nDa,D,priest,0.84,12,one_slider,
55,condition1,n,q,nQq,Q,choreographer,0,13,one_slider,
55,condition1,n,a,nDa,D,nutritionist,0.72,14,one_slider,
55,condition1,y,q,yQq,Q,professor,0.22,15,one_slider,
55,condition1,n,q,nDq,D,artist,1,16,one_slider,
55,condition1,n,a,nQa,Q,groom,0.62,17,one_slider,
55,condition1,y,q,yDq,D,pilot,0.66,18,one_slider,
55,condition1,f,l,filler,i,filler2,0.72,19,one_slider,
55,condition1,f,l,filler,i,filler6,0,20,one_slider,
55,condition1,f,l,filler,i,filler4,0,21,one_slider,
55,condition1,f,l,filler,i,filler3,0.29,22,one_slider,
55,condition1,n,q,nDq,D,fan,0.71,23,one_slider,
55,condition1,y,a,yDa,D,bartender,0.77,24,one_slider,
55,condition1,n,a,nQa,Q,chef,0.67,25,one_slider,
55,condition1,n,q,nQq,Q,scientist,0.56,26,one_slider,
55,condition1,y,q,yDq,D,dentist,0.57,27,one_slider,
55,condition1,y,a,yQa,Q,doctor,0.54,28,one_slider,
55,condition1,y,q,yDq,D,patient,0.78,29,one_slider,
55,condition1,y,q,yQq,Q,conductor,0.23,30,one_slider,
55,condition1,f,l,filler,i,filler5,0,31,one_slider,
55,condition1,n,q,nDq,D,queen,0.76,32,one_slider,
55,condition1,n,q,nQq,Q,chief,0.76,33,one_slider,
55,condition1,f,l,filler,i,filler1,0.77,34,one_slider,
55,condition1,y,a,yQa,Q,playwright,0.66,35,one_slider,
70,condition1,,,,,,0.31,,one_slider_practice,
70,condition1,,,,,,0.68,,one_slider_practice,
70,condition1,f,l,filler,i,filler2,0.05,6,one_slider,
70,condition1,n,q,nDq,D,doctor,0.45,7,one_slider,
70,condition1,n,q,nQq,Q,fan,0.23,8,one_slider,
70,condition1,f,l,filler,i,filler4,0.32,9,one_slider,
70,condition1,y,a,yQa,Q,choreographer,0.11,10,one_slider,
70,condition1,y,a,yDa,D,troopleader,0.48,11,one_slider,
70,condition1,f,l,filler,i,filler5,0.05,12,one_slider,
70,condition1,n,q,nQq,Q,bartender,0.79,13,one_slider,
70,condition1,y,a,yQa,Q,playwright,0.73,14,one_slider,
70,condition1,y,a,yDa,D,chef,0.5,15,one_slider,
70,condition1,y,a,yQa,Q,priest,0.29,16,one_slider,
70,condition1,y,q,yQq,Q,scientist,0.56,17,one_slider,
70,condition1,n,a,nQa,Q,pianist,0.56,18,one_slider,
70,condition1,y,q,yDq,D,pilot,0.15,19,one_slider,
70,condition1,n,a,nQa,Q,queen,0.15,20,one_slider,
70,condition1,f,l,filler,i,filler3,0.12,21,one_slider,
70,condition1,y,a,yDa,D,stylist,0.14,22,one_slider,
70,condition1,n,a,nDa,D,nutritionist,0.16,23,one_slider,
70,condition1,y,q,yQq,Q,chief,0.27,24,one_slider,
70,condition1,y,q,yQq,Q,coach,0.29,25,one_slider,
70,condition1,y,q,yDq,D,dentist,0.15,26,one_slider,
70,condition1,n,a,nQa,Q,patient,0.52,27,one_slider,
70,condition1,n,q,nQq,Q,artist,0.49,28,one_slider,
70,condition1,f,l,filler,i,filler6,0.26,29,one_slider,
70,condition1,y,q,yDq,D,professor,0.38,30,one_slider,
70,condition1,n,a,nDa,D,travelagent,0.65,31,one_slider,
70,condition1,n,q,nDq,D,CEO,0.79,32,one_slider,
70,condition1,f,l,filler,i,filler1,0.5,33,one_slider,
70,condition1,n,q,nDq,D,conductor,0.23,34,one_slider,
70,condition1,n,a,nDa,D,groom,0.07,35,one_slider,
58,condition1,,,,,,0,,one_slider_practice,
58,condition1,,,,,,1,,one_slider_practice,
58,condition1,n,a,nQa,Q,priest,0.84,6,one_slider,
58,condition1,f,l,filler,i,filler5,0,7,one_slider,
58,condition1,y,q,yQq,Q,pilot,0.48,8,one_slider,
58,condition1,y,a,yQa,Q,CEO,0.65,9,one_slider,
58,condition1,f,l,filler,i,filler6,0.5,10,one_slider,
58,condition1,y,q,yQq,Q,travelagent,0.67,11,one_slider,
58,condition1,y,q,yDq,D,chief,0.69,12,one_slider,
58,condition1,n,a,nDa,D,doctor,1,13,one_slider,
58,condition1,y,a,yDa,D,professor,0.89,14,one_slider,
58,condition1,y,q,yQq,Q,conductor,0.98,15,one_slider,
58,condition1,y,q,yDq,D,nutritionist,0.77,16,one_slider,
58,condition1,f,l,filler,i,filler3,1,17,one_slider,
58,condition1,f,l,filler,i,filler4,0,18,one_slider,
58,condition1,n,q,nQq,Q,dentist,0.67,19,one_slider,
58,condition1,n,a,nDa,D,playwright,0.89,20,one_slider,
58,condition1,n,a,nQa,Q,artist,1,21,one_slider,
58,condition1,f,l,filler,i,filler2,1,22,one_slider,
58,condition1,y,q,yDq,D,coach,0.5,23,one_slider,
58,condition1,n,q,nDq,D,troopleader,1,24,one_slider,
58,condition1,y,a,yQa,Q,queen,0.62,25,one_slider,
58,condition1,n,q,nQq,Q,patient,0.33,26,one_slider,
58,condition1,y,a,yDa,D,stylist,1,27,one_slider,
58,condition1,y,a,yQa,Q,pianist,0.52,28,one_slider,
58,condition1,f,l,filler,i,filler1,1,29,one_slider,
58,condition1,n,q,nQq,Q,groom,0.59,30,one_slider,
58,condition1,n,q,nDq,D,scientist,1,31,one_slider,
58,condition1,n,a,nQa,Q,bartender,0.88,32,one_slider,
58,condition1,y,a,yDa,D,chef,0.82,33,one_slider,
58,condition1,n,q,nDq,D,fan,0.87,34,one_slider,
58,condition1,n,a,nDa,D,choreographer,0.87,35,one_slider,
32,condition1,,,,,,0.72,,one_slider_practice,
32,condition1,,,,,,1,,one_slider_practice,
32,condition1,f,l,filler,i,filler2,0,6,one_slider,
32,condition1,f,l,filler,i,filler4,1,7,one_slider,
32,condition1,y,a,yDa,D,chief,0.76,8,one_slider,
32,condition1,y,a,yDa,D,professor,0.33,9,one_slider,
32,condition1,n,q,nQq,Q,priest,0.68,10,one_slider,
32,condition1,y,a,yDa,D,doctor,0.84,11,one_slider,
32,condition1,n,a,nQa,Q,bartender,1,12,one_slider,
32,condition1,n,a,nDa,D,artist,1,13,one_slider,
32,condition1,f,l,filler,i,filler3,0,14,one_slider,
32,condition1,n,a,nQa,Q,troopleader,0.39,15,one_slider,
32,condition1,n,a,nQa,Q,conductor,0.66,16,one_slider,
32,condition1,y,q,yQq,Q,groom,0.67,17,one_slider,
32,condition1,f,l,filler,i,filler5,0.23,18,one_slider,
32,condition1,n,a,nDa,D,coach,0.5,19,one_slider,
32,condition1,y,q,yQq,Q,nutritionist,0.64,20,one_slider,
32,condition1,f,l,filler,i,filler6,0,21,one_slider,
32,condition1,n,q,nQq,Q,dentist,0.23,22,one_slider,
32,condition1,n,q,nQq,Q,chef,0.56,23,one_slider,
32,condition1,n,q,nDq,D,scientist,0.73,24,one_slider,
32,condition1,y,q,yDq,D,pilot,0.47,25,one_slider,
32,condition1,n,q,nDq,D,choreographer,0.09,26,one_slider,
32,condition1,n,a,nDa,D,patient,0.86,27,one_slider,
32,condition1,f,l,filler,i,filler1,0.64,28,one_slider,
32,condition1,y,a,yQa,Q,travelagent,0.32,29,one_slider,
32,condition1,y,q,yDq,D,stylist,0,30,one_slider,
32,condition1,y,a,yQa,Q,fan,0.08,31,one_slider,
32,condition1,y,q,yDq,D,playwright,0.5,32,one_slider,
32,condition1,y,a,yQa,Q,pianist,0.61,33,one_slider,
32,condition1,n,q,nDq,D,queen,0.58,34,one_slider,
32,condition1,y,q,yQq,Q,CEO,0.73,35,one_slider,
116,condition1,,,,,,0.81,,one_slider_practice,
116,condition1,,,,,,0.51,,one_slider_practice,
116,condition1,n,q,nDq,D,bartender,1,6,one_slider,
116,condition1,f,l,filler,i,filler4,0.04,7,one_slider,
116,condition1,y,a,yQa,Q,dentist,0,8,one_slider,
116,condition1,n,q,nQq,Q,coach,1,9,one_slider,
116,condition1,n,a,nQa,Q,groom,0.23,10,one_slider,
116,condition1,f,l,filler,i,filler1,1,11,one_slider,
116,condition1,y,a,yDa,D,choreographer,0.48,12,one_slider,
116,condition1,y,a,yDa,D,chief,0.04,13,one_slider,
116,condition1,n,q,nQq,Q,playwright,1,14,one_slider,
116,condition1,y,q,yDq,D,doctor,1,15,one_slider,
116,condition1,y,a,yDa,D,priest,1,16,one_slider,
116,condition1,f,l,filler,i,filler5,0,17,one_slider,
116,condition1,y,q,yDq,D,nutritionist,0,18,one_slider,
116,condition1,y,q,yQq,Q,queen,1,19,one_slider,
116,condition1,y,a,yQa,Q,scientist,1,20,one_slider,
116,condition1,n,a,nDa,D,troopleader,0.73,21,one_slider,
116,condition1,n,a,nDa,D,travelagent,1,22,one_slider,
116,condition1,f,l,filler,i,filler3,0,23,one_slider,
116,condition1,f,l,filler,i,filler6,0,24,one_slider,
116,condition1,f,l,filler,i,filler2,0.51,25,one_slider,
116,condition1,y,q,yQq,Q,CEO,1,26,one_slider,
116,condition1,n,q,nDq,D,pilot,0.26,27,one_slider,
116,condition1,n,a,nDa,D,chef,1,28,one_slider,
116,condition1,n,q,nDq,D,patient,1,29,one_slider,
116,condition1,y,q,yDq,D,pianist,1,30,one_slider,
116,condition1,y,q,yQq,Q,conductor,0.56,31,one_slider,
116,condition1,y,a,yQa,Q,stylist,1,32,one_slider,
116,condition1,n,a,nQa,Q,artist,1,33,one_slider,
116,condition1,n,a,nQa,Q,professor,1,34,one_slider,
116,condition1,n,q,nQq,Q,fan,1,35,one_slider,
132,condition1,,,,,,0.04,,one_slider_practice,
132,condition1,,,,,,1,,one_slider_practice,
132,condition1,y,a,yQa,Q,coach,0.39,6,one_slider,
132,condition1,y,a,yDa,D,travelagent,0.25,7,one_slider,
132,condition1,n,a,nQa,Q,groom,0.73,8,one_slider,
132,condition1,f,l,filler,i,filler5,0.23,9,one_slider,
132,condition1,y,a,yQa,Q,priest,0.78,10,one_slider,
132,condition1,n,a,nDa,D,playwright,0.95,11,one_slider,
132,condition1,y,q,yDq,D,fan,0.71,12,one_slider,
132,condition1,y,q,yQq,Q,nutritionist,0.8,13,one_slider,
132,condition1,n,a,nDa,D,chief,1,14,one_slider,
132,condition1,n,q,nDq,D,patient,0.89,15,one_slider,
132,condition1,y,q,yQq,Q,pilot,0.23,16,one_slider,
132,condition1,n,q,nDq,D,doctor,0.97,17,one_slider,
132,condition1,n,a,nDa,D,conductor,1,18,one_slider,
132,condition1,n,q,nQq,Q,pianist,0.94,19,one_slider,
132,condition1,f,l,filler,i,filler2,0.43,20,one_slider,
132,condition1,f,l,filler,i,filler3,0.58,21,one_slider,
132,condition1,n,a,nQa,Q,stylist,0.99,22,one_slider,
132,condition1,y,a,yQa,Q,scientist,0.66,23,one_slider,
132,condition1,f,l,filler,i,filler1,0.99,24,one_slider,
132,condition1,n,q,nDq,D,dentist,1,25,one_slider,
132,condition1,n,q,nQq,Q,chef,0.66,26,one_slider,
132,condition1,f,l,filler,i,filler4,0.73,27,one_slider,
132,condition1,y,a,yDa,D,professor,0.9,28,one_slider,
132,condition1,f,l,filler,i,filler6,0,29,one_slider,
132,condition1,y,q,yDq,D,CEO,0.98,30,one_slider,
132,condition1,y,q,yDq,D,choreographer,0.62,31,one_slider,
132,condition1,y,a,yDa,D,troopleader,0.87,32,one_slider,
132,condition1,y,q,yQq,Q,artist,0.67,33,one_slider,
132,condition1,n,a,nQa,Q,queen,0.96,34,one_slider,
132,condition1,n,q,nQq,Q,bartender,0.77,35,one_slider,
40,condition1,,,,,,0.04,,one_slider_practice,
40,condition1,,,,,,0.42,,one_slider_practice,
40,condition1,y,a,yQa,Q,travelagent,0.34,6,one_slider,
40,condition1,f,l,filler,i,filler4,0.66,7,one_slider,
40,condition1,f,l,filler,i,filler5,0.13,8,one_slider,
40,condition1,y,a,yDa,D,groom,0.87,9,one_slider,
40,condition1,y,q,yQq,Q,bartender,0.17,10,one_slider,
40,condition1,f,l,filler,i,filler3,0.05,11,one_slider,
40,condition1,n,a,nDa,D,conductor,0.79,12,one_slider,
40,condition1,f,l,filler,i,filler1,0.84,13,one_slider,
40,condition1,y,q,yQq,Q,coach,0.26,14,one_slider,
40,condition1,y,q,yQq,Q,doctor,0.89,15,one_slider,
40,condition1,y,q,yDq,D,patient,0.8,16,one_slider,
40,condition1,f,l,filler,i,filler2,0.2,17,one_slider,
40,condition1,n,q,nQq,Q,professor,0.29,18,one_slider,
40,condition1,n,a,nQa,Q,priest,0.75,19,one_slider,
40,condition1,f,l,filler,i,filler6,0.64,20,one_slider,
40,condition1,y,a,yQa,Q,choreographer,0.17,21,one_slider,
40,condition1,y,q,yDq,D,troopleader,0.2,22,one_slider,
40,condition1,n,q,nQq,Q,playwright,0.72,23,one_slider,
40,condition1,n,a,nQa,Q,pilot,0.59,24,one_slider,
40,condition1,n,q,nQq,Q,pianist,0.75,25,one_slider,
40,condition1,n,a,nDa,D,chef,0.78,26,one_slider,
40,condition1,n,q,nDq,D,queen,0.68,27,one_slider,
40,condition1,y,a,yQa,Q,artist,0.62,28,one_slider,
40,condition1,n,q,nDq,D,CEO,0.61,29,one_slider,
40,condition1,n,a,nQa,Q,stylist,0.4,30,one_slider,
40,condition1,y,q,yDq,D,fan,0.79,31,one_slider,
40,condition1,y,a,yDa,D,nutritionist,0.72,32,one_slider,
40,condition1,y,a,yDa,D,scientist,0.91,33,one_slider,
40,condition1,n,q,nDq,D,dentist,0.85,34,one_slider,
40,condition1,n,a,nDa,D,chief,0.64,35,one_slider,
62,condition1,,,,,,0.96,,one_slider_practice,
62,condition1,,,,,,0.88,,one_slider_practice,
62,condition1,y,a,yQa,Q,bartender,0.58,6,one_slider,
62,condition1,f,l,filler,i,filler6,0.37,7,one_slider,
62,condition1,f,l,filler,i,filler4,0.13,8,one_slider,
62,condition1,n,a,nDa,D,coach,0.9,9,one_slider,
62,condition1,y,q,yQq,Q,troopleader,0.47,10,one_slider,
62,condition1,y,a,yQa,Q,doctor,0.68,11,one_slider,
62,condition1,f,l,filler,i,filler2,0.67,12,one_slider,
62,condition1,y,q,yDq,D,dentist,0.74,13,one_slider,
62,condition1,y,q,yDq,D,queen,0.55,14,one_slider,
62,condition1,y,a,yQa,Q,chef,0.72,15,one_slider,
62,condition1,n,q,nDq,D,scientist,0.53,16,one_slider,
62,condition1,f,l,filler,i,filler1,1,17,one_slider,
62,condition1,n,q,nQq,Q,pilot,0.4,18,one_slider,
62,condition1,n,q,nQq,Q,fan,0.8,19,one_slider,
62,condition1,y,a,yDa,D,travelagent,0.8,20,one_slider,
62,condition1,n,a,nQa,Q,stylist,0.7,21,one_slider,
62,condition1,n,a,nQa,Q,pianist,0.8,22,one_slider,
62,condition1,y,a,yDa,D,artist,0.52,23,one_slider,
62,condition1,n,q,nDq,D,patient,0.94,24,one_slider,
62,condition1,y,a,yDa,D,nutritionist,0.49,25,one_slider,
62,condition1,n,a,nDa,D,CEO,0.5,26,one_slider,
62,condition1,f,l,filler,i,filler3,1,27,one_slider,
62,condition1,y,q,yDq,D,chief,0.67,28,one_slider,
62,condition1,y,q,yQq,Q,conductor,0.54,29,one_slider,
62,condition1,n,a,nDa,D,choreographer,0.86,30,one_slider,
62,condition1,n,q,nQq,Q,priest,0.69,31,one_slider,
62,condition1,y,q,yQq,Q,groom,0.44,32,one_slider,
62,condition1,n,a,nQa,Q,playwright,0.68,33,one_slider,
62,condition1,f,l,filler,i,filler5,0.41,34,one_slider,
62,condition1,n,q,nDq,D,professor,1,35,one_slider,
33,condition1,,,,,,0.12,,one_slider_practice,
33,condition1,,,,,,0.88,,one_slider_practice,
33,condition1,n,q,nQq,Q,groom,0.63,6,one_slider,
33,condition1,n,a,nQa,Q,chief,0.91,7,one_slider,
33,condition1,n,q,nDq,D,patient,0.89,8,one_slider,
33,condition1,y,q,yQq,Q,professor,0.55,9,one_slider,
33,condition1,y,q,yDq,D,doctor,0.36,10,one_slider,
33,condition1,n,q,nDq,D,chef,0.64,11,one_slider,
33,condition1,f,l,filler,i,filler2,0.17,12,one_slider,
33,condition1,y,a,yDa,D,pilot,0.33,13,one_slider,
33,condition1,y,a,yQa,Q,pianist,0.71,14,one_slider,
33,condition1,f,l,filler,i,filler5,0.42,15,one_slider,
33,condition1,y,a,yQa,Q,CEO,0.51,16,one_slider,
33,condition1,y,q,yQq,Q,priest,0.59,17,one_slider,
33,condition1,f,l,filler,i,filler1,0.58,18,one_slider,
33,condition1,n,q,nQq,Q,conductor,0.17,19,one_slider,
33,condition1,y,q,yDq,D,stylist,0.63,20,one_slider,
33,condition1,n,q,nQq,Q,playwright,0.43,21,one_slider,
33,condition1,n,a,nQa,Q,fan,0.83,22,one_slider,
33,condition1,n,a,nDa,D,bartender,0.9,23,one_slider,
33,condition1,n,a,nDa,D,troopleader,0.43,24,one_slider,
33,condition1,y,q,yDq,D,dentist,0.8,25,one_slider,
33,condition1,n,a,nDa,D,scientist,0.93,26,one_slider,
33,condition1,f,l,filler,i,filler6,0.24,27,one_slider,
33,condition1,n,a,nQa,Q,travelagent,0.81,28,one_slider,
33,condition1,f,l,filler,i,filler3,0.25,29,one_slider,
33,condition1,y,a,yQa,Q,choreographer,0.87,30,one_slider,
33,condition1,n,q,nDq,D,coach,0.22,31,one_slider,
33,condition1,y,a,yDa,D,nutritionist,0,32,one_slider,
33,condition1,y,a,yDa,D,queen,0.96,33,one_slider,
33,condition1,f,l,filler,i,filler4,0.97,34,one_slider,
33,condition1,y,q,yQq,Q,artist,0.91,35,one_slider,
124,condition1,,,,,,0.81,,one_slider_practice,
124,condition1,,,,,,1,,one_slider_practice,
124,condition1,f,l,filler,i,filler6,0,6,one_slider,
124,condition1,f,l,filler,i,filler2,0.65,7,one_slider,
124,condition1,y,a,yDa,D,groom,0.92,8,one_slider,
124,condition1,y,q,yDq,D,choreographer,1,9,one_slider,
124,condition1,y,q,yQq,Q,chief,0.95,10,one_slider,
124,condition1,y,q,yDq,D,scientist,0.78,11,one_slider,
124,condition1,y,q,yDq,D,artist,1,12,one_slider,
124,condition1,n,a,nDa,D,stylist,1,13,one_slider,
124,condition1,n,q,nDq,D,bartender,1,14,one_slider,
124,condition1,f,l,filler,i,filler3,1,15,one_slider,
124,condition1,f,l,filler,i,filler1,0.96,16,one_slider,
124,condition1,f,l,filler,i,filler5,0.33,17,one_slider,
124,condition1,n,a,nDa,D,troopleader,1,18,one_slider,
124,condition1,n,q,nQq,Q,patient,1,19,one_slider,
124,condition1,y,a,yQa,Q,CEO,0.92,20,one_slider,
124,condition1,y,a,yDa,D,playwright,1,21,one_slider,
124,condition1,n,q,nQq,Q,pilot,0.38,22,one_slider,
124,condition1,n,a,nQa,Q,dentist,0.88,23,one_slider,
124,condition1,n,a,nQa,Q,queen,1,24,one_slider,
124,condition1,n,a,nQa,Q,pianist,0.9,25,one_slider,
124,condition1,y,q,yQq,Q,chef,1,26,one_slider,
124,condition1,n,q,nDq,D,nutritionist,0.99,27,one_slider,
124,condition1,y,a,yQa,Q,priest,1,28,one_slider,
124,condition1,y,a,yDa,D,coach,1,29,one_slider,
124,condition1,y,a,yQa,Q,fan,0.98,30,one_slider,
124,condition1,n,a,nDa,D,doctor,1,31,one_slider,
124,condition1,f,l,filler,i,filler4,0.91,32,one_slider,
124,condition1,n,q,nQq,Q,professor,0.78,33,one_slider,
124,condition1,n,q,nDq,D,travelagent,0.96,34,one_slider,
124,condition1,y,q,yQq,Q,conductor,1,35,one_slider,
71,condition1,,,,,,0.38,,one_slider_practice,
71,condition1,,,,,,0.94,,one_slider_practice,
71,condition1,n,q,nQq,Q,queen,0.4,6,one_slider,
71,condition1,n,q,nQq,Q,nutritionist,0.05,7,one_slider,
71,condition1,y,q,yDq,D,professor,0.64,8,one_slider,
71,condition1,y,a,yQa,Q,priest,0.89,9,one_slider,
71,condition1,y,a,yDa,D,bartender,0.59,10,one_slider,
71,condition1,n,q,nDq,D,troopleader,0.82,11,one_slider,
71,condition1,n,q,nDq,D,travelagent,0.45,12,one_slider,
71,condition1,n,a,nQa,Q,pilot,0.17,13,one_slider,
71,condition1,y,a,yDa,D,dentist,0.43,14,one_slider,
71,condition1,f,l,filler,i,filler1,0.04,15,one_slider,
71,condition1,f,l,filler,i,filler4,0.08,16,one_slider,
71,condition1,y,q,yQq,Q,stylist,0.39,17,one_slider,
71,condition1,f,l,filler,i,filler6,0.06,18,one_slider,
71,condition1,n,a,nDa,D,chief,0.65,19,one_slider,
71,condition1,y,a,yDa,D,chef,0.86,20,one_slider,
71,condition1,n,q,nDq,D,CEO,0,21,one_slider,
71,condition1,y,q,yDq,D,scientist,0.23,22,one_slider,
71,condition1,y,q,yQq,Q,artist,0.55,23,one_slider,
71,condition1,y,q,yDq,D,pianist,0.15,24,one_slider,
71,condition1,f,l,filler,i,filler3,0.32,25,one_slider,
71,condition1,n,q,nQq,Q,conductor,0.58,26,one_slider,
71,condition1,y,q,yQq,Q,groom,0.17,27,one_slider,
71,condition1,n,a,nQa,Q,choreographer,0.45,28,one_slider,
71,condition1,n,a,nQa,Q,patient,0.83,29,one_slider,
71,condition1,n,a,nDa,D,doctor,0.98,30,one_slider,
71,condition1,f,l,filler,i,filler5,0.02,31,one_slider,
71,condition1,n,a,nDa,D,coach,0.99,32,one_slider,
71,condition1,y,a,yQa,Q,fan,0.61,33,one_slider,
71,condition1,f,l,filler,i,filler2,0.36,34,one_slider,
71,condition1,y,a,yQa,Q,playwright,0.84,35,one_slider,
123,condition1,,,,,,0.21,,one_slider_practice,
123,condition1,,,,,,0.75,,one_slider_practice,
123,condition1,y,a,yQa,Q,conductor,0.78,6,one_slider,
123,condition1,f,l,filler,i,filler4,0.92,7,one_slider,
123,condition1,n,a,nDa,D,choreographer,0.51,8,one_slider,
123,condition1,f,l,filler,i,filler5,0.38,9,one_slider,
123,condition1,n,a,nQa,Q,pilot,0.25,10,one_slider,
123,condition1,y,a,yDa,D,playwright,0.36,11,one_slider,
123,condition1,y,q,yDq,D,priest,0.68,12,one_slider,
123,condition1,y,q,yDq,D,CEO,0.72,13,one_slider,
123,condition1,n,q,nQq,Q,professor,0.74,14,one_slider,
123,condition1,y,a,yDa,D,doctor,0.46,15,one_slider,
123,condition1,n,a,nDa,D,groom,0.08,16,one_slider,
123,condition1,y,q,yDq,D,scientist,0.28,17,one_slider,
123,condition1,n,a,nQa,Q,queen,0.63,18,one_slider,
123,condition1,y,q,yQq,Q,travelagent,0.69,19,one_slider,
123,condition1,y,q,yQq,Q,troopleader,0.36,20,one_slider,
123,condition1,f,l,filler,i,filler6,0.15,21,one_slider,
123,condition1,y,a,yDa,D,patient,0.58,22,one_slider,
123,condition1,f,l,filler,i,filler3,0.72,23,one_slider,
123,condition1,y,q,yQq,Q,artist,0.26,24,one_slider,
123,condition1,n,a,nDa,D,bartender,0.06,25,one_slider,
123,condition1,n,q,nDq,D,chief,0.7,26,one_slider,
123,condition1,n,q,nDq,D,pianist,0.26,27,one_slider,
123,condition1,n,q,nDq,D,dentist,0.23,28,one_slider,
123,condition1,n,q,nQq,Q,nutritionist,0.7,29,one_slider,
123,condition1,f,l,filler,i,filler2,0.74,30,one_slider,
123,condition1,y,a,yQa,Q,fan,0.39,31,one_slider,
123,condition1,n,a,nQa,Q,stylist,0.35,32,one_slider,
123,condition1,f,l,filler,i,filler1,0.79,33,one_slider,
123,condition1,n,q,nQq,Q,coach,0.77,34,one_slider,
123,condition1,y,a,yQa,Q,chef,0.57,35,one_slider,
49,condition1,,,,,,0.65,,one_slider_practice,
49,condition1,,,,,,0.56,,one_slider_practice,
49,condition1,y,a,yQa,Q,playwright,0.53,6,one_slider,
49,condition1,y,a,yDa,D,stylist,0.5,7,one_slider,
49,condition1,n,q,nDq,D,travelagent,0.59,8,one_slider,
49,condition1,f,l,filler,i,filler2,0.59,9,one_slider,
49,condition1,n,a,nQa,Q,professor,0.54,10,one_slider,
49,condition1,y,q,yQq,Q,chef,0.27,11,one_slider,
49,condition1,y,q,yDq,D,pilot,0.27,12,one_slider,
49,condition1,n,a,nQa,Q,conductor,0.84,13,one_slider,
49,condition1,n,a,nDa,D,chief,0.81,14,one_slider,
49,condition1,y,a,yDa,D,patient,0.87,15,one_slider,
49,condition1,f,l,filler,i,filler4,0.57,16,one_slider,
49,condition1,n,q,nQq,Q,nutritionist,0.63,17,one_slider,
49,condition1,y,q,yDq,D,pianist,0.96,18,one_slider,
49,condition1,n,a,nDa,D,fan,0.89,19,one_slider,
49,condition1,y,q,yQq,Q,CEO,0.89,20,one_slider,
49,condition1,n,q,nQq,Q,artist,0.93,21,one_slider,
49,condition1,y,q,yQq,Q,coach,0.81,22,one_slider,
49,condition1,n,q,nDq,D,groom,0.88,23,one_slider,
49,condition1,n,q,nQq,Q,bartender,0.85,24,one_slider,
49,condition1,f,l,filler,i,filler1,0.88,25,one_slider,
49,condition1,n,q,nDq,D,dentist,0.86,26,one_slider,
49,condition1,f,l,filler,i,filler5,0.9,27,one_slider,
49,condition1,f,l,filler,i,filler6,0.4,28,one_slider,
49,condition1,n,a,nQa,Q,troopleader,0.53,29,one_slider,
49,condition1,n,a,nDa,D,priest,0.72,30,one_slider,
49,condition1,y,a,yDa,D,doctor,0.7,31,one_slider,
49,condition1,y,a,yQa,Q,scientist,0.7,32,one_slider,
49,condition1,y,q,yDq,D,queen,0.91,33,one_slider,
49,condition1,y,a,yQa,Q,choreographer,0.87,34,one_slider,
49,condition1,f,l,filler,i,filler3,0.93,35,one_slider,
51,condition1,,,,,,1,,one_slider_practice,
51,condition1,,,,,,0,,one_slider_practice,
51,condition1,f,l,filler,i,filler3,0,6,one_slider,
51,condition1,f,l,filler,i,filler5,0,7,one_slider,
51,condition1,n,a,nDa,D,choreographer,0.95,8,one_slider,
51,condition1,f,l,filler,i,filler4,0.73,9,one_slider,
51,condition1,f,l,filler,i,filler2,0.76,10,one_slider,
51,condition1,n,q,nDq,D,queen,0.97,11,one_slider,
51,condition1,y,a,yDa,D,professor,1,12,one_slider,
51,condition1,n,a,nQa,Q,groom,0.05,13,one_slider,
51,condition1,y,a,yDa,D,chef,0.65,14,one_slider,
51,condition1,n,a,nQa,Q,priest,0.6,15,one_slider,
51,condition1,n,q,nQq,Q,artist,0.99,16,one_slider,
51,condition1,n,q,nQq,Q,playwright,0.24,17,one_slider,
51,condition1,n,q,nQq,Q,dentist,0.24,18,one_slider,
51,condition1,f,l,filler,i,filler6,0,19,one_slider,
51,condition1,y,q,yQq,Q,pianist,1,20,one_slider,
51,condition1,y,q,yDq,D,chief,0.84,21,one_slider,
51,condition1,n,a,nDa,D,pilot,0.9,22,one_slider,
51,condition1,y,a,yDa,D,patient,0.82,23,one_slider,
51,condition1,y,q,yDq,D,bartender,1,24,one_slider,
51,condition1,y,a,yQa,Q,travelagent,0.27,25,one_slider,
51,condition1,y,a,yQa,Q,fan,1,26,one_slider,
51,condition1,y,q,yQq,Q,scientist,0.03,27,one_slider,
51,condition1,y,a,yQa,Q,nutritionist,1,28,one_slider,
51,condition1,y,q,yQq,Q,coach,0.48,29,one_slider,
51,condition1,n,q,nDq,D,stylist,0.76,30,one_slider,
51,condition1,n,a,nQa,Q,doctor,0.7,31,one_slider,
51,condition1,n,a,nDa,D,CEO,1,32,one_slider,
51,condition1,f,l,filler,i,filler1,1,33,one_slider,
51,condition1,y,q,yDq,D,troopleader,0.67,34,one_slider,
51,condition1,n,q,nDq,D,conductor,0.38,35,one_slider,
67,condition1,,,,,,0.7,,one_slider_practice,
67,condition1,,,,,,0.46,,one_slider_practice,
67,condition1,n,a,nQa,Q,patient,0.21,6,one_slider,
67,condition1,n,q,nDq,D,travelagent,0.79,7,one_slider,
67,condition1,y,q,yDq,D,choreographer,0.11,8,one_slider,
67,condition1,n,a,nDa,D,stylist,0.87,9,one_slider,
67,condition1,n,q,nQq,Q,nutritionist,0.25,10,one_slider,
67,condition1,y,a,yDa,D,coach,0.81,11,one_slider,
67,condition1,f,l,filler,i,filler3,0.25,12,one_slider,
67,condition1,n,a,nQa,Q,artist,0.9,13,one_slider,
67,condition1,y,q,yQq,Q,chief,0.67,14,one_slider,
67,condition1,f,l,filler,i,filler2,0.07,15,one_slider,
67,condition1,n,q,nDq,D,dentist,0.1,16,one_slider,
67,condition1,f,l,filler,i,filler1,0.93,17,one_slider,
67,condition1,y,a,yQa,Q,queen,0.89,18,one_slider,
67,condition1,y,q,yQq,Q,pianist,0.91,19,one_slider,
67,condition1,f,l,filler,i,filler6,0.1,20,one_slider,
67,condition1,y,a,yQa,Q,CEO,0.95,21,one_slider,
67,condition1,y,a,yQa,Q,pilot,0.06,22,one_slider,
67,condition1,y,q,yQq,Q,groom,0.86,23,one_slider,
67,condition1,y,q,yDq,D,troopleader,0.9,24,one_slider,
67,condition1,n,a,nQa,Q,doctor,0.91,25,one_slider,
67,condition1,y,a,yDa,D,chef,0.89,26,one_slider,
67,condition1,y,q,yDq,D,professor,0.7,27,one_slider,
67,condition1,n,a,nDa,D,priest,0.91,28,one_slider,
67,condition1,n,a,nDa,D,scientist,0.89,29,one_slider,
67,condition1,n,q,nQq,Q,bartender,0.84,30,one_slider,
67,condition1,y,a,yDa,D,playwright,0.57,31,one_slider,
67,condition1,f,l,filler,i,filler5,0.18,32,one_slider,
67,condition1,f,l,filler,i,filler4,0.91,33,one_slider,
67,condition1,n,q,nDq,D,fan,0.2,34,one_slider,
67,condition1,n,q,nQq,Q,conductor,0.09,35,one_slider,
91,condition1,,,,,,0.26,,one_slider_practice,
91,condition1,,,,,,0,,one_slider_practice,
91,condition1,y,a,yQa,Q,fan,0.48,6,one_slider,
91,condition1,y,a,yQa,Q,dentist,0,7,one_slider,
91,condition1,n,q,nQq,Q,groom,0.37,8,one_slider,
91,condition1,y,q,yQq,Q,CEO,0.18,9,one_slider,
91,condition1,f,l,filler,i,filler1,0.52,10,one_slider,
91,condition1,n,q,nDq,D,bartender,0.69,11,one_slider,
91,condition1,n,a,nDa,D,professor,0,12,one_slider,
91,condition1,f,l,filler,i,filler6,0,13,one_slider,
91,condition1,n,a,nDa,D,chief,0.48,14,one_slider,
91,condition1,f,l,filler,i,filler4,0.27,15,one_slider,
91,condition1,n,q,nQq,Q,doctor,0.5,16,one_slider,
91,condition1,n,q,nDq,D,coach,0.17,17,one_slider,
91,condition1,y,q,yDq,D,troopleader,0.04,18,one_slider,
91,condition1,y,a,yDa,D,queen,0.23,19,one_slider,
91,condition1,y,a,yDa,D,playwright,0.69,20,one_slider,
91,condition1,n,a,nQa,Q,pilot,0,21,one_slider,
91,condition1,y,q,yQq,Q,scientist,0.53,22,one_slider,
91,condition1,n,q,nDq,D,pianist,0,23,one_slider,
91,condition1,n,a,nQa,Q,priest,0.37,24,one_slider,
91,condition1,f,l,filler,i,filler2,0,25,one_slider,
91,condition1,f,l,filler,i,filler3,0.45,26,one_slider,
91,condition1,y,q,yQq,Q,choreographer,0.36,27,one_slider,
91,condition1,y,q,yDq,D,stylist,0.77,28,one_slider,
91,condition1,n,q,nQq,Q,chef,0.55,29,one_slider,
91,condition1,y,a,yDa,D,artist,0.64,30,one_slider,
91,condition1,f,l,filler,i,filler5,0.38,31,one_slider,
91,condition1,y,q,yDq,D,conductor,0.22,32,one_slider,
91,condition1,n,a,nDa,D,travelagent,0,33,one_slider,
91,condition1,n,a,nQa,Q,patient,0.77,34,one_slider,
91,condition1,y,a,yQa,Q,nutritionist,0.34,35,one_slider,
109,condition1,,,,,,0.19,,one_slider_practice,
109,condition1,,,,,,0.79,,one_slider_practice,
109,condition1,n,a,nDa,D,chief,0.75,6,one_slider,
109,condition1,n,a,nQa,Q,professor,0.21,7,one_slider,
109,condition1,y,q,yDq,D,priest,0.5,8,one_slider,
109,condition1,y,a,yQa,Q,groom,0.2,9,one_slider,
109,condition1,y,q,yQq,Q,stylist,0.28,10,one_slider,
109,condition1,n,a,nDa,D,doctor,0.73,11,one_slider,
109,condition1,y,a,yDa,D,conductor,0,12,one_slider,
109,condition1,n,q,nDq,D,CEO,0.92,13,one_slider,
109,condition1,n,a,nQa,Q,fan,0.71,14,one_slider,
109,condition1,y,q,yQq,Q,chef,0.14,15,one_slider,
109,condition1,f,l,filler,i,filler2,0.03,16,one_slider,
109,condition1,f,l,filler,i,filler6,0,17,one_slider,
109,condition1,f,l,filler,i,filler3,0.45,18,one_slider,
109,condition1,n,q,nDq,D,artist,0.99,19,one_slider,
109,condition1,y,q,yDq,D,patient,0.77,20,one_slider,
109,condition1,n,q,nDq,D,choreographer,0.96,21,one_slider,
109,condition1,f,l,filler,i,filler5,0,22,one_slider,
109,condition1,y,a,yQa,Q,scientist,0.85,23,one_slider,
109,condition1,n,q,nQq,Q,dentist,0.73,24,one_slider,
109,condition1,y,q,yDq,D,playwright,0.96,25,one_slider,
109,condition1,n,q,nQq,Q,pilot,0,26,one_slider,
109,condition1,y,a,yQa,Q,bartender,1,27,one_slider,
109,condition1,n,q,nQq,Q,queen,1,28,one_slider,
109,condition1,n,a,nDa,D,nutritionist,0.75,29,one_slider,
109,condition1,f,l,filler,i,filler1,1,30,one_slider,
109,condition1,y,a,yDa,D,travelagent,1,31,one_slider,
109,condition1,n,a,nQa,Q,coach,0.89,32,one_slider,
109,condition1,f,l,filler,i,filler4,0,33,one_slider,
109,condition1,y,a,yDa,D,pianist,1,34,one_slider,
109,condition1,y,q,yQq,Q,troopleader,0.82,35,one_slider,
112,condition1,,,,,,0.45,,one_slider_practice,
112,condition1,,,,,,0.88,,one_slider_practice,
112,condition1,y,a,yDa,D,dentist,0.79,6,one_slider,
112,condition1,f,l,filler,i,filler6,0.88,7,one_slider,
112,condition1,n,a,nDa,D,choreographer,0.14,8,one_slider,
112,condition1,y,a,yDa,D,playwright,0.71,9,one_slider,
112,condition1,y,q,yDq,D,groom,0,10,one_slider,
112,condition1,y,q,yDq,D,nutritionist,0.72,11,one_slider,
112,condition1,y,q,yDq,D,pianist,0.84,12,one_slider,
112,condition1,y,q,yQq,Q,CEO,0.91,13,one_slider,
112,condition1,n,q,nDq,D,scientist,0.88,14,one_slider,
112,condition1,f,l,filler,i,filler1,0.83,15,one_slider,
112,condition1,n,a,nDa,D,chief,0.99,16,one_slider,
112,condition1,n,q,nDq,D,pilot,0.25,17,one_slider,
112,condition1,n,a,nQa,Q,bartender,0.95,18,one_slider,
112,condition1,n,a,nQa,Q,professor,0.81,19,one_slider,
112,condition1,n,q,nDq,D,troopleader,0.11,20,one_slider,
112,condition1,f,l,filler,i,filler4,0.85,21,one_slider,
112,condition1,f,l,filler,i,filler3,1,22,one_slider,
112,condition1,f,l,filler,i,filler5,0.5,23,one_slider,
112,condition1,n,q,nQq,Q,travelagent,0.26,24,one_slider,
112,condition1,y,a,yQa,Q,doctor,0.1,25,one_slider,
112,condition1,n,a,nQa,Q,stylist,0.89,26,one_slider,
112,condition1,y,a,yQa,Q,patient,0,27,one_slider,
112,condition1,n,q,nQq,Q,coach,0.77,28,one_slider,
112,condition1,y,a,yQa,Q,artist,0.22,29,one_slider,
112,condition1,y,q,yQq,Q,priest,0.51,30,one_slider,
112,condition1,y,q,yQq,Q,chef,0.83,31,one_slider,
112,condition1,f,l,filler,i,filler2,0.8,32,one_slider,
112,condition1,n,a,nDa,D,queen,0.11,33,one_slider,
112,condition1,y,a,yDa,D,fan,0.79,34,one_slider,
112,condition1,n,q,nQq,Q,conductor,0.87,35,one_slider,
100,condition1,,,,,,0.08,,one_slider_practice,
100,condition1,,,,,,0.79,,one_slider_practice,
100,condition1,y,a,yDa,D,CEO,0.6,6,one_slider,
100,condition1,y,a,yQa,Q,choreographer,0.56,7,one_slider,
100,condition1,n,q,nQq,Q,pianist,0.67,8,one_slider,
100,condition1,y,a,yQa,Q,bartender,0.72,9,one_slider,
100,condition1,y,q,yQq,Q,doctor,0.74,10,one_slider,
100,condition1,f,l,filler,i,filler3,0.5,11,one_slider,
100,condition1,y,q,yDq,D,dentist,0.6,12,one_slider,
100,condition1,f,l,filler,i,filler5,0.43,13,one_slider,
100,condition1,n,a,nDa,D,playwright,0.73,14,one_slider,
100,condition1,n,a,nQa,Q,artist,0.69,15,one_slider,
100,condition1,n,q,nQq,Q,queen,0.73,16,one_slider,
100,condition1,n,a,nQa,Q,chief,0.69,17,one_slider,
100,condition1,f,l,filler,i,filler1,0.63,18,one_slider,
100,condition1,y,a,yQa,Q,patient,0.65,19,one_slider,
100,condition1,n,a,nDa,D,troopleader,0.76,20,one_slider,
100,condition1,y,q,yDq,D,stylist,0.83,21,one_slider,
100,condition1,n,a,nDa,D,chef,0.78,22,one_slider,
100,condition1,y,a,yDa,D,conductor,0.53,23,one_slider,
100,condition1,f,l,filler,i,filler2,0.67,24,one_slider,
100,condition1,f,l,filler,i,filler4,0.89,25,one_slider,
100,condition1,y,q,yQq,Q,groom,0.73,26,one_slider,
100,condition1,f,l,filler,i,filler6,0.4,27,one_slider,
100,condition1,n,q,nDq,D,travelagent,0.45,28,one_slider,
100,condition1,y,q,yQq,Q,fan,0.48,29,one_slider,
100,condition1,n,q,nDq,D,scientist,0.87,30,one_slider,
100,condition1,n,q,nDq,D,pilot,0.63,31,one_slider,
100,condition1,y,a,yDa,D,coach,0.7,32,one_slider,
100,condition1,n,a,nQa,Q,nutritionist,0.6,33,one_slider,
100,condition1,n,q,nQq,Q,professor,0.48,34,one_slider,
100,condition1,y,q,yDq,D,priest,0.82,35,one_slider,
64,condition1,,,,,,0.04,,one_slider_practice,
64,condition1,,,,,,0.97,,one_slider_practice,
64,condition1,n,q,nQq,Q,conductor,1,6,one_slider,
64,condition1,y,a,yQa,Q,CEO,0.81,7,one_slider,
64,condition1,n,a,nQa,Q,queen,0.92,8,one_slider,
64,condition1,n,q,nQq,Q,doctor,0.51,9,one_slider,
64,condition1,y,a,yQa,Q,dentist,0,10,one_slider,
64,condition1,y,a,yDa,D,nutritionist,0,11,one_slider,
64,condition1,n,a,nQa,Q,pianist,0.67,12,one_slider,
64,condition1,f,l,filler,i,filler3,0,13,one_slider,
64,condition1,n,q,nDq,D,bartender,0.86,14,one_slider,
64,condition1,f,l,filler,i,filler4,0.89,15,one_slider,
64,condition1,f,l,filler,i,filler5,0.44,16,one_slider,
64,condition1,y,q,yDq,D,travelagent,0.21,17,one_slider,
64,condition1,n,a,nDa,D,scientist,0.82,18,one_slider,
64,condition1,n,a,nDa,D,pilot,0.33,19,one_slider,
64,condition1,y,q,yQq,Q,choreographer,0.03,20,one_slider,
64,condition1,f,l,filler,i,filler6,0.28,21,one_slider,
64,condition1,y,a,yDa,D,fan,0.45,22,one_slider,
64,condition1,n,a,nQa,Q,groom,0,23,one_slider,
64,condition1,f,l,filler,i,filler1,0.97,24,one_slider,
64,condition1,y,q,yDq,D,chef,0.74,25,one_slider,
64,condition1,y,a,yQa,Q,troopleader,0.63,26,one_slider,
64,condition1,n,q,nQq,Q,patient,0.64,27,one_slider,
64,condition1,n,a,nDa,D,playwright,0.54,28,one_slider,
64,condition1,y,q,yQq,Q,professor,0.59,29,one_slider,
64,condition1,f,l,filler,i,filler2,0.05,30,one_slider,
64,condition1,y,q,yQq,Q,coach,0.5,31,one_slider,
64,condition1,y,a,yDa,D,priest,0.75,32,one_slider,
64,condition1,n,q,nDq,D,artist,0.75,33,one_slider,
64,condition1,y,q,yDq,D,chief,0.75,34,one_slider,
64,condition1,n,q,nDq,D,stylist,0.92,35,one_slider,
87,condition1,,,,,,0.95,,one_slider_practice,
87,condition1,,,,,,0.52,,one_slider_practice,
87,condition1,n,a,nQa,Q,nutritionist,0.52,6,one_slider,
87,condition1,y,a,yQa,Q,scientist,0.78,7,one_slider,
87,condition1,f,l,filler,i,filler1,0.94,8,one_slider,
87,condition1,y,a,yQa,Q,stylist,0.8,9,one_slider,
87,condition1,y,a,yQa,Q,coach,0.55,10,one_slider,
87,condition1,f,l,filler,i,filler6,0.36,11,one_slider,
87,condition1,y,q,yQq,Q,fan,0.1,12,one_slider,
87,condition1,f,l,filler,i,filler5,0.4,13,one_slider,
87,condition1,y,a,yDa,D,artist,0.59,14,one_slider,
87,condition1,n,q,nDq,D,queen,0.79,15,one_slider,
87,condition1,n,a,nDa,D,dentist,0.34,16,one_slider,
87,condition1,f,l,filler,i,filler3,0.03,17,one_slider,
87,condition1,n,a,nQa,Q,chief,0.32,18,one_slider,
87,condition1,n,a,nDa,D,travelagent,0.72,19,one_slider,
87,condition1,y,q,yDq,D,patient,0.48,20,one_slider,
87,condition1,f,l,filler,i,filler2,0.21,21,one_slider,
87,condition1,n,a,nQa,Q,choreographer,0.28,22,one_slider,
87,condition1,n,q,nQq,Q,groom,0.06,23,one_slider,
87,condition1,y,q,yQq,Q,pianist,0.4,24,one_slider,
87,condition1,y,q,yQq,Q,bartender,0.6,25,one_slider,
87,condition1,n,q,nQq,Q,pilot,0.06,26,one_slider,
87,condition1,y,a,yDa,D,playwright,0.33,27,one_slider,
87,condition1,y,q,yDq,D,conductor,0.34,28,one_slider,
87,condition1,y,q,yDq,D,CEO,0.53,29,one_slider,
87,condition1,n,q,nDq,D,professor,0.59,30,one_slider,
87,condition1,n,q,nDq,D,chef,0.63,31,one_slider,
87,condition1,n,a,nDa,D,priest,0.52,32,one_slider,
87,condition1,y,a,yDa,D,doctor,0.52,33,one_slider,
87,condition1,f,l,filler,i,filler4,0.66,34,one_slider,
87,condition1,n,q,nQq,Q,troopleader,0.36,35,one_slider,
65,condition1,,,,,,0.86,,one_slider_practice,
65,condition1,,,,,,0.85,,one_slider_practice,
65,condition1,n,q,nQq,Q,fan,0.77,6,one_slider,
65,condition1,n,q,nQq,Q,playwright,0.88,7,one_slider,
65,condition1,f,l,filler,i,filler3,0.51,8,one_slider,
65,condition1,n,q,nQq,Q,troopleader,0.83,9,one_slider,
65,condition1,n,a,nDa,D,artist,0.91,10,one_slider,
65,condition1,n,a,nDa,D,doctor,0.87,11,one_slider,
65,condition1,n,a,nDa,D,professor,0.64,12,one_slider,
65,condition1,y,q,yQq,Q,patient,0.59,13,one_slider,
65,condition1,n,a,nQa,Q,nutritionist,0.8,14,one_slider,
65,condition1,y,q,yQq,Q,groom,0.54,15,one_slider,
65,condition1,y,q,yDq,D,scientist,0.5,16,one_slider,
65,condition1,f,l,filler,i,filler4,0.84,17,one_slider,
65,condition1,n,q,nDq,D,coach,0.86,18,one_slider,
65,condition1,n,a,nQa,Q,pianist,0.88,19,one_slider,
65,condition1,y,q,yDq,D,stylist,0.87,20,one_slider,
65,condition1,y,a,yDa,D,priest,0.89,21,one_slider,
65,condition1,f,l,filler,i,filler6,0.33,22,one_slider,
65,condition1,y,a,yDa,D,queen,0.87,23,one_slider,
65,condition1,y,a,yQa,Q,choreographer,0.37,24,one_slider,
65,condition1,n,q,nDq,D,bartender,0.79,25,one_slider,
65,condition1,n,a,nQa,Q,CEO,0.57,26,one_slider,
65,condition1,y,a,yQa,Q,dentist,0.46,27,one_slider,
65,condition1,y,a,yQa,Q,chef,0.55,28,one_slider,
65,condition1,f,l,filler,i,filler1,0.89,29,one_slider,
65,condition1,f,l,filler,i,filler2,0.54,30,one_slider,
65,condition1,f,l,filler,i,filler5,0.12,31,one_slider,
65,condition1,y,a,yDa,D,travelagent,0.79,32,one_slider,
65,condition1,n,q,nDq,D,conductor,0.59,33,one_slider,
65,condition1,y,q,yDq,D,pilot,0.69,34,one_slider,
65,condition1,y,q,yQq,Q,chief,0.56,35,one_slider,
120,condition1,,,,,,0.14,,one_slider_practice,
120,condition1,,,,,,0.88,,one_slider_practice,
120,condition1,y,q,yDq,D,CEO,0.11,6,one_slider,
120,condition1,n,q,nDq,D,pianist,0.95,7,one_slider,
120,condition1,f,l,filler,i,filler5,0.1,8,one_slider,
120,condition1,y,a,yQa,Q,pilot,0.09,9,one_slider,
120,condition1,y,a,yQa,Q,choreographer,0.09,10,one_slider,
120,condition1,n,a,nQa,Q,nutritionist,0.08,11,one_slider,
120,condition1,f,l,filler,i,filler6,0.09,12,one_slider,
120,condition1,n,q,nQq,Q,bartender,0.1,13,one_slider,
120,condition1,y,a,yDa,D,artist,0.98,14,one_slider,
120,condition1,y,q,yDq,D,fan,0.43,15,one_slider,
120,condition1,y,q,yDq,D,coach,0.92,16,one_slider,
120,condition1,y,a,yQa,Q,scientist,0.9,17,one_slider,
120,condition1,n,q,nQq,Q,conductor,0.65,18,one_slider,
120,condition1,f,l,filler,i,filler4,0.14,19,one_slider,
120,condition1,n,a,nDa,D,chef,0.89,20,one_slider,
120,condition1,y,a,yDa,D,chief,0.92,21,one_slider,
120,condition1,n,a,nDa,D,professor,0.91,22,one_slider,
120,condition1,n,a,nQa,Q,troopleader,0.1,23,one_slider,
120,condition1,f,l,filler,i,filler3,0.07,24,one_slider,
120,condition1,n,q,nDq,D,priest,0.96,25,one_slider,
120,condition1,y,q,yQq,Q,dentist,0.14,26,one_slider,
120,condition1,f,l,filler,i,filler1,0.91,27,one_slider,
120,condition1,n,q,nDq,D,doctor,0.89,28,one_slider,
120,condition1,f,l,filler,i,filler2,0.15,29,one_slider,
120,condition1,n,a,nQa,Q,groom,0.15,30,one_slider,
120,condition1,n,a,nDa,D,travelagent,0.86,31,one_slider,
120,condition1,y,q,yQq,Q,patient,0.95,32,one_slider,
120,condition1,y,a,yDa,D,playwright,0.1,33,one_slider,
120,condition1,n,q,nQq,Q,stylist,0.85,34,one_slider,
120,condition1,y,q,yQq,Q,queen,0.11,35,one_slider,
92,condition1,,,,,,0.49,,one_slider_practice,
92,condition1,,,,,,0.3,,one_slider_practice,
92,condition1,y,q,yDq,D,playwright,0.28,6,one_slider,
92,condition1,n,q,nQq,Q,fan,0.61,7,one_slider,
92,condition1,n,a,nDa,D,nutritionist,0.3,8,one_slider,
92,condition1,n,q,nDq,D,travelagent,0.46,9,one_slider,
92,condition1,n,q,nQq,Q,coach,0.41,10,one_slider,
92,condition1,y,q,yQq,Q,groom,0.56,11,one_slider,
92,condition1,f,l,filler,i,filler3,0.61,12,one_slider,
92,condition1,y,a,yDa,D,troopleader,0.28,13,one_slider,
92,condition1,n,q,nDq,D,stylist,0.32,14,one_slider,
92,condition1,y,q,yDq,D,artist,0.39,15,one_slider,
92,condition1,y,q,yDq,D,choreographer,0.65,16,one_slider,
92,condition1,n,a,nQa,Q,scientist,0.59,17,one_slider,
92,condition1,f,l,filler,i,filler2,0.79,18,one_slider,
92,condition1,y,a,yDa,D,bartender,0.74,19,one_slider,
92,condition1,n,q,nDq,D,priest,0.58,20,one_slider,
92,condition1,y,a,yQa,Q,professor,0.25,21,one_slider,
92,condition1,f,l,filler,i,filler5,0.25,22,one_slider,
92,condition1,n,a,nDa,D,chief,0.63,23,one_slider,
92,condition1,n,a,nDa,D,chef,0.68,24,one_slider,
92,condition1,n,a,nQa,Q,patient,0.7,25,one_slider,
92,condition1,f,l,filler,i,filler1,0.66,26,one_slider,
92,condition1,n,q,nQq,Q,pianist,0.71,27,one_slider,
92,condition1,f,l,filler,i,filler4,0.23,28,one_slider,
92,condition1,y,q,yQq,Q,CEO,0.5,29,one_slider,
92,condition1,y,a,yQa,Q,dentist,0.69,30,one_slider,
92,condition1,y,a,yQa,Q,queen,0.68,31,one_slider,
92,condition1,f,l,filler,i,filler6,0.19,32,one_slider,
92,condition1,n,a,nQa,Q,pilot,0.47,33,one_slider,
92,condition1,y,q,yQq,Q,conductor,0.18,34,one_slider,
92,condition1,y,a,yDa,D,doctor,0.7,35,one_slider,
115,condition1,,,,,,1,,one_slider_practice,
115,condition1,,,,,,0.76,,one_slider_practice,
115,condition1,y,a,yQa,Q,queen,0.64,6,one_slider,
115,condition1,y,q,yDq,D,priest,0.68,7,one_slider,
115,condition1,n,q,nDq,D,bartender,0.89,8,one_slider,
115,condition1,f,l,filler,i,filler3,0.92,9,one_slider,
115,condition1,f,l,filler,i,filler1,1,10,one_slider,
115,condition1,n,a,nQa,Q,patient,1,11,one_slider,
115,condition1,n,a,nDa,D,pianist,0.35,12,one_slider,
115,condition1,y,q,yDq,D,chef,0.96,13,one_slider,
115,condition1,f,l,filler,i,filler5,0.16,14,one_slider,
115,condition1,f,l,filler,i,filler4,0.02,15,one_slider,
115,condition1,y,q,yQq,Q,professor,1,16,one_slider,
115,condition1,n,a,nQa,Q,coach,0.99,17,one_slider,
115,condition1,n,a,nQa,Q,artist,1,18,one_slider,
115,condition1,y,a,yDa,D,scientist,1,19,one_slider,
115,condition1,n,q,nDq,D,CEO,1,20,one_slider,
115,condition1,y,q,yDq,D,stylist,1,21,one_slider,
115,condition1,n,q,nQq,Q,groom,1,22,one_slider,
115,condition1,f,l,filler,i,filler6,0.02,23,one_slider,
115,condition1,n,q,nDq,D,conductor,0.76,24,one_slider,
115,condition1,y,a,yQa,Q,travelagent,1,25,one_slider,
115,condition1,n,q,nQq,Q,choreographer,0.56,26,one_slider,
115,condition1,n,q,nQq,Q,playwright,0.63,27,one_slider,
115,condition1,y,q,yQq,Q,pilot,0.32,28,one_slider,
115,condition1,f,l,filler,i,filler2,0.69,29,one_slider,
115,condition1,y,a,yQa,Q,chief,0.98,30,one_slider,
115,condition1,y,a,yDa,D,dentist,0.48,31,one_slider,
115,condition1,y,a,yDa,D,fan,0.97,32,one_slider,
115,condition1,n,a,nDa,D,doctor,0.92,33,one_slider,
115,condition1,n,a,nDa,D,troopleader,0.97,34,one_slider,
115,condition1,y,q,yQq,Q,nutritionist,0.25,35,one_slider,
86,condition1,,,,,,0.82,,one_slider_practice,
86,condition1,,,,,,0.59,,one_slider_practice,
86,condition1,y,a,yQa,Q,artist,0.38,6,one_slider,
86,condition1,n,q,nDq,D,bartender,1,7,one_slider,
86,condition1,n,a,nDa,D,chef,0.63,8,one_slider,
86,condition1,f,l,filler,i,filler1,0.92,9,one_slider,
86,condition1,n,q,nQq,Q,travelagent,0.42,10,one_slider,
86,condition1,n,q,nDq,D,groom,0.91,11,one_slider,
86,condition1,n,a,nQa,Q,conductor,0.42,12,one_slider,
86,condition1,y,q,yDq,D,priest,0.93,13,one_slider,
86,condition1,y,q,yDq,D,doctor,0.72,14,one_slider,
86,condition1,y,q,yDq,D,dentist,0.8,15,one_slider,
86,condition1,n,q,nDq,D,coach,1,16,one_slider,
86,condition1,f,l,filler,i,filler2,0.63,17,one_slider,
86,condition1,y,a,yDa,D,scientist,0.51,18,one_slider,
86,condition1,f,l,filler,i,filler6,0.31,19,one_slider,
86,condition1,y,a,yQa,Q,choreographer,0.8,20,one_slider,
86,condition1,f,l,filler,i,filler4,0,21,one_slider,
86,condition1,f,l,filler,i,filler5,0,22,one_slider,
86,condition1,y,q,yQq,Q,nutritionist,0.33,23,one_slider,
86,condition1,n,a,nQa,Q,patient,0.91,24,one_slider,
86,condition1,y,a,yDa,D,troopleader,0.9,25,one_slider,
86,condition1,f,l,filler,i,filler3,1,26,one_slider,
86,condition1,y,a,yDa,D,queen,1,27,one_slider,
86,condition1,y,q,yQq,Q,chief,0.9,28,one_slider,
86,condition1,n,a,nDa,D,CEO,0.8,29,one_slider,
86,condition1,n,a,nDa,D,fan,0.71,30,one_slider,
86,condition1,n,q,nQq,Q,stylist,0.92,31,one_slider,
86,condition1,y,a,yQa,Q,playwright,0.89,32,one_slider,
86,condition1,n,a,nQa,Q,pilot,0.93,33,one_slider,
86,condition1,n,q,nQq,Q,professor,0.83,34,one_slider,
86,condition1,y,q,yQq,Q,pianist,0.94,35,one_slider,
77,condition1,,,,,,1,,one_slider_practice,
77,condition1,,,,,,0.98,,one_slider_practice,
77,condition1,n,q,nQq,Q,scientist,0.69,6,one_slider,
77,condition1,f,l,filler,i,filler5,0,7,one_slider,
77,condition1,y,a,yDa,D,dentist,0.54,8,one_slider,
77,condition1,n,q,nQq,Q,playwright,0.75,9,one_slider,
77,condition1,n,q,nDq,D,nutritionist,0.38,10,one_slider,
77,condition1,y,q,yQq,Q,CEO,0.73,11,one_slider,
77,condition1,n,a,nQa,Q,pilot,0.19,12,one_slider,
77,condition1,y,q,yDq,D,queen,0.35,13,one_slider,
77,condition1,y,a,yDa,D,groom,0.81,14,one_slider,
77,condition1,f,l,filler,i,filler6,0.09,15,one_slider,
77,condition1,n,a,nDa,D,doctor,0.57,16,one_slider,
77,condition1,f,l,filler,i,filler4,0.06,17,one_slider,
77,condition1,n,q,nDq,D,conductor,0.52,18,one_slider,
77,condition1,f,l,filler,i,filler3,0.33,19,one_slider,
77,condition1,n,q,nQq,Q,coach,0.73,20,one_slider,
77,condition1,y,a,yQa,Q,bartender,0.68,21,one_slider,
77,condition1,y,q,yDq,D,professor,0.71,22,one_slider,
77,condition1,y,a,yQa,Q,choreographer,0.25,23,one_slider,
77,condition1,y,q,yQq,Q,chef,0.44,24,one_slider,
77,condition1,n,a,nQa,Q,artist,0.28,25,one_slider,
77,condition1,n,a,nDa,D,troopleader,0.65,26,one_slider,
77,condition1,y,q,yDq,D,stylist,0.81,27,one_slider,
77,condition1,y,a,yDa,D,patient,0.41,28,one_slider,
77,condition1,f,l,filler,i,filler2,0.69,29,one_slider,
77,condition1,n,a,nQa,Q,pianist,0.98,30,one_slider,
77,condition1,y,q,yQq,Q,fan,0.26,31,one_slider,
77,condition1,f,l,filler,i,filler1,0.29,32,one_slider,
77,condition1,y,a,yQa,Q,priest,0.7,33,one_slider,
77,condition1,n,q,nDq,D,chief,0.73,34,one_slider,
77,condition1,n,a,nDa,D,travelagent,0.79,35,one_slider,
125,condition1,,,,,,0.95,,one_slider_practice,
125,condition1,,,,,,0.98,,one_slider_practice,
125,condition1,n,a,nDa,D,scientist,0.29,6,one_slider,
125,condition1,y,q,yDq,D,patient,0.28,7,one_slider,
125,condition1,f,l,filler,i,filler2,0.02,8,one_slider,
125,condition1,y,a,yQa,Q,troopleader,0.52,9,one_slider,
125,condition1,y,a,yQa,Q,pianist,0.21,10,one_slider,
125,condition1,y,q,yDq,D,doctor,0.09,11,one_slider,
125,condition1,n,a,nDa,D,fan,0.56,12,one_slider,
125,condition1,y,a,yQa,Q,groom,0.43,13,one_slider,
125,condition1,n,q,nQq,Q,travelagent,0.36,14,one_slider,
125,condition1,y,q,yQq,Q,artist,0.36,15,one_slider,
125,condition1,y,q,yQq,Q,nutritionist,0.39,16,one_slider,
125,condition1,n,q,nQq,Q,bartender,0.66,17,one_slider,
125,condition1,y,a,yDa,D,dentist,0.39,18,one_slider,
125,condition1,f,l,filler,i,filler1,0.29,19,one_slider,
125,condition1,y,q,yDq,D,pilot,0.34,20,one_slider,
125,condition1,f,l,filler,i,filler5,0.6,21,one_slider,
125,condition1,n,q,nDq,D,queen,0.35,22,one_slider,
125,condition1,n,a,nQa,Q,chief,0.43,23,one_slider,
125,condition1,n,a,nDa,D,chef,0.27,24,one_slider,
125,condition1,f,l,filler,i,filler4,0.5,25,one_slider,
125,condition1,n,a,nQa,Q,conductor,0.28,26,one_slider,
125,condition1,y,a,yDa,D,stylist,0.32,27,one_slider,
125,condition1,y,a,yDa,D,CEO,0.4,28,one_slider,
125,condition1,f,l,filler,i,filler6,0.27,29,one_slider,
125,condition1,n,q,nQq,Q,priest,0.5,30,one_slider,
125,condition1,n,q,nDq,D,coach,0.64,31,one_slider,
125,condition1,y,q,yQq,Q,professor,0.21,32,one_slider,
125,condition1,n,q,nDq,D,choreographer,0.3,33,one_slider,
125,condition1,n,a,nQa,Q,playwright,0.36,34,one_slider,
125,condition1,f,l,filler,i,filler3,0.34,35,one_slider,
50,condition1,,,,,,0.28,,one_slider_practice,
50,condition1,,,,,,0.55,,one_slider_practice,
50,condition1,n,q,nDq,D,patient,0.86,6,one_slider,
50,condition1,f,l,filler,i,filler1,0.73,7,one_slider,
50,condition1,n,q,nDq,D,professor,1,8,one_slider,
50,condition1,n,a,nQa,Q,chief,0.46,9,one_slider,
50,condition1,n,q,nQq,Q,nutritionist,0.04,10,one_slider,
50,condition1,n,q,nQq,Q,groom,0,11,one_slider,
50,condition1,y,q,yDq,D,fan,0.37,12,one_slider,
50,condition1,y,q,yDq,D,scientist,0.84,13,one_slider,
50,condition1,y,q,yQq,Q,travelagent,0.39,14,one_slider,
50,condition1,n,q,nQq,Q,choreographer,0.17,15,one_slider,
50,condition1,n,q,nDq,D,pianist,0.83,16,one_slider,
50,condition1,f,l,filler,i,filler2,0.74,17,one_slider,
50,condition1,n,a,nDa,D,pilot,0.41,18,one_slider,
50,condition1,f,l,filler,i,filler5,0.21,19,one_slider,
50,condition1,f,l,filler,i,filler6,0.04,20,one_slider,
50,condition1,y,a,yQa,Q,CEO,0.81,21,one_slider,
50,condition1,y,a,yDa,D,priest,0.51,22,one_slider,
50,condition1,n,a,nQa,Q,artist,0.84,23,one_slider,
50,condition1,y,a,yQa,Q,stylist,0.6,24,one_slider,
50,condition1,n,a,nDa,D,conductor,0.79,25,one_slider,
50,condition1,y,q,yDq,D,dentist,0.26,26,one_slider,
50,condition1,f,l,filler,i,filler3,0.21,27,one_slider,
50,condition1,y,a,yDa,D,bartender,0.89,28,one_slider,
50,condition1,y,q,yQq,Q,playwright,0.83,29,one_slider,
50,condition1,n,a,nQa,Q,queen,0.96,30,one_slider,
50,condition1,y,a,yDa,D,troopleader,0.89,31,one_slider,
50,condition1,y,a,yQa,Q,coach,0.99,32,one_slider,
50,condition1,y,q,yQq,Q,doctor,0.91,33,one_slider,
50,condition1,f,l,filler,i,filler4,0.28,34,one_slider,
50,condition1,n,a,nDa,D,chef,0.72,35,one_slider,
119,condition1,,,,,,0.69,,one_slider_practice,
119,condition1,,,,,,0.09,,one_slider_practice,
119,condition1,f,l,filler,i,filler6,0,6,one_slider,
119,condition1,y,q,yDq,D,artist,0.92,7,one_slider,
119,condition1,y,q,yDq,D,professor,0.86,8,one_slider,
119,condition1,y,q,yQq,Q,coach,0.38,9,one_slider,
119,condition1,y,a,yDa,D,fan,0.58,10,one_slider,
119,condition1,y,a,yDa,D,conductor,0.76,11,one_slider,
119,condition1,n,q,nDq,D,travelagent,0.7,12,one_slider,
119,condition1,y,a,yQa,Q,pilot,0.25,13,one_slider,
119,condition1,n,a,nDa,D,pianist,1,14,one_slider,
119,condition1,y,q,yQq,Q,CEO,0.32,15,one_slider,
119,condition1,y,a,yDa,D,groom,0.33,16,one_slider,
119,condition1,n,q,nQq,Q,scientist,0.64,17,one_slider,
119,condition1,n,a,nDa,D,troopleader,0.86,18,one_slider,
119,condition1,f,l,filler,i,filler2,0.28,19,one_slider,
119,condition1,f,l,filler,i,filler1,0.17,20,one_slider,
119,condition1,y,a,yQa,Q,dentist,0.53,21,one_slider,
119,condition1,n,a,nQa,Q,stylist,0.7,22,one_slider,
119,condition1,n,q,nDq,D,patient,0.82,23,one_slider,
119,condition1,n,q,nQq,Q,chief,0.6,24,one_slider,
119,condition1,y,q,yQq,Q,playwright,0.54,25,one_slider,
119,condition1,f,l,filler,i,filler5,0,26,one_slider,
119,condition1,y,q,yDq,D,nutritionist,0.61,27,one_slider,
119,condition1,n,a,nDa,D,priest,0.87,28,one_slider,
119,condition1,n,q,nDq,D,choreographer,0.95,29,one_slider,
119,condition1,f,l,filler,i,filler3,0.83,30,one_slider,
119,condition1,f,l,filler,i,filler4,0.82,31,one_slider,
119,condition1,n,a,nQa,Q,doctor,0.8,32,one_slider,
119,condition1,n,a,nQa,Q,chef,0.6,33,one_slider,
119,condition1,n,q,nQq,Q,bartender,0.85,34,one_slider,
119,condition1,y,a,yQa,Q,queen,0.84,35,one_slider,
114,condition1,,,,,,1,,one_slider_practice,
114,condition1,,,,,,0.71,,one_slider_practice,
114,condition1,y,q,yDq,D,bartender,1,6,one_slider,
114,condition1,f,l,filler,i,filler4,0.18,7,one_slider,
114,condition1,y,q,yDq,D,doctor,0.29,8,one_slider,
114,condition1,y,a,yDa,D,choreographer,0.55,9,one_slider,
114,condition1,n,a,nDa,D,queen,0.92,10,one_slider,
114,condition1,y,a,yDa,D,dentist,0.84,11,one_slider,
114,condition1,y,a,yDa,D,groom,0.41,12,one_slider,
114,condition1,f,l,filler,i,filler1,1,13,one_slider,
114,condition1,n,q,nQq,Q,pilot,1,14,one_slider,
114,condition1,y,q,yDq,D,troopleader,0.66,15,one_slider,
114,condition1,y,q,yQq,Q,pianist,1,16,one_slider,
114,condition1,y,q,yQq,Q,coach,0.63,17,one_slider,
114,condition1,y,a,yQa,Q,conductor,0.45,18,one_slider,
114,condition1,f,l,filler,i,filler2,0.67,19,one_slider,
114,condition1,n,q,nQq,Q,scientist,0.62,20,one_slider,
114,condition1,y,q,yQq,Q,chef,0.43,21,one_slider,
114,condition1,y,a,yQa,Q,nutritionist,0.61,22,one_slider,
114,condition1,n,q,nDq,D,fan,0.54,23,one_slider,
114,condition1,n,a,nDa,D,artist,0.93,24,one_slider,
114,condition1,n,q,nQq,Q,patient,1,25,one_slider,
114,condition1,n,a,nQa,Q,chief,0.46,26,one_slider,
114,condition1,n,q,nDq,D,priest,0.73,27,one_slider,
114,condition1,n,a,nQa,Q,stylist,1,28,one_slider,
114,condition1,n,q,nDq,D,CEO,0.75,29,one_slider,
114,condition1,y,a,yQa,Q,travelagent,1,30,one_slider,
114,condition1,f,l,filler,i,filler6,0.27,31,one_slider,
114,condition1,n,a,nDa,D,playwright,0.69,32,one_slider,
114,condition1,f,l,filler,i,filler3,0.22,33,one_slider,
114,condition1,n,a,nQa,Q,professor,0.53,34,one_slider,
114,condition1,f,l,filler,i,filler5,0.53,35,one_slider,
66,condition1,,,,,,0.4,,one_slider_practice,
66,condition1,,,,,,0.36,,one_slider_practice,
66,condition1,y,a,yQa,Q,patient,0,6,one_slider,
66,condition1,y,q,yDq,D,stylist,0.18,7,one_slider,
66,condition1,n,q,nQq,Q,coach,0.61,8,one_slider,
66,condition1,y,a,yQa,Q,travelagent,0.53,9,one_slider,
66,condition1,f,l,filler,i,filler2,0.8,10,one_slider,
66,condition1,y,q,yQq,Q,nutritionist,0.2,11,one_slider,
66,condition1,n,q,nQq,Q,chief,0.69,12,one_slider,
66,condition1,f,l,filler,i,filler6,0,13,one_slider,
66,condition1,f,l,filler,i,filler4,0,14,one_slider,
66,condition1,n,a,nDa,D,doctor,0.77,15,one_slider,
66,condition1,y,a,yQa,Q,queen,0.5,16,one_slider,
66,condition1,n,q,nDq,D,dentist,0.78,17,one_slider,
66,condition1,n,a,nDa,D,troopleader,0.66,18,one_slider,
66,condition1,n,a,nDa,D,groom,0.62,19,one_slider,
66,condition1,y,a,yDa,D,conductor,0.23,20,one_slider,
66,condition1,n,a,nQa,Q,scientist,0.42,21,one_slider,
66,condition1,n,a,nQa,Q,CEO,0.18,22,one_slider,
66,condition1,n,q,nQq,Q,fan,0.66,23,one_slider,
66,condition1,n,q,nDq,D,priest,0.76,24,one_slider,
66,condition1,f,l,filler,i,filler1,0.77,25,one_slider,
66,condition1,n,q,nDq,D,pianist,0.59,26,one_slider,
66,condition1,y,q,yQq,Q,professor,0.64,27,one_slider,
66,condition1,y,a,yDa,D,bartender,0.62,28,one_slider,
66,condition1,f,l,filler,i,filler3,0.72,29,one_slider,
66,condition1,y,q,yDq,D,playwright,0.24,30,one_slider,
66,condition1,n,a,nQa,Q,chef,0.48,31,one_slider,
66,condition1,f,l,filler,i,filler5,0.24,32,one_slider,
66,condition1,y,q,yDq,D,choreographer,0.53,33,one_slider,
66,condition1,y,a,yDa,D,pilot,0.53,34,one_slider,
66,condition1,y,q,yQq,Q,artist,0.84,35,one_slider,
89,condition1,,,,,,0.65,,one_slider_practice,
89,condition1,,,,,,1,,one_slider_practice,
89,condition1,n,a,nQa,Q,conductor,0.84,6,one_slider,
89,condition1,y,q,yQq,Q,queen,1,7,one_slider,
89,condition1,y,a,yQa,Q,pilot,0,8,one_slider,
89,condition1,f,l,filler,i,filler1,0.21,9,one_slider,
89,condition1,n,q,nQq,Q,patient,0.92,10,one_slider,
89,condition1,f,l,filler,i,filler4,0,11,one_slider,
89,condition1,y,a,yDa,D,coach,0.91,12,one_slider,
89,condition1,n,a,nDa,D,groom,0.8,13,one_slider,
89,condition1,n,a,nQa,Q,chief,0.81,14,one_slider,
89,condition1,y,a,yQa,Q,troopleader,0.86,15,one_slider,
89,condition1,f,l,filler,i,filler5,0.05,16,one_slider,
89,condition1,n,q,nQq,Q,travelagent,0.85,17,one_slider,
89,condition1,f,l,filler,i,filler6,0,18,one_slider,
89,condition1,y,q,yDq,D,artist,1,19,one_slider,
89,condition1,y,a,yDa,D,chef,0.99,20,one_slider,
89,condition1,n,a,nDa,D,playwright,0.83,21,one_slider,
89,condition1,y,q,yQq,Q,pianist,0,22,one_slider,
89,condition1,y,a,yDa,D,fan,0.78,23,one_slider,
89,condition1,f,l,filler,i,filler2,0.32,24,one_slider,
89,condition1,y,a,yQa,Q,doctor,0.86,25,one_slider,
89,condition1,y,q,yDq,D,bartender,1,26,one_slider,
89,condition1,f,l,filler,i,filler3,0,27,one_slider,
89,condition1,n,a,nDa,D,scientist,0.83,28,one_slider,
89,condition1,n,q,nDq,D,dentist,0.61,29,one_slider,
89,condition1,n,q,nDq,D,CEO,0.81,30,one_slider,
89,condition1,y,q,yQq,Q,nutritionist,0,31,one_slider,
89,condition1,n,q,nQq,Q,stylist,0.09,32,one_slider,
89,condition1,n,q,nDq,D,priest,1,33,one_slider,
89,condition1,y,q,yDq,D,professor,0.78,34,one_slider,
89,condition1,n,a,nQa,Q,choreographer,0.67,35,one_slider,
79,condition1,,,,,,0.66,,one_slider_practice,
79,condition1,,,,,,0.98,,one_slider_practice,
79,condition1,n,q,nDq,D,pianist,0.61,6,one_slider,
79,condition1,n,a,nQa,Q,stylist,0.47,7,one_slider,
79,condition1,y,q,yQq,Q,travelagent,0.72,8,one_slider,
79,condition1,f,l,filler,i,filler6,0.18,9,one_slider,
79,condition1,n,q,nDq,D,doctor,0.84,10,one_slider,
79,condition1,f,l,filler,i,filler4,0,11,one_slider,
79,condition1,y,a,yDa,D,playwright,0.6,12,one_slider,
79,condition1,y,q,yDq,D,scientist,0.84,13,one_slider,
79,condition1,y,q,yDq,D,CEO,0.3,14,one_slider,
79,condition1,n,q,nQq,Q,pilot,0.58,15,one_slider,
79,condition1,n,a,nDa,D,coach,1,16,one_slider,
79,condition1,y,q,yQq,Q,artist,0.8,17,one_slider,
79,condition1,f,l,filler,i,filler2,0.98,18,one_slider,
79,condition1,y,a,yQa,Q,bartender,0.64,19,one_slider,
79,condition1,n,q,nQq,Q,chief,0.94,20,one_slider,
79,condition1,n,a,nQa,Q,queen,0.95,21,one_slider,
79,condition1,f,l,filler,i,filler3,0.25,22,one_slider,
79,condition1,n,a,nDa,D,dentist,0.83,23,one_slider,
79,condition1,y,a,yQa,Q,professor,0.24,24,one_slider,
79,condition1,y,a,yDa,D,priest,0.84,25,one_slider,
79,condition1,y,q,yDq,D,chef,0.55,26,one_slider,
79,condition1,f,l,filler,i,filler1,0.92,27,one_slider,
79,condition1,f,l,filler,i,filler5,0.06,28,one_slider,
79,condition1,n,a,nDa,D,conductor,0.55,29,one_slider,
79,condition1,y,a,yQa,Q,fan,0.04,30,one_slider,
79,condition1,y,a,yDa,D,patient,0.3,31,one_slider,
79,condition1,n,q,nDq,D,groom,0.51,32,one_slider,
79,condition1,n,q,nQq,Q,troopleader,0.61,33,one_slider,
79,condition1,n,a,nQa,Q,nutritionist,0.76,34,one_slider,
79,condition1,y,q,yQq,Q,choreographer,0.36,35,one_slider,
69,condition1,,,,,,0.23,,one_slider_practice,
69,condition1,,,,,,0.62,,one_slider_practice,
69,condition1,n,q,nQq,Q,playwright,0.67,6,one_slider,
69,condition1,y,q,yDq,D,CEO,0.64,7,one_slider,
69,condition1,y,q,yDq,D,conductor,0.63,8,one_slider,
69,condition1,n,a,nDa,D,chef,0.82,9,one_slider,
69,condition1,f,l,filler,i,filler2,0.81,10,one_slider,
69,condition1,y,q,yQq,Q,fan,0.73,11,one_slider,
69,condition1,n,q,nDq,D,doctor,0.95,12,one_slider,
69,condition1,n,q,nDq,D,chief,0.92,13,one_slider,
69,condition1,f,l,filler,i,filler6,0.03,14,one_slider,
69,condition1,y,a,yQa,Q,scientist,0.81,15,one_slider,
69,condition1,y,q,yQq,Q,stylist,0.45,16,one_slider,
69,condition1,y,a,yDa,D,queen,0.66,17,one_slider,
69,condition1,y,a,yDa,D,priest,0.91,18,one_slider,
69,condition1,y,q,yDq,D,choreographer,0.81,19,one_slider,
69,condition1,f,l,filler,i,filler1,0.58,20,one_slider,
69,condition1,y,a,yQa,Q,nutritionist,0.49,21,one_slider,
69,condition1,f,l,filler,i,filler4,0.94,22,one_slider,
69,condition1,f,l,filler,i,filler5,0.57,23,one_slider,
69,condition1,n,a,nDa,D,coach,0.91,24,one_slider,
69,condition1,n,a,nQa,Q,dentist,0.53,25,one_slider,
69,condition1,n,a,nQa,Q,pianist,0.5,26,one_slider,
69,condition1,n,q,nQq,Q,bartender,0.61,27,one_slider,
69,condition1,n,q,nDq,D,troopleader,0.55,28,one_slider,
69,condition1,y,a,yQa,Q,pilot,0.58,29,one_slider,
69,condition1,n,a,nQa,Q,groom,0.58,30,one_slider,
69,condition1,f,l,filler,i,filler3,0.89,31,one_slider,
69,condition1,y,q,yQq,Q,artist,0.97,32,one_slider,
69,condition1,y,a,yDa,D,travelagent,0.84,33,one_slider,
69,condition1,n,q,nQq,Q,patient,0.83,34,one_slider,
69,condition1,n,a,nDa,D,professor,0.68,35,one_slider,
39,condition1,,,,,,1,,one_slider_practice,
39,condition1,,,,,,0.84,,one_slider_practice,
39,condition1,n,q,nDq,D,chef,0.67,6,one_slider,
39,condition1,y,a,yDa,D,pilot,0.33,7,one_slider,
39,condition1,f,l,filler,i,filler4,1,8,one_slider,
39,condition1,y,q,yQq,Q,stylist,0.81,9,one_slider,
39,condition1,n,a,nDa,D,playwright,0.25,10,one_slider,
39,condition1,y,a,yQa,Q,choreographer,0.57,11,one_slider,
39,condition1,n,q,nDq,D,bartender,0.95,12,one_slider,
39,condition1,n,a,nQa,Q,nutritionist,0.11,13,one_slider,
39,condition1,f,l,filler,i,filler1,0.84,14,one_slider,
39,condition1,f,l,filler,i,filler2,0,15,one_slider,
39,condition1,y,q,yDq,D,travelagent,0.04,16,one_slider,
39,condition1,n,a,nQa,Q,professor,0.1,17,one_slider,
39,condition1,n,a,nQa,Q,patient,0.94,18,one_slider,
39,condition1,y,q,yQq,Q,conductor,0.23,19,one_slider,
39,condition1,y,a,yDa,D,dentist,0.53,20,one_slider,
39,condition1,n,a,nDa,D,doctor,0.94,21,one_slider,
39,condition1,y,q,yDq,D,queen,0.8,22,one_slider,
39,condition1,n,q,nQq,Q,coach,0.64,23,one_slider,
39,condition1,f,l,filler,i,filler5,0.1,24,one_slider,
39,condition1,y,a,yDa,D,priest,0.98,25,one_slider,
39,condition1,f,l,filler,i,filler6,0.08,26,one_slider,
39,condition1,n,q,nQq,Q,scientist,0.09,27,one_slider,
39,condition1,y,q,yQq,Q,fan,0.51,28,one_slider,
39,condition1,n,q,nQq,Q,CEO,0.9,29,one_slider,
39,condition1,y,a,yQa,Q,pianist,0.84,30,one_slider,
39,condition1,n,q,nDq,D,artist,0.92,31,one_slider,
39,condition1,n,a,nDa,D,chief,0.49,32,one_slider,
39,condition1,f,l,filler,i,filler3,0.66,33,one_slider,
39,condition1,y,q,yDq,D,troopleader,0.67,34,one_slider,
39,condition1,y,a,yQa,Q,groom,0.92,35,one_slider,
53,condition1,,,,,,1,,one_slider_practice,
53,condition1,,,,,,1,,one_slider_practice,
53,condition1,n,q,nDq,D,chief,0.27,6,one_slider,
53,condition1,n,a,nQa,Q,troopleader,0.64,7,one_slider,
53,condition1,n,a,nQa,Q,travelagent,0.42,8,one_slider,
53,condition1,n,q,nQq,Q,conductor,0.1,9,one_slider,
53,condition1,f,l,filler,i,filler4,1,10,one_slider,
53,condition1,y,a,yQa,Q,choreographer,0.48,11,one_slider,
53,condition1,y,q,yQq,Q,CEO,1,12,one_slider,
53,condition1,n,q,nQq,Q,scientist,1,13,one_slider,
53,condition1,n,a,nQa,Q,doctor,0.88,14,one_slider,
53,condition1,y,a,yDa,D,dentist,0.32,15,one_slider,
53,condition1,f,l,filler,i,filler3,0.21,16,one_slider,
53,condition1,y,q,yDq,D,pilot,1,17,one_slider,
53,condition1,y,q,yDq,D,pianist,1,18,one_slider,
53,condition1,n,a,nDa,D,chef,0.69,19,one_slider,
53,condition1,n,q,nDq,D,stylist,0,20,one_slider,
53,condition1,n,a,nDa,D,coach,1,21,one_slider,
53,condition1,f,l,filler,i,filler1,1,22,one_slider,
53,condition1,n,q,nDq,D,fan,1,23,one_slider,
53,condition1,y,a,yQa,Q,artist,1,24,one_slider,
53,condition1,y,a,yDa,D,bartender,1,25,one_slider,
53,condition1,y,q,yQq,Q,patient,1,26,one_slider,
53,condition1,n,a,nDa,D,groom,0.23,27,one_slider,
53,condition1,y,a,yQa,Q,nutritionist,0.1,28,one_slider,
53,condition1,n,q,nQq,Q,professor,0.17,29,one_slider,
53,condition1,y,a,yDa,D,priest,0.63,30,one_slider,
53,condition1,y,q,yQq,Q,queen,0.83,31,one_slider,
53,condition1,f,l,filler,i,filler6,0,32,one_slider,
53,condition1,y,q,yDq,D,playwright,1,33,one_slider,
53,condition1,f,l,filler,i,filler2,0.78,34,one_slider,
53,condition1,f,l,filler,i,filler5,0,35,one_slider,
60,condition1,,,,,,0.01,,one_slider_practice,
60,condition1,,,,,,0.06,,one_slider_practice,
60,condition1,y,q,yDq,D,doctor,0.04,6,one_slider,
60,condition1,y,a,yDa,D,pianist,0.32,7,one_slider,
60,condition1,y,a,yQa,Q,travelagent,0.28,8,one_slider,
60,condition1,n,a,nDa,D,patient,0.45,9,one_slider,
60,condition1,y,q,yDq,D,stylist,0.41,10,one_slider,
60,condition1,y,q,yQq,Q,coach,0.49,11,one_slider,
60,condition1,f,l,filler,i,filler5,0.11,12,one_slider,
60,condition1,n,a,nDa,D,dentist,0.44,13,one_slider,
60,condition1,n,q,nQq,Q,troopleader,0.48,14,one_slider,
60,condition1,n,q,nDq,D,chief,0.54,15,one_slider,
60,condition1,y,q,yDq,D,queen,0.65,16,one_slider,
60,condition1,y,q,yQq,Q,artist,0.61,17,one_slider,
60,condition1,y,a,yQa,Q,fan,0.51,18,one_slider,
60,condition1,y,q,yQq,Q,choreographer,0.4,19,one_slider,
60,condition1,n,q,nQq,Q,scientist,0.56,20,one_slider,
60,condition1,n,a,nQa,Q,professor,0.52,21,one_slider,
60,condition1,f,l,filler,i,filler4,0.63,22,one_slider,
60,condition1,y,a,yQa,Q,playwright,0.53,23,one_slider,
60,condition1,n,q,nDq,D,chef,0.51,24,one_slider,
60,condition1,y,a,yDa,D,conductor,0.24,25,one_slider,
60,condition1,n,a,nQa,Q,nutritionist,0.65,26,one_slider,
60,condition1,n,a,nQa,Q,groom,0.18,27,one_slider,
60,condition1,f,l,filler,i,filler1,0.61,28,one_slider,
60,condition1,f,l,filler,i,filler6,0.05,29,one_slider,
60,condition1,f,l,filler,i,filler3,0.42,30,one_slider,
60,condition1,f,l,filler,i,filler2,0.49,31,one_slider,
60,condition1,y,a,yDa,D,priest,0.77,32,one_slider,
60,condition1,n,a,nDa,D,pilot,0.17,33,one_slider,
60,condition1,n,q,nQq,Q,CEO,0.64,34,one_slider,
60,condition1,n,q,nDq,D,bartender,0.81,35,one_slider,
97,condition1,,,,,,0.65,,one_slider_practice,
97,condition1,,,,,,0.48,,one_slider_practice,
97,condition1,n,q,nQq,Q,professor,0.58,6,one_slider,
97,condition1,y,a,yDa,D,CEO,0.25,7,one_slider,
97,condition1,n,q,nDq,D,travelagent,0.77,8,one_slider,
97,condition1,y,a,yDa,D,groom,0.68,9,one_slider,
97,condition1,n,a,nQa,Q,pilot,0.28,10,one_slider,
97,condition1,y,q,yQq,Q,chief,0.81,11,one_slider,
97,condition1,f,l,filler,i,filler5,0.42,12,one_slider,
97,condition1,n,a,nDa,D,bartender,0.86,13,one_slider,
97,condition1,y,a,yDa,D,doctor,0.83,14,one_slider,
97,condition1,f,l,filler,i,filler6,0.07,15,one_slider,
97,condition1,n,a,nDa,D,nutritionist,0.86,16,one_slider,
97,condition1,n,q,nDq,D,artist,1,17,one_slider,
97,condition1,n,a,nDa,D,queen,0.81,18,one_slider,
97,condition1,y,a,yQa,Q,conductor,0.73,19,one_slider,
97,condition1,f,l,filler,i,filler4,0.95,20,one_slider,
97,condition1,n,a,nQa,Q,dentist,0.86,21,one_slider,
97,condition1,y,q,yQq,Q,playwright,1,22,one_slider,
97,condition1,n,q,nQq,Q,pianist,0.62,23,one_slider,
97,condition1,f,l,filler,i,filler2,0.96,24,one_slider,
97,condition1,n,q,nDq,D,coach,0.74,25,one_slider,
97,condition1,f,l,filler,i,filler1,0.85,26,one_slider,
97,condition1,y,a,yQa,Q,chef,0.17,27,one_slider,
97,condition1,y,q,yDq,D,patient,0.75,28,one_slider,
97,condition1,y,q,yQq,Q,troopleader,0.82,29,one_slider,
97,condition1,f,l,filler,i,filler3,0.31,30,one_slider,
97,condition1,y,a,yQa,Q,choreographer,0.67,31,one_slider,
97,condition1,y,q,yDq,D,priest,0.99,32,one_slider,
97,condition1,n,q,nQq,Q,stylist,0.87,33,one_slider,
97,condition1,y,q,yDq,D,scientist,0.82,34,one_slider,
97,condition1,n,a,nQa,Q,fan,0.22,35,one_slider,
28,condition1,,,,,,1,,one_slider_practice,
28,condition1,,,,,,0.99,,one_slider_practice,
28,condition1,f,l,filler,i,filler6,0.02,6,one_slider,
28,condition1,y,q,yDq,D,coach,0.56,7,one_slider,
28,condition1,n,q,nDq,D,travelagent,0.95,8,one_slider,
28,condition1,f,l,filler,i,filler4,0.23,9,one_slider,
28,condition1,y,a,yQa,Q,nutritionist,0.52,10,one_slider,
28,condition1,y,q,yQq,Q,groom,0.96,11,one_slider,
28,condition1,n,q,nQq,Q,playwright,0.78,12,one_slider,
28,condition1,f,l,filler,i,filler2,0.49,13,one_slider,
28,condition1,n,a,nQa,Q,queen,0.95,14,one_slider,
28,condition1,y,a,yQa,Q,chief,0.97,15,one_slider,
28,condition1,n,q,nDq,D,chef,0.93,16,one_slider,
28,condition1,y,a,yDa,D,conductor,0.54,17,one_slider,
28,condition1,f,l,filler,i,filler3,0.52,18,one_slider,
28,condition1,y,q,yQq,Q,pilot,0.86,19,one_slider,
28,condition1,y,a,yDa,D,pianist,0.96,20,one_slider,
28,condition1,y,q,yDq,D,patient,0.34,21,one_slider,
28,condition1,y,a,yDa,D,artist,0.95,22,one_slider,
28,condition1,n,a,nQa,Q,priest,0.57,23,one_slider,
28,condition1,y,q,yQq,Q,scientist,0.16,24,one_slider,
28,condition1,y,q,yDq,D,dentist,0.73,25,one_slider,
28,condition1,n,a,nDa,D,professor,0.91,26,one_slider,
28,condition1,n,q,nDq,D,CEO,0.98,27,one_slider,
28,condition1,f,l,filler,i,filler1,0.53,28,one_slider,
28,condition1,n,a,nDa,D,bartender,0.83,29,one_slider,
28,condition1,n,q,nQq,Q,choreographer,0.51,30,one_slider,
28,condition1,n,q,nQq,Q,doctor,0.21,31,one_slider,
28,condition1,f,l,filler,i,filler5,0.07,32,one_slider,
28,condition1,n,a,nQa,Q,fan,0.87,33,one_slider,
28,condition1,y,a,yQa,Q,troopleader,0.93,34,one_slider,
28,condition1,n,a,nDa,D,stylist,0.77,35,one_slider,
47,condition1,,,,,,0.93,,one_slider_practice,
47,condition1,,,,,,1,,one_slider_practice,
47,condition1,n,q,nQq,Q,queen,0.96,6,one_slider,
47,condition1,n,q,nDq,D,pianist,0.94,7,one_slider,
47,condition1,n,a,nDa,D,pilot,0.08,8,one_slider,
47,condition1,n,a,nDa,D,stylist,0.96,9,one_slider,
47,condition1,f,l,filler,i,filler1,0.99,10,one_slider,
47,condition1,y,q,yDq,D,travelagent,0.09,11,one_slider,
47,condition1,n,q,nDq,D,troopleader,0.97,12,one_slider,
47,condition1,n,q,nQq,Q,fan,0.15,13,one_slider,
47,condition1,n,a,nQa,Q,coach,0.51,14,one_slider,
47,condition1,y,a,yQa,Q,bartender,0.95,15,one_slider,
47,condition1,y,q,yDq,D,playwright,0.95,16,one_slider,
47,condition1,f,l,filler,i,filler6,0.05,17,one_slider,
47,condition1,y,a,yQa,Q,groom,0.25,18,one_slider,
47,condition1,y,a,yQa,Q,chief,0.93,19,one_slider,
47,condition1,y,a,yDa,D,choreographer,0.42,20,one_slider,
47,condition1,f,l,filler,i,filler5,0.47,21,one_slider,
47,condition1,n,a,nQa,Q,CEO,0.98,22,one_slider,
47,condition1,f,l,filler,i,filler4,0.92,23,one_slider,
47,condition1,y,q,yQq,Q,artist,0.95,24,one_slider,
47,condition1,f,l,filler,i,filler3,0.1,25,one_slider,
47,condition1,n,q,nDq,D,chef,0.94,26,one_slider,
47,condition1,y,q,yQq,Q,scientist,0.96,27,one_slider,
47,condition1,y,a,yDa,D,nutritionist,0.15,28,one_slider,
47,condition1,f,l,filler,i,filler2,0.11,29,one_slider,
47,condition1,n,q,nQq,Q,conductor,0.57,30,one_slider,
47,condition1,y,q,yQq,Q,patient,0.08,31,one_slider,
47,condition1,y,a,yDa,D,professor,0.45,32,one_slider,
47,condition1,n,a,nQa,Q,priest,0.97,33,one_slider,
47,condition1,n,a,nDa,D,doctor,0.98,34,one_slider,
47,condition1,y,q,yDq,D,dentist,0.09,35,one_slider,
41,condition1,,,,,,0.77,,one_slider_practice,
41,condition1,,,,,,0.72,,one_slider_practice,
41,condition1,n,a,nQa,Q,bartender,0.39,6,one_slider,
41,condition1,y,a,yDa,D,pilot,0.39,7,one_slider,
41,condition1,f,l,filler,i,filler4,0.16,8,one_slider,
41,condition1,f,l,filler,i,filler1,0.69,9,one_slider,
41,condition1,y,q,yDq,D,choreographer,0.55,10,one_slider,
41,condition1,f,l,filler,i,filler2,0.69,11,one_slider,
41,condition1,y,q,yQq,Q,CEO,0.73,12,one_slider,
41,condition1,y,q,yDq,D,travelagent,0.55,13,one_slider,
41,condition1,y,q,yDq,D,chef,0.41,14,one_slider,
41,condition1,f,l,filler,i,filler6,0.57,15,one_slider,
41,condition1,y,q,yQq,Q,dentist,0.6,16,one_slider,
41,condition1,n,q,nDq,D,chief,0.78,17,one_slider,
41,condition1,y,a,yDa,D,conductor,0.7,18,one_slider,
41,condition1,n,q,nQq,Q,groom,0.61,19,one_slider,
41,condition1,n,a,nQa,Q,stylist,0.83,20,one_slider,
41,condition1,n,q,nDq,D,nutritionist,0.75,21,one_slider,
41,condition1,y,a,yQa,Q,artist,0.69,22,one_slider,
41,condition1,n,a,nDa,D,pianist,0.64,23,one_slider,
41,condition1,y,a,yDa,D,troopleader,0.72,24,one_slider,
41,condition1,y,a,yQa,Q,queen,0.6,25,one_slider,
41,condition1,n,a,nDa,D,patient,0.77,26,one_slider,
41,condition1,n,q,nQq,Q,fan,0.61,27,one_slider,
41,condition1,n,a,nQa,Q,professor,0.74,28,one_slider,
41,condition1,n,q,nQq,Q,coach,0.82,29,one_slider,
41,condition1,f,l,filler,i,filler3,0.82,30,one_slider,
41,condition1,n,q,nDq,D,playwright,0.89,31,one_slider,
41,condition1,y,a,yQa,Q,scientist,0.74,32,one_slider,
41,condition1,f,l,filler,i,filler5,0.44,33,one_slider,
41,condition1,n,a,nDa,D,doctor,0.68,34,one_slider,
41,condition1,y,q,yQq,Q,priest,0.77,35,one_slider,
46,condition1,,,,,,0.43,,one_slider_practice,
46,condition1,,,,,,0.98,,one_slider_practice,
46,condition1,n,q,nQq,Q,conductor,0.37,6,one_slider,
46,condition1,n,q,nQq,Q,bartender,0.89,7,one_slider,
46,condition1,f,l,filler,i,filler6,0.05,8,one_slider,
46,condition1,y,a,yQa,Q,doctor,0.84,9,one_slider,
46,condition1,y,q,yQq,Q,pilot,0,10,one_slider,
46,condition1,y,a,yDa,D,choreographer,0.83,11,one_slider,
46,condition1,y,q,yQq,Q,artist,0.39,12,one_slider,
46,condition1,f,l,filler,i,filler2,0.78,13,one_slider,
46,condition1,n,a,nQa,Q,priest,0.76,14,one_slider,
46,condition1,n,q,nDq,D,coach,1,15,one_slider,
46,condition1,y,a,yQa,Q,professor,0.77,16,one_slider,
46,condition1,n,a,nDa,D,scientist,0.24,17,one_slider,
46,condition1,n,q,nDq,D,pianist,0.91,18,one_slider,
46,condition1,n,a,nDa,D,groom,0.93,19,one_slider,
46,condition1,y,a,yDa,D,chef,0.89,20,one_slider,
46,condition1,y,q,yDq,D,stylist,0.11,21,one_slider,
46,condition1,y,a,yQa,Q,CEO,0.37,22,one_slider,
46,condition1,y,q,yQq,Q,chief,0.91,23,one_slider,
46,condition1,f,l,filler,i,filler3,0.92,24,one_slider,
46,condition1,y,q,yDq,D,nutritionist,0.29,25,one_slider,
46,condition1,n,q,nDq,D,patient,0.91,26,one_slider,
46,condition1,f,l,filler,i,filler1,0.84,27,one_slider,
46,condition1,y,a,yDa,D,dentist,0.83,28,one_slider,
46,condition1,n,a,nQa,Q,travelagent,0.86,29,one_slider,
46,condition1,n,a,nDa,D,playwright,0.89,30,one_slider,
46,condition1,n,a,nQa,Q,fan,0.89,31,one_slider,
46,condition1,f,l,filler,i,filler4,0.86,32,one_slider,
46,condition1,y,q,yDq,D,troopleader,0.21,33,one_slider,
46,condition1,f,l,filler,i,filler5,0.05,34,one_slider,
46,condition1,n,q,nQq,Q,queen,0.88,35,one_slider,
85,condition1,,,,,,0.45,,one_slider_practice,
85,condition1,,,,,,0.74,,one_slider_practice,
85,condition1,y,a,yDa,D,chef,0.58,6,one_slider,
85,condition1,y,q,yDq,D,choreographer,0.25,7,one_slider,
85,condition1,n,a,nQa,Q,scientist,0.72,8,one_slider,
85,condition1,n,q,nDq,D,bartender,0.78,9,one_slider,
85,condition1,n,a,nQa,Q,doctor,0.69,10,one_slider,
85,condition1,f,l,filler,i,filler1,0.67,11,one_slider,
85,condition1,n,q,nQq,Q,artist,0.69,12,one_slider,
85,condition1,y,q,yQq,Q,travelagent,0.28,13,one_slider,
85,condition1,n,q,nQq,Q,chief,0.46,14,one_slider,
85,condition1,y,q,yDq,D,stylist,0.74,15,one_slider,
85,condition1,n,q,nQq,Q,playwright,0.37,16,one_slider,
85,condition1,n,a,nQa,Q,groom,0.27,17,one_slider,
85,condition1,f,l,filler,i,filler5,0.21,18,one_slider,
85,condition1,f,l,filler,i,filler4,0.8,19,one_slider,
85,condition1,y,q,yDq,D,professor,0.67,20,one_slider,
85,condition1,n,a,nDa,D,pianist,0.73,21,one_slider,
85,condition1,f,l,filler,i,filler2,0.13,22,one_slider,
85,condition1,y,a,yQa,Q,dentist,0.09,23,one_slider,
85,condition1,f,l,filler,i,filler6,0.19,24,one_slider,
85,condition1,n,q,nDq,D,fan,0.73,25,one_slider,
85,condition1,n,q,nDq,D,coach,0.68,26,one_slider,
85,condition1,n,a,nDa,D,queen,0.82,27,one_slider,
85,condition1,y,a,yQa,Q,patient,0.21,28,one_slider,
85,condition1,n,a,nDa,D,pilot,0.29,29,one_slider,
85,condition1,y,a,yQa,Q,CEO,0.84,30,one_slider,
85,condition1,y,q,yQq,Q,nutritionist,0.13,31,one_slider,
85,condition1,y,a,yDa,D,troopleader,0.75,32,one_slider,
85,condition1,f,l,filler,i,filler3,0.05,33,one_slider,
85,condition1,y,q,yQq,Q,priest,0.86,34,one_slider,
85,condition1,y,a,yDa,D,conductor,0.75,35,one_slider,
48,condition1,,,,,,0.32,,one_slider_practice,
48,condition1,,,,,,0.59,,one_slider_practice,
48,condition1,n,a,nDa,D,bartender,0.14,6,one_slider,
48,condition1,f,l,filler,i,filler6,0.35,7,one_slider,
48,condition1,y,q,yQq,Q,coach,0.42,8,one_slider,
48,condition1,y,a,yQa,Q,CEO,0.66,9,one_slider,
48,condition1,n,a,nQa,Q,troopleader,0.39,10,one_slider,
48,condition1,n,a,nQa,Q,choreographer,0.43,11,one_slider,
48,condition1,n,q,nDq,D,doctor,0.7,12,one_slider,
48,condition1,y,q,yQq,Q,stylist,0.78,13,one_slider,
48,condition1,n,a,nQa,Q,conductor,0.78,14,one_slider,
48,condition1,n,q,nQq,Q,patient,0.32,15,one_slider,
48,condition1,n,a,nDa,D,travelagent,0.58,16,one_slider,
48,condition1,y,q,yDq,D,chef,0.57,17,one_slider,
48,condition1,f,l,filler,i,filler4,0.63,18,one_slider,
48,condition1,f,l,filler,i,filler5,0.85,19,one_slider,
48,condition1,y,a,yQa,Q,pianist,0.84,20,one_slider,
48,condition1,f,l,filler,i,filler1,0.78,21,one_slider,
48,condition1,f,l,filler,i,filler3,0.77,22,one_slider,
48,condition1,y,q,yQq,Q,scientist,0.77,23,one_slider,
48,condition1,n,q,nQq,Q,queen,0.7,24,one_slider,
48,condition1,y,a,yDa,D,pilot,0.21,25,one_slider,
48,condition1,y,a,yDa,D,groom,0.29,26,one_slider,
48,condition1,y,a,yDa,D,artist,0.63,27,one_slider,
48,condition1,y,a,yQa,Q,chief,0.7,28,one_slider,
48,condition1,f,l,filler,i,filler2,0.67,29,one_slider,
48,condition1,y,q,yDq,D,dentist,0.7,30,one_slider,
48,condition1,n,q,nDq,D,fan,0.4,31,one_slider,
48,condition1,n,q,nQq,Q,priest,0.95,32,one_slider,
48,condition1,n,a,nDa,D,professor,0.62,33,one_slider,
48,condition1,n,q,nDq,D,nutritionist,0.72,34,one_slider,
48,condition1,y,q,yDq,D,playwright,1,35,one_slider,
99,condition1,,,,,,0.88,,one_slider_practice,
99,condition1,,,,,,0.41,,one_slider_practice,
99,condition1,y,q,yQq,Q,professor,0.21,6,one_slider,
99,condition1,n,a,nDa,D,bartender,0.76,7,one_slider,
99,condition1,y,a,yDa,D,doctor,0.81,8,one_slider,
99,condition1,f,l,filler,i,filler4,0.3,9,one_slider,
99,condition1,n,a,nDa,D,chef,0.86,10,one_slider,
99,condition1,y,a,yQa,Q,stylist,0.76,11,one_slider,
99,condition1,f,l,filler,i,filler2,0.76,12,one_slider,
99,condition1,y,q,yQq,Q,patient,0.56,13,one_slider,
99,condition1,y,q,yDq,D,priest,0.69,14,one_slider,
99,condition1,y,a,yQa,Q,scientist,0.75,15,one_slider,
99,condition1,y,a,yDa,D,chief,0.48,16,one_slider,
99,condition1,y,a,yDa,D,fan,0.75,17,one_slider,
99,condition1,y,q,yDq,D,groom,0.28,18,one_slider,
99,condition1,f,l,filler,i,filler3,0.59,19,one_slider,
99,condition1,n,q,nDq,D,CEO,0.77,20,one_slider,
99,condition1,n,q,nQq,Q,playwright,0.67,21,one_slider,
99,condition1,f,l,filler,i,filler6,0.2,22,one_slider,
99,condition1,f,l,filler,i,filler1,0.68,23,one_slider,
99,condition1,n,q,nDq,D,coach,0.75,24,one_slider,
99,condition1,y,q,yQq,Q,conductor,0.26,25,one_slider,
99,condition1,n,a,nQa,Q,choreographer,0.26,26,one_slider,
99,condition1,n,a,nQa,Q,artist,0.75,27,one_slider,
99,condition1,n,q,nQq,Q,dentist,0.16,28,one_slider,
99,condition1,n,q,nQq,Q,troopleader,0.56,29,one_slider,
99,condition1,n,q,nDq,D,nutritionist,0.08,30,one_slider,
99,condition1,y,a,yQa,Q,queen,0.58,31,one_slider,
99,condition1,f,l,filler,i,filler5,0.27,32,one_slider,
99,condition1,n,a,nQa,Q,pilot,0.58,33,one_slider,
99,condition1,n,a,nDa,D,pianist,0.86,34,one_slider,
99,condition1,y,q,yDq,D,travelagent,0.75,35,one_slider,
105,condition1,,,,,,0.19,,one_slider_practice,
105,condition1,,,,,,0.82,,one_slider_practice,
105,condition1,f,l,filler,i,filler5,0.17,6,one_slider,
105,condition1,n,q,nQq,Q,fan,0.19,7,one_slider,
105,condition1,y,a,yQa,Q,doctor,0.23,8,one_slider,
105,condition1,n,q,nDq,D,dentist,0.26,9,one_slider,
105,condition1,y,q,yDq,D,groom,0.83,10,one_slider,
105,condition1,y,a,yDa,D,choreographer,0.33,11,one_slider,
105,condition1,y,a,yDa,D,chief,0.36,12,one_slider,
105,condition1,n,q,nQq,Q,pianist,0.56,13,one_slider,
105,condition1,f,l,filler,i,filler3,0.41,14,one_slider,
105,condition1,f,l,filler,i,filler2,0.44,15,one_slider,
105,condition1,y,a,yQa,Q,queen,0.73,16,one_slider,
105,condition1,y,q,yQq,Q,artist,0.6,17,one_slider,
105,condition1,f,l,filler,i,filler4,0.44,18,one_slider,
105,condition1,n,q,nQq,Q,troopleader,0.6,19,one_slider,
105,condition1,n,a,nDa,D,CEO,0.54,20,one_slider,
105,condition1,f,l,filler,i,filler6,0.39,21,one_slider,
105,condition1,n,q,nDq,D,nutritionist,0.23,22,one_slider,
105,condition1,n,a,nDa,D,coach,0.42,23,one_slider,
105,condition1,y,q,yDq,D,priest,0.61,24,one_slider,
105,condition1,y,q,yQq,Q,conductor,0.24,25,one_slider,
105,condition1,f,l,filler,i,filler1,0.7,26,one_slider,
105,condition1,y,a,yQa,Q,patient,0.66,27,one_slider,
105,condition1,y,q,yQq,Q,chef,0.57,28,one_slider,
105,condition1,n,q,nDq,D,playwright,0.73,29,one_slider,
105,condition1,y,a,yDa,D,professor,0.65,30,one_slider,
105,condition1,n,a,nDa,D,bartender,0.84,31,one_slider,
105,condition1,n,a,nQa,Q,pilot,0.32,32,one_slider,
105,condition1,n,a,nQa,Q,scientist,0.56,33,one_slider,
105,condition1,n,a,nQa,Q,travelagent,0.7,34,one_slider,
105,condition1,y,q,yDq,D,stylist,0.67,35,one_slider,
96,condition1,,,,,,0.75,,one_slider_practice,
96,condition1,,,,,,0,,one_slider_practice,
96,condition1,y,a,yQa,Q,choreographer,0,6,one_slider,
96,condition1,n,a,nDa,D,playwright,0.67,7,one_slider,
96,condition1,n,a,nQa,Q,travelagent,0.3,8,one_slider,
96,condition1,y,q,yDq,D,pianist,0.48,9,one_slider,
96,condition1,n,q,nDq,D,dentist,0.27,10,one_slider,
96,condition1,y,a,yDa,D,fan,0.01,11,one_slider,
96,condition1,f,l,filler,i,filler4,0.18,12,one_slider,
96,condition1,n,a,nDa,D,artist,0.22,13,one_slider,
96,condition1,f,l,filler,i,filler3,0,14,one_slider,
96,condition1,n,q,nQq,Q,priest,0.42,15,one_slider,
96,condition1,y,q,yQq,Q,patient,0.96,16,one_slider,
96,condition1,n,q,nQq,Q,coach,0.1,17,one_slider,
96,condition1,f,l,filler,i,filler1,0.73,18,one_slider,
96,condition1,n,q,nDq,D,groom,0.35,19,one_slider,
96,condition1,f,l,filler,i,filler2,0.05,20,one_slider,
96,condition1,y,a,yDa,D,troopleader,0.32,21,one_slider,
96,condition1,n,a,nQa,Q,stylist,0,22,one_slider,
96,condition1,y,a,yDa,D,nutritionist,0.46,23,one_slider,
96,condition1,n,q,nDq,D,conductor,0,24,one_slider,
96,condition1,n,a,nQa,Q,CEO,0.73,25,one_slider,
96,condition1,y,q,yDq,D,professor,0.73,26,one_slider,
96,condition1,f,l,filler,i,filler5,0,27,one_slider,
96,condition1,y,q,yQq,Q,queen,0.98,28,one_slider,
96,condition1,f,l,filler,i,filler6,0,29,one_slider,
96,condition1,n,a,nDa,D,chef,0.68,30,one_slider,
96,condition1,y,q,yQq,Q,bartender,0.61,31,one_slider,
96,condition1,y,a,yQa,Q,chief,0.32,32,one_slider,
96,condition1,y,q,yDq,D,scientist,0.22,33,one_slider,
96,condition1,n,q,nQq,Q,doctor,0.2,34,one_slider,
96,condition1,y,a,yQa,Q,pilot,0.02,35,one_slider,
36,condition1,,,,,,0.74,,one_slider_practice,
36,condition1,,,,,,0.49,,one_slider_practice,
36,condition1,n,a,nDa,D,coach,0.42,6,one_slider,
36,condition1,y,q,yDq,D,priest,0.67,7,one_slider,
36,condition1,y,a,yDa,D,dentist,0.37,8,one_slider,
36,condition1,y,a,yQa,Q,scientist,0.5,9,one_slider,
36,condition1,y,a,yDa,D,chief,0.58,10,one_slider,
36,condition1,y,q,yDq,D,playwright,0.51,11,one_slider,
36,condition1,y,a,yDa,D,queen,0.32,12,one_slider,
36,condition1,y,q,yQq,Q,troopleader,0.46,13,one_slider,
36,condition1,n,a,nQa,Q,pilot,0.39,14,one_slider,
36,condition1,y,a,yQa,Q,CEO,0.32,15,one_slider,
36,condition1,y,q,yQq,Q,patient,0.59,16,one_slider,
36,condition1,y,q,yQq,Q,fan,0.41,17,one_slider,
36,condition1,f,l,filler,i,filler5,0.25,18,one_slider,
36,condition1,n,q,nQq,Q,professor,0.41,19,one_slider,
36,condition1,f,l,filler,i,filler1,0.53,20,one_slider,
36,condition1,n,a,nQa,Q,artist,0.44,21,one_slider,
36,condition1,y,q,yDq,D,travelagent,0.35,22,one_slider,
36,condition1,f,l,filler,i,filler3,0.44,23,one_slider,
36,condition1,n,q,nDq,D,pianist,0.72,24,one_slider,
36,condition1,n,a,nQa,Q,groom,0.36,25,one_slider,
36,condition1,n,q,nQq,Q,chef,0.43,26,one_slider,
36,condition1,n,a,nDa,D,choreographer,0.45,27,one_slider,
36,condition1,f,l,filler,i,filler6,0.36,28,one_slider,
36,condition1,n,q,nDq,D,nutritionist,0.69,29,one_slider,
36,condition1,f,l,filler,i,filler2,0.47,30,one_slider,
36,condition1,y,a,yQa,Q,bartender,0.69,31,one_slider,
36,condition1,n,q,nQq,Q,doctor,0.71,32,one_slider,
36,condition1,n,a,nDa,D,conductor,0.41,33,one_slider,
36,condition1,f,l,filler,i,filler4,0.68,34,one_slider,
36,condition1,n,q,nDq,D,stylist,0.69,35,one_slider,
129,condition1,,,,,,0.74,,one_slider_practice,
129,condition1,,,,,,0.93,,one_slider_practice,
129,condition1,f,l,filler,i,filler6,0.26,6,one_slider,
129,condition1,n,q,nQq,Q,pianist,0.88,7,one_slider,
129,condition1,n,a,nQa,Q,artist,0.59,8,one_slider,
129,condition1,n,a,nDa,D,priest,1,9,one_slider,
129,condition1,n,q,nDq,D,groom,0.89,10,one_slider,
129,condition1,y,a,yQa,Q,playwright,0.83,11,one_slider,
129,condition1,y,q,yQq,Q,scientist,0.75,12,one_slider,
129,condition1,y,q,yDq,D,bartender,0.68,13,one_slider,
129,condition1,n,q,nQq,Q,travelagent,0.77,14,one_slider,
129,condition1,n,a,nQa,Q,chief,0.9,15,one_slider,
129,condition1,n,a,nDa,D,pilot,0.83,16,one_slider,
129,condition1,f,l,filler,i,filler2,0.59,17,one_slider,
129,condition1,y,q,yDq,D,nutritionist,0.53,18,one_slider,
129,condition1,f,l,filler,i,filler1,0.78,19,one_slider,
129,condition1,y,q,yQq,Q,conductor,0.44,20,one_slider,
129,condition1,y,a,yDa,D,troopleader,0.57,21,one_slider,
129,condition1,n,q,nDq,D,dentist,0.77,22,one_slider,
129,condition1,y,a,yDa,D,chef,0.41,23,one_slider,
129,condition1,n,a,nQa,Q,stylist,0.31,24,one_slider,
129,condition1,f,l,filler,i,filler5,0.01,25,one_slider,
129,condition1,n,q,nDq,D,queen,0.91,26,one_slider,
129,condition1,f,l,filler,i,filler4,0.44,27,one_slider,
129,condition1,y,a,yQa,Q,doctor,0.53,28,one_slider,
129,condition1,y,a,yDa,D,fan,0.73,29,one_slider,
129,condition1,n,q,nQq,Q,patient,0.6,30,one_slider,
129,condition1,y,a,yQa,Q,coach,0.75,31,one_slider,
129,condition1,y,q,yQq,Q,choreographer,0.54,32,one_slider,
129,condition1,n,a,nDa,D,professor,0.76,33,one_slider,
129,condition1,y,q,yDq,D,CEO,0.78,34,one_slider,
129,condition1,f,l,filler,i,filler3,0.79,35,one_slider,
101,condition1,,,,,,0.14,,one_slider_practice,
101,condition1,,,,,,0.05,,one_slider_practice,
101,condition1,y,a,yQa,Q,patient,0.1,6,one_slider,
101,condition1,y,q,yQq,Q,nutritionist,0.05,7,one_slider,
101,condition1,y,a,yDa,D,choreographer,0.21,8,one_slider,
101,condition1,n,a,nQa,Q,dentist,0.07,9,one_slider,
101,condition1,y,q,yQq,Q,scientist,0.75,10,one_slider,
101,condition1,y,a,yDa,D,troopleader,0.79,11,one_slider,
101,condition1,n,q,nQq,Q,pilot,0,12,one_slider,
101,condition1,f,l,filler,i,filler6,0.09,13,one_slider,
101,condition1,y,a,yQa,Q,chef,0.27,14,one_slider,
101,condition1,y,q,yDq,D,priest,0.76,15,one_slider,
101,condition1,y,q,yDq,D,groom,0.34,16,one_slider,
101,condition1,n,a,nDa,D,fan,0.72,17,one_slider,
101,condition1,n,a,nQa,Q,bartender,0.48,18,one_slider,
101,condition1,f,l,filler,i,filler4,0.78,19,one_slider,
101,condition1,n,q,nDq,D,playwright,0.43,20,one_slider,
101,condition1,n,q,nDq,D,conductor,0.2,21,one_slider,
101,condition1,n,a,nDa,D,chief,0.82,22,one_slider,
101,condition1,n,a,nQa,Q,queen,0.93,23,one_slider,
101,condition1,n,q,nDq,D,pianist,0.89,24,one_slider,
101,condition1,f,l,filler,i,filler1,0.91,25,one_slider,
101,condition1,y,q,yQq,Q,travelagent,0.9,26,one_slider,
101,condition1,n,q,nQq,Q,doctor,0.98,27,one_slider,
101,condition1,n,q,nQq,Q,stylist,0.08,28,one_slider,
101,condition1,f,l,filler,i,filler2,0.02,29,one_slider,
101,condition1,y,a,yDa,D,artist,0.92,30,one_slider,
101,condition1,f,l,filler,i,filler5,0.54,31,one_slider,
101,condition1,f,l,filler,i,filler3,0.19,32,one_slider,
101,condition1,y,a,yQa,Q,CEO,0.78,33,one_slider,
101,condition1,y,q,yDq,D,professor,0.86,34,one_slider,
101,condition1,n,a,nDa,D,coach,0.73,35,one_slider,
90,condition1,,,,,,1,,one_slider_practice,
90,condition1,,,,,,0.67,,one_slider_practice,
90,condition1,n,a,nQa,Q,coach,0.37,6,one_slider,
90,condition1,y,q,yQq,Q,travelagent,0.69,7,one_slider,
90,condition1,n,q,nQq,Q,professor,0.73,8,one_slider,
90,condition1,y,a,yDa,D,dentist,0.69,9,one_slider,
90,condition1,y,a,yDa,D,pilot,0.37,10,one_slider,
90,condition1,n,a,nQa,Q,troopleader,0.7,11,one_slider,
90,condition1,n,q,nDq,D,doctor,0.79,12,one_slider,
90,condition1,y,a,yQa,Q,stylist,0.92,13,one_slider,
90,condition1,f,l,filler,i,filler3,0.84,14,one_slider,
90,condition1,y,q,yDq,D,conductor,0.77,15,one_slider,
90,condition1,y,q,yDq,D,artist,1,16,one_slider,
90,condition1,n,a,nDa,D,CEO,0.86,17,one_slider,
90,condition1,n,q,nQq,Q,choreographer,0.18,18,one_slider,
90,condition1,f,l,filler,i,filler4,0.94,19,one_slider,
90,condition1,f,l,filler,i,filler6,0.41,20,one_slider,
90,condition1,n,a,nQa,Q,bartender,0.81,21,one_slider,
90,condition1,y,q,yQq,Q,chef,0.67,22,one_slider,
90,condition1,f,l,filler,i,filler1,0.67,23,one_slider,
90,condition1,f,l,filler,i,filler2,0.87,24,one_slider,
90,condition1,n,q,nDq,D,scientist,0.77,25,one_slider,
90,condition1,f,l,filler,i,filler5,0,26,one_slider,
90,condition1,y,q,yDq,D,fan,0.71,27,one_slider,
90,condition1,y,a,yQa,Q,patient,0.85,28,one_slider,
90,condition1,n,q,nQq,Q,groom,0.64,29,one_slider,
90,condition1,y,a,yDa,D,priest,1,30,one_slider,
90,condition1,y,a,yQa,Q,chief,0.69,31,one_slider,
90,condition1,n,a,nDa,D,nutritionist,0.09,32,one_slider,
90,condition1,n,a,nDa,D,playwright,0.92,33,one_slider,
90,condition1,y,q,yQq,Q,queen,1,34,one_slider,
90,condition1,n,q,nDq,D,pianist,1,35,one_slider,
130,condition1,,,,,,0.23,,one_slider_practice,
130,condition1,,,,,,0.24,,one_slider_practice,
130,condition1,n,a,nDa,D,pianist,0.5,6,one_slider,
130,condition1,y,a,yDa,D,bartender,0.79,7,one_slider,
130,condition1,y,a,yQa,Q,doctor,0.53,8,one_slider,
130,condition1,y,a,yQa,Q,artist,0.25,9,one_slider,
130,condition1,n,a,nQa,Q,priest,0.66,10,one_slider,
130,condition1,n,a,nDa,D,conductor,0.8,11,one_slider,
130,condition1,y,a,yQa,Q,chief,0.41,12,one_slider,
130,condition1,y,q,yQq,Q,nutritionist,0.14,13,one_slider,
130,condition1,f,l,filler,i,filler1,0.67,14,one_slider,
130,condition1,y,a,yDa,D,queen,0.71,15,one_slider,
130,condition1,f,l,filler,i,filler6,0,16,one_slider,
130,condition1,f,l,filler,i,filler2,0.1,17,one_slider,
130,condition1,n,q,nQq,Q,playwright,0.5,18,one_slider,
130,condition1,y,q,yDq,D,patient,0.57,19,one_slider,
130,condition1,f,l,filler,i,filler5,0.22,20,one_slider,
130,condition1,n,q,nQq,Q,professor,0.67,21,one_slider,
130,condition1,n,a,nQa,Q,pilot,0.08,22,one_slider,
130,condition1,n,q,nQq,Q,chef,0.35,23,one_slider,
130,condition1,y,q,yDq,D,fan,0.31,24,one_slider,
130,condition1,f,l,filler,i,filler3,0.17,25,one_slider,
130,condition1,n,q,nDq,D,coach,0.83,26,one_slider,
130,condition1,n,q,nDq,D,CEO,0.72,27,one_slider,
130,condition1,y,q,yQq,Q,scientist,0.72,28,one_slider,
130,condition1,f,l,filler,i,filler4,0.88,29,one_slider,
130,condition1,n,q,nDq,D,dentist,0.5,30,one_slider,
130,condition1,n,a,nQa,Q,travelagent,0.55,31,one_slider,
130,condition1,y,q,yQq,Q,troopleader,0.72,32,one_slider,
130,condition1,n,a,nDa,D,choreographer,0.24,33,one_slider,
130,condition1,y,q,yDq,D,stylist,0.69,34,one_slider,
130,condition1,y,a,yDa,D,groom,0.46,35,one_slider,
42,condition1,,,,,,0.95,,one_slider_practice,
42,condition1,,,,,,0.91,,one_slider_practice,
42,condition1,f,l,filler,i,filler4,0.05,6,one_slider,
42,condition1,n,a,nQa,Q,scientist,0.6,7,one_slider,
42,condition1,y,a,yDa,D,queen,0.12,8,one_slider,
42,condition1,n,q,nQq,Q,nutritionist,0.53,9,one_slider,
42,condition1,y,a,yDa,D,doctor,0.24,10,one_slider,
42,condition1,n,a,nDa,D,chef,0.28,11,one_slider,
42,condition1,n,q,nQq,Q,coach,0.98,12,one_slider,
42,condition1,y,a,yDa,D,professor,0.72,13,one_slider,
42,condition1,y,q,yDq,D,troopleader,0.69,14,one_slider,
42,condition1,y,a,yQa,Q,choreographer,0.61,15,one_slider,
42,condition1,f,l,filler,i,filler5,0.12,16,one_slider,
42,condition1,f,l,filler,i,filler1,0.96,17,one_slider,
42,condition1,n,a,nDa,D,artist,0.93,18,one_slider,
42,condition1,y,q,yDq,D,priest,0.91,19,one_slider,
42,condition1,n,q,nDq,D,pianist,0.14,20,one_slider,
42,condition1,y,a,yQa,Q,patient,0.28,21,one_slider,
42,condition1,y,a,yQa,Q,bartender,0.27,22,one_slider,
42,condition1,n,a,nDa,D,travelagent,0.64,23,one_slider,
42,condition1,f,l,filler,i,filler6,0.32,24,one_slider,
42,condition1,f,l,filler,i,filler3,0.6,25,one_slider,
42,condition1,y,q,yQq,Q,CEO,0.21,26,one_slider,
42,condition1,y,q,yQq,Q,conductor,0.27,27,one_slider,
42,condition1,n,a,nQa,Q,playwright,0.19,28,one_slider,
42,condition1,y,q,yDq,D,fan,0.31,29,one_slider,
42,condition1,n,q,nDq,D,pilot,0.59,30,one_slider,
42,condition1,n,q,nDq,D,chief,0.3,31,one_slider,
42,condition1,n,a,nQa,Q,stylist,0.23,32,one_slider,
42,condition1,f,l,filler,i,filler2,0.74,33,one_slider,
42,condition1,n,q,nQq,Q,groom,0.45,34,one_slider,
42,condition1,y,q,yQq,Q,dentist,0.35,35,one_slider,
103,condition1,,,,,,0.73,,one_slider_practice,
103,condition1,,,,,,0.56,,one_slider_practice,
103,condition1,n,a,nQa,Q,stylist,0.31,6,one_slider,
103,condition1,f,l,filler,i,filler1,0.27,7,one_slider,
103,condition1,f,l,filler,i,filler5,0.54,8,one_slider,
103,condition1,y,q,yQq,Q,scientist,0.67,9,one_slider,
103,condition1,n,q,nDq,D,queen,0.78,10,one_slider,
103,condition1,n,q,nDq,D,professor,0.91,11,one_slider,
103,condition1,n,a,nQa,Q,patient,0.8,12,one_slider,
103,condition1,f,l,filler,i,filler4,1,13,one_slider,
103,condition1,y,a,yQa,Q,chef,0.57,14,one_slider,
103,condition1,y,a,yDa,D,pilot,0.58,15,one_slider,
103,condition1,y,q,yQq,Q,chief,0.46,16,one_slider,
103,condition1,y,a,yQa,Q,fan,0.3,17,one_slider,
103,condition1,y,a,yQa,Q,coach,0.78,18,one_slider,
103,condition1,f,l,filler,i,filler6,0.54,19,one_slider,
103,condition1,y,q,yDq,D,troopleader,0.76,20,one_slider,
103,condition1,n,q,nQq,Q,bartender,0.92,21,one_slider,
103,condition1,y,q,yDq,D,travelagent,0.95,22,one_slider,
103,condition1,n,a,nDa,D,groom,0.29,23,one_slider,
103,condition1,f,l,filler,i,filler2,0.48,24,one_slider,
103,condition1,n,a,nDa,D,conductor,0.76,25,one_slider,
103,condition1,n,q,nDq,D,priest,0.75,26,one_slider,
103,condition1,y,a,yDa,D,nutritionist,0.06,27,one_slider,
103,condition1,n,a,nDa,D,artist,0.85,28,one_slider,
103,condition1,y,a,yDa,D,playwright,0.92,29,one_slider,
103,condition1,f,l,filler,i,filler3,0.39,30,one_slider,
103,condition1,y,q,yDq,D,pianist,0.91,31,one_slider,
103,condition1,n,a,nQa,Q,doctor,0.77,32,one_slider,
103,condition1,y,q,yQq,Q,choreographer,0.02,33,one_slider,
103,condition1,n,q,nQq,Q,dentist,0.02,34,one_slider,
103,condition1,n,q,nQq,Q,CEO,0.95,35,one_slider,
95,condition1,,,,,,0.72,,one_slider_practice,
95,condition1,,,,,,0.99,,one_slider_practice,
95,condition1,y,a,yQa,Q,playwright,0.78,6,one_slider,
95,condition1,y,a,yDa,D,chief,0.61,7,one_slider,
95,condition1,y,a,yQa,Q,travelagent,0.63,8,one_slider,
95,condition1,n,q,nDq,D,coach,0.94,9,one_slider,
95,condition1,n,a,nDa,D,scientist,0.76,10,one_slider,
95,condition1,n,a,nQa,Q,professor,0.72,11,one_slider,
95,condition1,y,a,yDa,D,nutritionist,0.77,12,one_slider,
95,condition1,y,q,yDq,D,patient,0.9,13,one_slider,
95,condition1,y,a,yQa,Q,dentist,0.77,14,one_slider,
95,condition1,y,q,yQq,Q,stylist,1,15,one_slider,
95,condition1,y,q,yQq,Q,troopleader,0.95,16,one_slider,
95,condition1,n,a,nQa,Q,pianist,0.99,17,one_slider,
95,condition1,n,q,nDq,D,pilot,0.54,18,one_slider,
95,condition1,n,a,nDa,D,bartender,0.95,19,one_slider,
95,condition1,n,q,nQq,Q,queen,1,20,one_slider,
95,condition1,n,q,nDq,D,doctor,1,21,one_slider,
95,condition1,y,q,yDq,D,conductor,0.44,22,one_slider,
95,condition1,n,a,nDa,D,choreographer,0.61,23,one_slider,
95,condition1,f,l,filler,i,filler5,0,24,one_slider,
95,condition1,f,l,filler,i,filler3,1,25,one_slider,
95,condition1,f,l,filler,i,filler6,0,26,one_slider,
95,condition1,y,a,yDa,D,artist,1,27,one_slider,
95,condition1,y,q,yQq,Q,fan,0.93,28,one_slider,
95,condition1,f,l,filler,i,filler1,0.97,29,one_slider,
95,condition1,n,q,nQq,Q,groom,0.36,30,one_slider,
95,condition1,f,l,filler,i,filler4,0,31,one_slider,
95,condition1,y,q,yDq,D,CEO,0.93,32,one_slider,
95,condition1,n,q,nQq,Q,chef,0.98,33,one_slider,
95,condition1,f,l,filler,i,filler2,0.55,34,one_slider,
95,condition1,n,a,nQa,Q,priest,0.68,35,one_slider,
43,condition1,,,,,,0.83,,one_slider_practice,
43,condition1,,,,,,1,,one_slider_practice,
43,condition1,n,q,nDq,D,priest,0.78,6,one_slider,
43,condition1,n,q,nQq,Q,groom,0.56,7,one_slider,
43,condition1,f,l,filler,i,filler3,0.3,8,one_slider,
43,condition1,n,q,nDq,D,dentist,0.31,9,one_slider,
43,condition1,n,q,nQq,Q,patient,0.43,10,one_slider,
43,condition1,f,l,filler,i,filler6,0.12,11,one_slider,
43,condition1,n,q,nDq,D,doctor,0.29,12,one_slider,
43,condition1,y,a,yDa,D,pilot,0.18,13,one_slider,
43,condition1,y,a,yDa,D,chef,0.39,14,one_slider,
43,condition1,n,a,nDa,D,CEO,0.63,15,one_slider,
43,condition1,y,q,yQq,Q,fan,0.44,16,one_slider,
43,condition1,n,a,nQa,Q,troopleader,0.8,17,one_slider,
43,condition1,y,a,yDa,D,playwright,0.63,18,one_slider,
43,condition1,n,a,nQa,Q,chief,0.57,19,one_slider,
43,condition1,f,l,filler,i,filler5,0.3,20,one_slider,
43,condition1,y,q,yQq,Q,conductor,0.4,21,one_slider,
43,condition1,n,a,nDa,D,coach,0.51,22,one_slider,
43,condition1,n,a,nQa,Q,choreographer,0.27,23,one_slider,
43,condition1,y,a,yQa,Q,stylist,0.91,24,one_slider,
43,condition1,y,q,yDq,D,queen,0.94,25,one_slider,
43,condition1,n,a,nDa,D,professor,0.66,26,one_slider,
43,condition1,y,a,yQa,Q,bartender,1,27,one_slider,
43,condition1,y,a,yQa,Q,artist,0.88,28,one_slider,
43,condition1,f,l,filler,i,filler2,0.31,29,one_slider,
43,condition1,y,q,yDq,D,pianist,0.4,30,one_slider,
43,condition1,y,q,yDq,D,nutritionist,0.21,31,one_slider,
43,condition1,y,q,yQq,Q,travelagent,0.83,32,one_slider,
43,condition1,f,l,filler,i,filler1,0.99,33,one_slider,
43,condition1,n,q,nQq,Q,scientist,0.86,34,one_slider,
43,condition1,f,l,filler,i,filler4,0.66,35,one_slider,
61,condition1,,,,,,0.92,,one_slider_practice,
61,condition1,,,,,,0.55,,one_slider_practice,
61,condition1,y,a,yDa,D,patient,0.61,6,one_slider,
61,condition1,n,q,nDq,D,professor,0.22,7,one_slider,
61,condition1,n,a,nDa,D,travelagent,0.63,8,one_slider,
61,condition1,n,q,nDq,D,dentist,0.68,9,one_slider,
61,condition1,f,l,filler,i,filler4,0.1,10,one_slider,
61,condition1,y,q,yQq,Q,bartender,0.27,11,one_slider,
61,condition1,n,a,nDa,D,pianist,0.74,12,one_slider,
61,condition1,n,a,nQa,Q,playwright,0.64,13,one_slider,
61,condition1,f,l,filler,i,filler6,0.1,14,one_slider,
61,condition1,n,q,nQq,Q,artist,0.74,15,one_slider,
61,condition1,y,a,yDa,D,doctor,0.69,16,one_slider,
61,condition1,n,a,nQa,Q,queen,1,17,one_slider,
61,condition1,n,q,nDq,D,pilot,0.36,18,one_slider,
61,condition1,f,l,filler,i,filler1,0.89,19,one_slider,
61,condition1,y,a,yQa,Q,coach,0.36,20,one_slider,
61,condition1,y,q,yDq,D,priest,0.99,21,one_slider,
61,condition1,n,q,nQq,Q,stylist,0.14,22,one_slider,
61,condition1,n,a,nDa,D,conductor,0.5,23,one_slider,
61,condition1,n,q,nQq,Q,chief,0.72,24,one_slider,
61,condition1,y,a,yDa,D,troopleader,0.28,25,one_slider,
61,condition1,y,q,yDq,D,groom,0.4,26,one_slider,
61,condition1,f,l,filler,i,filler5,0.22,27,one_slider,
61,condition1,n,a,nQa,Q,choreographer,0.99,28,one_slider,
61,condition1,y,q,yQq,Q,scientist,0.96,29,one_slider,
61,condition1,y,a,yQa,Q,nutritionist,0.96,30,one_slider,
61,condition1,y,a,yQa,Q,fan,0.97,31,one_slider,
61,condition1,y,q,yDq,D,chef,0.97,32,one_slider,
61,condition1,f,l,filler,i,filler3,0.91,33,one_slider,
61,condition1,y,q,yQq,Q,CEO,0.81,34,one_slider,
61,condition1,f,l,filler,i,filler2,0.98,35,one_slider,
34,condition1,,,,,,0.7,,one_slider_practice,
34,condition1,,,,,,0.29,,one_slider_practice,
34,condition1,y,a,yDa,D,pilot,0.36,6,one_slider,
34,condition1,f,l,filler,i,filler6,0,7,one_slider,
34,condition1,n,a,nQa,Q,conductor,0.17,8,one_slider,
34,condition1,n,a,nQa,Q,pianist,0.13,9,one_slider,
34,condition1,y,q,yQq,Q,queen,0.17,10,one_slider,
34,condition1,y,a,yDa,D,playwright,0.07,11,one_slider,
34,condition1,y,q,yQq,Q,CEO,0.3,12,one_slider,
34,condition1,f,l,filler,i,filler3,0.2,13,one_slider,
34,condition1,y,q,yQq,Q,coach,0.24,14,one_slider,
34,condition1,y,q,yDq,D,chef,0.24,15,one_slider,
34,condition1,n,q,nQq,Q,scientist,0.16,16,one_slider,
34,condition1,y,a,yQa,Q,choreographer,0.14,17,one_slider,
34,condition1,y,a,yDa,D,doctor,0.17,18,one_slider,
34,condition1,n,a,nDa,D,stylist,0.21,19,one_slider,
34,condition1,y,q,yDq,D,artist,0.11,20,one_slider,
34,condition1,n,a,nDa,D,bartender,0,21,one_slider,
34,condition1,y,a,yQa,Q,patient,0,22,one_slider,
34,condition1,y,q,yDq,D,nutritionist,0.1,23,one_slider,
34,condition1,n,q,nQq,Q,troopleader,0.1,24,one_slider,
34,condition1,n,a,nDa,D,travelagent,0,25,one_slider,
34,condition1,n,q,nDq,D,chief,0.14,26,one_slider,
34,condition1,f,l,filler,i,filler4,0.56,27,one_slider,
34,condition1,y,a,yQa,Q,groom,0,28,one_slider,
34,condition1,f,l,filler,i,filler5,0.19,29,one_slider,
34,condition1,n,q,nQq,Q,professor,0.53,30,one_slider,
34,condition1,n,q,nDq,D,fan,0.32,31,one_slider,
34,condition1,n,a,nQa,Q,priest,0.34,32,one_slider,
34,condition1,f,l,filler,i,filler1,0.43,33,one_slider,
34,condition1,n,q,nDq,D,dentist,0.44,34,one_slider,
34,condition1,f,l,filler,i,filler2,0.28,35,one_slider,
35,condition1,,,,,,0.78,,one_slider_practice,
35,condition1,,,,,,0.54,,one_slider_practice,
35,condition1,y,a,yDa,D,choreographer,0.84,6,one_slider,
35,condition1,y,q,yQq,Q,priest,0.19,7,one_slider,
35,condition1,f,l,filler,i,filler2,0.5,8,one_slider,
35,condition1,n,a,nQa,Q,pilot,0.33,9,one_slider,
35,condition1,y,q,yDq,D,scientist,0.58,10,one_slider,
35,condition1,n,a,nDa,D,queen,0.93,11,one_slider,
35,condition1,y,q,yQq,Q,dentist,0.58,12,one_slider,
35,condition1,y,a,yQa,Q,coach,0.52,13,one_slider,
35,condition1,n,q,nQq,Q,stylist,0.38,14,one_slider,
35,condition1,n,a,nQa,Q,doctor,0.8,15,one_slider,
35,condition1,y,a,yQa,Q,artist,0.68,16,one_slider,
35,condition1,n,a,nDa,D,fan,0.88,17,one_slider,
35,condition1,n,q,nQq,Q,professor,0.48,18,one_slider,
35,condition1,y,a,yQa,Q,chef,0.43,19,one_slider,
35,condition1,y,q,yDq,D,travelagent,1,20,one_slider,
35,condition1,y,q,yQq,Q,patient,0.75,21,one_slider,
35,condition1,f,l,filler,i,filler4,0.07,22,one_slider,
35,condition1,f,l,filler,i,filler3,0.25,23,one_slider,
35,condition1,y,a,yDa,D,pianist,0.9,24,one_slider,
35,condition1,n,a,nQa,Q,troopleader,0.69,25,one_slider,
35,condition1,n,q,nDq,D,CEO,0.14,26,one_slider,
35,condition1,n,q,nDq,D,chief,0.99,27,one_slider,
35,condition1,f,l,filler,i,filler1,0.94,28,one_slider,
35,condition1,f,l,filler,i,filler5,0.57,29,one_slider,
35,condition1,y,a,yDa,D,groom,0.97,30,one_slider,
35,condition1,n,q,nDq,D,bartender,1,31,one_slider,
35,condition1,y,q,yDq,D,nutritionist,0.85,32,one_slider,
35,condition1,n,a,nDa,D,conductor,0.84,33,one_slider,
35,condition1,f,l,filler,i,filler6,0,34,one_slider,
35,condition1,n,q,nQq,Q,playwright,0.44,35,one_slider,
133,condition1,,,,,,0.83,,one_slider_practice,
133,condition1,,,,,,0.73,,one_slider_practice,
133,condition1,f,l,filler,i,filler1,0.92,6,one_slider,
133,condition1,n,q,nDq,D,doctor,0.17,7,one_slider,
133,condition1,y,a,yDa,D,professor,0.42,8,one_slider,
133,condition1,y,q,yDq,D,artist,1,9,one_slider,
133,condition1,y,q,yDq,D,chief,0.75,10,one_slider,
133,condition1,f,l,filler,i,filler2,0.82,11,one_slider,
133,condition1,n,q,nDq,D,pilot,0.35,12,one_slider,
133,condition1,y,a,yQa,Q,conductor,0.11,13,one_slider,
133,condition1,n,a,nQa,Q,chef,0.65,14,one_slider,
133,condition1,y,q,yQq,Q,stylist,0.81,15,one_slider,
133,condition1,n,q,nQq,Q,bartender,0.86,16,one_slider,
133,condition1,y,a,yQa,Q,nutritionist,0.47,17,one_slider,
133,condition1,y,q,yQq,Q,choreographer,0.59,18,one_slider,
133,condition1,n,a,nDa,D,CEO,0.88,19,one_slider,
133,condition1,y,a,yQa,Q,playwright,0.58,20,one_slider,
133,condition1,y,a,yDa,D,troopleader,0.89,21,one_slider,
133,condition1,n,q,nDq,D,dentist,0.37,22,one_slider,
133,condition1,n,q,nQq,Q,pianist,0.61,23,one_slider,
133,condition1,y,q,yDq,D,patient,0.81,24,one_slider,
133,condition1,y,q,yQq,Q,scientist,0.86,25,one_slider,
133,condition1,f,l,filler,i,filler6,0,26,one_slider,
133,condition1,n,q,nQq,Q,priest,0.9,27,one_slider,
133,condition1,y,a,yDa,D,queen,1,28,one_slider,
133,condition1,f,l,filler,i,filler5,0.61,29,one_slider,
133,condition1,n,a,nQa,Q,travelagent,0.36,30,one_slider,
133,condition1,f,l,filler,i,filler4,0.32,31,one_slider,
133,condition1,f,l,filler,i,filler3,0.38,32,one_slider,
133,condition1,n,a,nQa,Q,coach,0.5,33,one_slider,
133,condition1,n,a,nDa,D,fan,0.6,34,one_slider,
133,condition1,n,a,nDa,D,groom,0.33,35,one_slider,
45,condition1,,,,,,0.89,,one_slider_practice,
45,condition1,,,,,,0.88,,one_slider_practice,
45,condition1,f,l,filler,i,filler6,0.29,6,one_slider,
45,condition1,y,q,yQq,Q,troopleader,0.81,7,one_slider,
45,condition1,y,q,yQq,Q,fan,0.76,8,one_slider,
45,condition1,y,a,yDa,D,queen,0.7,9,one_slider,
45,condition1,y,a,yDa,D,professor,0.91,10,one_slider,
45,condition1,y,q,yDq,D,pilot,0.5,11,one_slider,
45,condition1,n,q,nQq,Q,doctor,0.6,12,one_slider,
45,condition1,n,a,nQa,Q,pianist,0.47,13,one_slider,
45,condition1,n,a,nDa,D,nutritionist,0.43,14,one_slider,
45,condition1,y,a,yQa,Q,CEO,0.48,15,one_slider,
45,condition1,y,a,yDa,D,priest,0.81,16,one_slider,
45,condition1,f,l,filler,i,filler3,0.24,17,one_slider,
45,condition1,n,a,nQa,Q,chef,0.72,18,one_slider,
45,condition1,f,l,filler,i,filler1,0.73,19,one_slider,
45,condition1,n,q,nDq,D,travelagent,0.73,20,one_slider,
45,condition1,y,q,yDq,D,choreographer,1,21,one_slider,
45,condition1,f,l,filler,i,filler2,0.84,22,one_slider,
45,condition1,n,q,nDq,D,artist,0.9,23,one_slider,
45,condition1,f,l,filler,i,filler5,0.67,24,one_slider,
45,condition1,y,q,yQq,Q,patient,0.75,25,one_slider,
45,condition1,n,a,nQa,Q,stylist,0.66,26,one_slider,
45,condition1,n,q,nDq,D,dentist,0.76,27,one_slider,
45,condition1,n,q,nQq,Q,conductor,0.58,28,one_slider,
45,condition1,n,a,nDa,D,playwright,0.75,29,one_slider,
45,condition1,y,a,yQa,Q,chief,0.58,30,one_slider,
45,condition1,y,q,yDq,D,bartender,0.76,31,one_slider,
45,condition1,f,l,filler,i,filler4,0.76,32,one_slider,
45,condition1,y,a,yQa,Q,groom,0.77,33,one_slider,
45,condition1,n,q,nQq,Q,scientist,0.9,34,one_slider,
45,condition1,n,a,nDa,D,coach,0.75,35,one_slider,
57,condition1,,,,,,0.96,,one_slider_practice,
57,condition1,,,,,,0.29,,one_slider_practice,
57,condition1,y,q,yQq,Q,troopleader,0.14,6,one_slider,
57,condition1,y,a,yDa,D,coach,0.81,7,one_slider,
57,condition1,y,q,yDq,D,patient,0.67,8,one_slider,
57,condition1,n,a,nQa,Q,queen,0.61,9,one_slider,
57,condition1,f,l,filler,i,filler1,1,10,one_slider,
57,condition1,n,a,nQa,Q,bartender,1,11,one_slider,
57,condition1,y,a,yQa,Q,priest,0.37,12,one_slider,
57,condition1,n,a,nDa,D,fan,0.81,13,one_slider,
57,condition1,n,q,nQq,Q,scientist,1,14,one_slider,
57,condition1,y,a,yDa,D,playwright,0.95,15,one_slider,
57,condition1,y,q,yQq,Q,nutritionist,0,16,one_slider,
57,condition1,n,a,nQa,Q,choreographer,0.24,17,one_slider,
57,condition1,y,a,yDa,D,travelagent,0.7,18,one_slider,
57,condition1,n,q,nQq,Q,artist,0.72,19,one_slider,
57,condition1,n,q,nDq,D,dentist,0.05,20,one_slider,
57,condition1,f,l,filler,i,filler3,0.14,21,one_slider,
57,condition1,n,q,nDq,D,conductor,0.9,22,one_slider,
57,condition1,y,q,yQq,Q,professor,0.28,23,one_slider,
57,condition1,y,q,yDq,D,groom,0.48,24,one_slider,
57,condition1,f,l,filler,i,filler2,0,25,one_slider,
57,condition1,f,l,filler,i,filler6,0,26,one_slider,
57,condition1,f,l,filler,i,filler4,0.2,27,one_slider,
57,condition1,n,q,nDq,D,pianist,1,28,one_slider,
57,condition1,f,l,filler,i,filler5,0,29,one_slider,
57,condition1,n,q,nQq,Q,doctor,0.88,30,one_slider,
57,condition1,y,a,yQa,Q,pilot,0.67,31,one_slider,
57,condition1,n,a,nDa,D,CEO,1,32,one_slider,
57,condition1,n,a,nDa,D,stylist,1,33,one_slider,
57,condition1,y,q,yDq,D,chef,0.57,34,one_slider,
57,condition1,y,a,yQa,Q,chief,0.65,35,one_slider,
93,condition1,,,,,,0.9,,one_slider_practice,
93,condition1,,,,,,0.55,,one_slider_practice,
93,condition1,f,l,filler,i,filler2,0.21,6,one_slider,
93,condition1,y,q,yQq,Q,patient,0.99,7,one_slider,
93,condition1,f,l,filler,i,filler5,0.06,8,one_slider,
93,condition1,n,a,nQa,Q,groom,0.21,9,one_slider,
93,condition1,f,l,filler,i,filler4,0.78,10,one_slider,
93,condition1,y,q,yDq,D,artist,0.97,11,one_slider,
93,condition1,y,q,yDq,D,travelagent,0.8,12,one_slider,
93,condition1,f,l,filler,i,filler3,0.93,13,one_slider,
93,condition1,n,a,nDa,D,pilot,0.74,14,one_slider,
93,condition1,n,q,nQq,Q,priest,0.51,15,one_slider,
93,condition1,y,q,yDq,D,coach,0.89,16,one_slider,
93,condition1,n,q,nDq,D,scientist,0.9,17,one_slider,
93,condition1,n,q,nDq,D,chef,0.93,18,one_slider,
93,condition1,n,a,nDa,D,stylist,0.9,19,one_slider,
93,condition1,n,a,nDa,D,bartender,1,20,one_slider,
93,condition1,n,q,nQq,Q,dentist,0.82,21,one_slider,
93,condition1,f,l,filler,i,filler6,0.6,22,one_slider,
93,condition1,y,a,yDa,D,chief,0.87,23,one_slider,
93,condition1,y,a,yDa,D,queen,1,24,one_slider,
93,condition1,f,l,filler,i,filler1,0.92,25,one_slider,
93,condition1,n,q,nQq,Q,professor,0.97,26,one_slider,
93,condition1,y,a,yQa,Q,choreographer,0.97,27,one_slider,
93,condition1,n,a,nQa,Q,troopleader,0.96,28,one_slider,
93,condition1,y,a,yDa,D,pianist,1,29,one_slider,
93,condition1,y,a,yQa,Q,conductor,0.92,30,one_slider,
93,condition1,n,q,nDq,D,playwright,1,31,one_slider,
93,condition1,y,a,yQa,Q,nutritionist,0.03,32,one_slider,
93,condition1,n,a,nQa,Q,fan,0.93,33,one_slider,
93,condition1,y,q,yQq,Q,CEO,0.75,34,one_slider,
93,condition1,y,q,yQq,Q,doctor,0.39,35,one_slider,
72,condition1,,,,,,0.85,,one_slider_practice,
72,condition1,,,,,,0.56,,one_slider_practice,
72,condition1,y,a,yQa,Q,fan,0.23,6,one_slider,
72,condition1,n,a,nDa,D,dentist,0.56,7,one_slider,
72,condition1,y,a,yDa,D,chief,0.82,8,one_slider,
72,condition1,f,l,filler,i,filler6,0,9,one_slider,
72,condition1,y,q,yDq,D,choreographer,0.68,10,one_slider,
72,condition1,y,a,yDa,D,doctor,0.91,11,one_slider,
72,condition1,y,q,yDq,D,chef,0.22,12,one_slider,
72,condition1,n,q,nQq,Q,priest,0.83,13,one_slider,
72,condition1,f,l,filler,i,filler5,0,14,one_slider,
72,condition1,n,a,nDa,D,troopleader,0.78,15,one_slider,
72,condition1,y,a,yQa,Q,scientist,0.6,16,one_slider,
72,condition1,n,q,nQq,Q,travelagent,0.41,17,one_slider,
72,condition1,y,q,yQq,Q,patient,0.82,18,one_slider,
72,condition1,n,q,nDq,D,playwright,0.75,19,one_slider,
72,condition1,y,q,yQq,Q,pianist,0.78,20,one_slider,
72,condition1,n,q,nDq,D,bartender,0.59,21,one_slider,
72,condition1,y,q,yDq,D,coach,0.86,22,one_slider,
72,condition1,n,a,nQa,Q,groom,0.52,23,one_slider,
72,condition1,f,l,filler,i,filler4,0.12,24,one_slider,
72,condition1,y,q,yQq,Q,nutritionist,0.81,25,one_slider,
72,condition1,n,a,nQa,Q,stylist,0.78,26,one_slider,
72,condition1,y,a,yDa,D,artist,0.87,27,one_slider,
72,condition1,f,l,filler,i,filler3,0.52,28,one_slider,
72,condition1,f,l,filler,i,filler1,0.77,29,one_slider,
72,condition1,n,q,nQq,Q,queen,0.95,30,one_slider,
72,condition1,f,l,filler,i,filler2,0.8,31,one_slider,
72,condition1,n,a,nDa,D,conductor,0.49,32,one_slider,
72,condition1,y,a,yQa,Q,CEO,0.65,33,one_slider,
72,condition1,n,q,nDq,D,pilot,0.68,34,one_slider,
72,condition1,n,a,nQa,Q,professor,0.71,35,one_slider,
76,condition1,,,,,,0.3,,one_slider_practice,
76,condition1,,,,,,0.53,,one_slider_practice,
76,condition1,y,a,yDa,D,choreographer,0,6,one_slider,
76,condition1,y,a,yQa,Q,travelagent,0.03,7,one_slider,
76,condition1,n,a,nDa,D,queen,0.26,8,one_slider,
76,condition1,y,a,yQa,Q,chef,0.04,9,one_slider,
76,condition1,n,a,nQa,Q,patient,0,10,one_slider,
76,condition1,n,q,nQq,Q,artist,0.86,11,one_slider,
76,condition1,y,a,yQa,Q,coach,0.28,12,one_slider,
76,condition1,n,q,nDq,D,CEO,0.89,13,one_slider,
76,condition1,y,q,yQq,Q,playwright,0.59,14,one_slider,
76,condition1,y,a,yDa,D,conductor,0,15,one_slider,
76,condition1,n,q,nDq,D,nutritionist,0.2,16,one_slider,
76,condition1,n,a,nDa,D,stylist,0.92,17,one_slider,
76,condition1,f,l,filler,i,filler4,0,18,one_slider,
76,condition1,y,a,yDa,D,groom,0.23,19,one_slider,
76,condition1,n,a,nDa,D,bartender,0.93,20,one_slider,
76,condition1,y,q,yQq,Q,dentist,0,21,one_slider,
76,condition1,f,l,filler,i,filler3,0.76,22,one_slider,
76,condition1,n,q,nDq,D,pilot,0.7,23,one_slider,
76,condition1,y,q,yDq,D,fan,0,24,one_slider,
76,condition1,f,l,filler,i,filler5,0,25,one_slider,
76,condition1,n,q,nQq,Q,troopleader,0.72,26,one_slider,
76,condition1,n,a,nQa,Q,scientist,0.63,27,one_slider,
76,condition1,f,l,filler,i,filler2,0.52,28,one_slider,
76,condition1,y,q,yDq,D,pianist,0,29,one_slider,
76,condition1,y,q,yDq,D,chief,0.2,30,one_slider,
76,condition1,n,q,nQq,Q,doctor,0.48,31,one_slider,
76,condition1,n,a,nQa,Q,professor,0.42,32,one_slider,
76,condition1,f,l,filler,i,filler1,1,33,one_slider,
76,condition1,f,l,filler,i,filler6,0,34,one_slider,
76,condition1,y,q,yQq,Q,priest,0,35,one_slider,
75,condition1,,,,,,0.73,,one_slider_practice,
75,condition1,,,,,,0.8,,one_slider_practice,
75,condition1,n,q,nDq,D,scientist,0.91,6,one_slider,
75,condition1,n,a,nQa,Q,artist,0.9,7,one_slider,
75,condition1,y,a,yDa,D,chief,0.96,8,one_slider,
75,condition1,y,q,yQq,Q,coach,0.34,9,one_slider,
75,condition1,n,q,nQq,Q,queen,0.9,10,one_slider,
75,condition1,y,q,yDq,D,stylist,0.3,11,one_slider,
75,condition1,n,q,nQq,Q,priest,0.68,12,one_slider,
75,condition1,y,q,yQq,Q,doctor,0.6,13,one_slider,
75,condition1,f,l,filler,i,filler2,0.67,14,one_slider,
75,condition1,y,a,yQa,Q,bartender,0.2,15,one_slider,
75,condition1,n,q,nDq,D,choreographer,0.67,16,one_slider,
75,condition1,n,a,nDa,D,CEO,0.75,17,one_slider,
75,condition1,y,q,yDq,D,chef,0.34,18,one_slider,
75,condition1,f,l,filler,i,filler1,0.86,19,one_slider,
75,condition1,y,a,yQa,Q,playwright,0.32,20,one_slider,
75,condition1,f,l,filler,i,filler6,0.39,21,one_slider,
75,condition1,n,a,nQa,Q,fan,0.2,22,one_slider,
75,condition1,n,q,nQq,Q,pianist,0.89,23,one_slider,
75,condition1,y,a,yQa,Q,professor,0.18,24,one_slider,
75,condition1,y,q,yQq,Q,nutritionist,0.14,25,one_slider,
75,condition1,n,a,nDa,D,pilot,0.62,26,one_slider,
75,condition1,y,q,yDq,D,patient,0.8,27,one_slider,
75,condition1,f,l,filler,i,filler4,0.41,28,one_slider,
75,condition1,n,a,nDa,D,troopleader,0.28,29,one_slider,
75,condition1,n,a,nQa,Q,conductor,0.72,30,one_slider,
75,condition1,f,l,filler,i,filler3,0.96,31,one_slider,
75,condition1,n,q,nDq,D,groom,0.44,32,one_slider,
75,condition1,y,a,yDa,D,dentist,0.62,33,one_slider,
75,condition1,y,a,yDa,D,travelagent,0.72,34,one_slider,
75,condition1,f,l,filler,i,filler5,0.33,35,one_slider,
52,condition1,,,,,,0.27,,one_slider_practice,
52,condition1,,,,,,1,,one_slider_practice,
52,condition1,y,q,yQq,Q,queen,0.88,6,one_slider,
52,condition1,n,a,nQa,Q,priest,0.41,7,one_slider,
52,condition1,n,q,nQq,Q,conductor,0.61,8,one_slider,
52,condition1,y,q,yDq,D,travelagent,0.06,9,one_slider,
52,condition1,f,l,filler,i,filler5,0.02,10,one_slider,
52,condition1,n,q,nQq,Q,groom,0.62,11,one_slider,
52,condition1,n,q,nDq,D,fan,0.94,12,one_slider,
52,condition1,f,l,filler,i,filler3,0.5,13,one_slider,
52,condition1,y,a,yDa,D,professor,0.68,14,one_slider,
52,condition1,f,l,filler,i,filler1,0.88,15,one_slider,
52,condition1,y,q,yQq,Q,choreographer,0.31,16,one_slider,
52,condition1,y,a,yQa,Q,nutritionist,0.06,17,one_slider,
52,condition1,y,q,yDq,D,CEO,0.97,18,one_slider,
52,condition1,y,a,yQa,Q,doctor,0.78,19,one_slider,
52,condition1,f,l,filler,i,filler4,0.93,20,one_slider,
52,condition1,y,a,yDa,D,scientist,0.94,21,one_slider,
52,condition1,n,q,nQq,Q,bartender,0.94,22,one_slider,
52,condition1,n,q,nDq,D,pianist,0.95,23,one_slider,
52,condition1,n,a,nQa,Q,artist,0.89,24,one_slider,
52,condition1,n,a,nQa,Q,stylist,0.55,25,one_slider,
52,condition1,y,a,yQa,Q,chief,0.96,26,one_slider,
52,condition1,f,l,filler,i,filler2,0.09,27,one_slider,
52,condition1,n,a,nDa,D,troopleader,0.99,28,one_slider,
52,condition1,y,a,yDa,D,chef,0.7,29,one_slider,
52,condition1,n,a,nDa,D,playwright,0.69,30,one_slider,
52,condition1,y,q,yDq,D,pilot,0.39,31,one_slider,
52,condition1,n,q,nDq,D,coach,0.77,32,one_slider,
52,condition1,f,l,filler,i,filler6,0.02,33,one_slider,
52,condition1,y,q,yQq,Q,dentist,0.01,34,one_slider,
52,condition1,n,a,nDa,D,patient,0.83,35,one_slider,
117,condition1,,,,,,0.92,,one_slider_practice,
117,condition1,,,,,,0,,one_slider_practice,
117,condition1,n,a,nDa,D,queen,0.8,6,one_slider,
117,condition1,y,q,yQq,Q,choreographer,0.68,7,one_slider,
117,condition1,y,q,yDq,D,scientist,0.82,8,one_slider,
117,condition1,f,l,filler,i,filler2,0.49,9,one_slider,
117,condition1,n,q,nQq,Q,chief,0.67,10,one_slider,
117,condition1,f,l,filler,i,filler5,0.22,11,one_slider,
117,condition1,n,q,nDq,D,groom,0.64,12,one_slider,
117,condition1,y,q,yQq,Q,patient,0.45,13,one_slider,
117,condition1,n,q,nQq,Q,doctor,0.77,14,one_slider,
117,condition1,f,l,filler,i,filler6,0.22,15,one_slider,
117,condition1,y,a,yQa,Q,pilot,0.73,16,one_slider,
117,condition1,y,a,yQa,Q,priest,0.52,17,one_slider,
117,condition1,f,l,filler,i,filler3,0.69,18,one_slider,
117,condition1,f,l,filler,i,filler4,0.74,19,one_slider,
117,condition1,y,q,yDq,D,troopleader,0.19,20,one_slider,
117,condition1,y,q,yQq,Q,travelagent,0.8,21,one_slider,
117,condition1,y,a,yDa,D,CEO,0.76,22,one_slider,
117,condition1,n,a,nDa,D,chef,0.32,23,one_slider,
117,condition1,n,q,nQq,Q,professor,0.54,24,one_slider,
117,condition1,y,a,yDa,D,coach,0.74,25,one_slider,
117,condition1,y,a,yQa,Q,nutritionist,0.17,26,one_slider,
117,condition1,n,a,nQa,Q,conductor,0.41,27,one_slider,
117,condition1,n,q,nDq,D,fan,0.67,28,one_slider,
117,condition1,n,a,nQa,Q,artist,0.89,29,one_slider,
117,condition1,n,q,nDq,D,playwright,0.74,30,one_slider,
117,condition1,y,a,yDa,D,pianist,0.92,31,one_slider,
117,condition1,f,l,filler,i,filler1,0.26,32,one_slider,
117,condition1,y,q,yDq,D,bartender,0.83,33,one_slider,
117,condition1,n,a,nDa,D,stylist,0.27,34,one_slider,
117,condition1,n,a,nQa,Q,dentist,0.22,35,one_slider,
88,condition1,,,,,,0,,one_slider_practice,
88,condition1,,,,,,0.78,,one_slider_practice,
88,condition1,f,l,filler,i,filler2,0,6,one_slider,
88,condition1,n,q,nDq,D,playwright,0.02,7,one_slider,
88,condition1,y,q,yDq,D,bartender,0.11,8,one_slider,
88,condition1,n,a,nDa,D,pianist,1,9,one_slider,
88,condition1,y,a,yDa,D,scientist,0.69,10,one_slider,
88,condition1,y,a,yDa,D,artist,0.97,11,one_slider,
88,condition1,n,a,nQa,Q,fan,0.11,12,one_slider,
88,condition1,f,l,filler,i,filler1,0.94,13,one_slider,
88,condition1,y,a,yQa,Q,dentist,0.09,14,one_slider,
88,condition1,y,a,yQa,Q,coach,0.82,15,one_slider,
88,condition1,n,q,nQq,Q,doctor,0.83,16,one_slider,
88,condition1,n,q,nDq,D,troopleader,0.85,17,one_slider,
88,condition1,n,q,nQq,Q,patient,0.92,18,one_slider,
88,condition1,n,q,nDq,D,choreographer,0.1,19,one_slider,
88,condition1,y,q,yQq,Q,stylist,0.89,20,one_slider,
88,condition1,f,l,filler,i,filler6,0.12,21,one_slider,
88,condition1,n,a,nDa,D,queen,0.96,22,one_slider,
88,condition1,f,l,filler,i,filler5,0,23,one_slider,
88,condition1,n,a,nQa,Q,pilot,0.9,24,one_slider,
88,condition1,n,a,nDa,D,chief,0.88,25,one_slider,
88,condition1,y,q,yQq,Q,chef,0.85,26,one_slider,
88,condition1,f,l,filler,i,filler4,0.07,27,one_slider,
88,condition1,y,q,yQq,Q,travelagent,0.73,28,one_slider,
88,condition1,y,a,yQa,Q,nutritionist,0.1,29,one_slider,
88,condition1,n,q,nQq,Q,professor,0.11,30,one_slider,
88,condition1,y,a,yDa,D,priest,0.92,31,one_slider,
88,condition1,f,l,filler,i,filler3,0.1,32,one_slider,
88,condition1,y,q,yDq,D,conductor,0.16,33,one_slider,
88,condition1,y,q,yDq,D,groom,0.84,34,one_slider,
88,condition1,n,a,nQa,Q,CEO,0.93,35,one_slider,
68,condition1,,,,,,0.74,,one_slider_practice,
68,condition1,,,,,,0.83,,one_slider_practice,
68,condition1,f,l,filler,i,filler4,0.1,6,one_slider,
68,condition1,n,q,nQq,Q,coach,0.26,7,one_slider,
68,condition1,y,q,yDq,D,stylist,0.25,8,one_slider,
68,condition1,y,a,yDa,D,troopleader,0.38,9,one_slider,
68,condition1,n,a,nQa,Q,bartender,1,10,one_slider,
68,condition1,y,a,yQa,Q,fan,0.87,11,one_slider,
68,condition1,f,l,filler,i,filler2,0.08,12,one_slider,
68,condition1,y,q,yQq,Q,CEO,0.95,13,one_slider,
68,condition1,y,a,yQa,Q,patient,0.67,14,one_slider,
68,condition1,n,a,nQa,Q,travelagent,0.92,15,one_slider,
68,condition1,f,l,filler,i,filler5,0.11,16,one_slider,
68,condition1,n,a,nDa,D,playwright,0.88,17,one_slider,
68,condition1,y,q,yQq,Q,pianist,0.65,18,one_slider,
68,condition1,n,q,nQq,Q,queen,0.8,19,one_slider,
68,condition1,y,a,yQa,Q,dentist,0,20,one_slider,
68,condition1,f,l,filler,i,filler3,0.09,21,one_slider,
68,condition1,f,l,filler,i,filler6,0,22,one_slider,
68,condition1,y,q,yQq,Q,artist,1,23,one_slider,
68,condition1,n,q,nQq,Q,chef,0.91,24,one_slider,
68,condition1,n,a,nDa,D,professor,0.31,25,one_slider,
68,condition1,n,q,nDq,D,chief,1,26,one_slider,
68,condition1,n,a,nQa,Q,groom,0,27,one_slider,
68,condition1,n,q,nDq,D,scientist,1,28,one_slider,
68,condition1,n,a,nDa,D,conductor,0,29,one_slider,
68,condition1,y,a,yDa,D,nutritionist,0,30,one_slider,
68,condition1,n,q,nDq,D,choreographer,0,31,one_slider,
68,condition1,f,l,filler,i,filler1,1,32,one_slider,
68,condition1,y,q,yDq,D,priest,1,33,one_slider,
68,condition1,y,a,yDa,D,doctor,1,34,one_slider,
68,condition1,y,q,yDq,D,pilot,0,35,one_slider,
84,condition1,,,,,,0.6,,one_slider_practice,
84,condition1,,,,,,0.24,,one_slider_practice,
84,condition1,n,a,nDa,D,groom,0.38,6,one_slider,
84,condition1,f,l,filler,i,filler1,0.3,7,one_slider,
84,condition1,y,q,yDq,D,choreographer,0.29,8,one_slider,
84,condition1,f,l,filler,i,filler2,0.52,9,one_slider,
84,condition1,n,q,nQq,Q,travelagent,0.38,10,one_slider,
84,condition1,y,q,yQq,Q,bartender,0.75,11,one_slider,
84,condition1,n,a,nDa,D,patient,0.72,12,one_slider,
84,condition1,y,q,yQq,Q,priest,0.7,13,one_slider,
84,condition1,y,q,yQq,Q,troopleader,0.52,14,one_slider,
84,condition1,y,a,yDa,D,dentist,0.39,15,one_slider,
84,condition1,y,q,yDq,D,chef,0.53,16,one_slider,
84,condition1,y,a,yQa,Q,fan,0.64,17,one_slider,
84,condition1,f,l,filler,i,filler4,0.35,18,one_slider,
84,condition1,n,a,nQa,Q,conductor,0.32,19,one_slider,
84,condition1,y,a,yQa,Q,CEO,0.76,20,one_slider,
84,condition1,y,a,yDa,D,stylist,0.28,21,one_slider,
84,condition1,y,a,yDa,D,pianist,0.75,22,one_slider,
84,condition1,y,q,yDq,D,nutritionist,0.37,23,one_slider,
84,condition1,y,a,yQa,Q,pilot,0.32,24,one_slider,
84,condition1,n,q,nDq,D,artist,0.76,25,one_slider,
84,condition1,n,q,nQq,Q,queen,0.28,26,one_slider,
84,condition1,n,q,nDq,D,scientist,0.8,27,one_slider,
84,condition1,n,q,nQq,Q,professor,0.4,28,one_slider,
84,condition1,n,a,nQa,Q,chief,0.69,29,one_slider,
84,condition1,n,q,nDq,D,doctor,0.58,30,one_slider,
84,condition1,n,a,nDa,D,playwright,0.6,31,one_slider,
84,condition1,f,l,filler,i,filler5,0,32,one_slider,
84,condition1,f,l,filler,i,filler6,0.17,33,one_slider,
84,condition1,n,a,nQa,Q,coach,0.47,34,one_slider,
84,condition1,f,l,filler,i,filler3,0,35,one_slider,
108,condition1,,,,,,0.03,,one_slider_practice,
108,condition1,,,,,,0.14,,one_slider_practice,
108,condition1,n,a,nDa,D,pianist,0.68,6,one_slider,
108,condition1,n,q,nDq,D,dentist,0.15,7,one_slider,
108,condition1,f,l,filler,i,filler5,0.12,8,one_slider,
108,condition1,n,a,nDa,D,bartender,0.69,9,one_slider,
108,condition1,n,q,nQq,Q,conductor,0.41,10,one_slider,
108,condition1,f,l,filler,i,filler3,0.07,11,one_slider,
108,condition1,y,q,yQq,Q,professor,0.13,12,one_slider,
108,condition1,y,a,yQa,Q,coach,0.11,13,one_slider,
108,condition1,n,a,nQa,Q,chief,0.59,14,one_slider,
108,condition1,n,a,nDa,D,artist,0.72,15,one_slider,
108,condition1,n,q,nQq,Q,pilot,0.29,16,one_slider,
108,condition1,n,q,nDq,D,fan,0.33,17,one_slider,
108,condition1,f,l,filler,i,filler2,0.61,18,one_slider,
108,condition1,n,a,nQa,Q,chef,0.71,19,one_slider,
108,condition1,y,q,yQq,Q,nutritionist,0.53,20,one_slider,
108,condition1,y,q,yDq,D,CEO,0.75,21,one_slider,
108,condition1,f,l,filler,i,filler4,0.69,22,one_slider,
108,condition1,f,l,filler,i,filler6,0.25,23,one_slider,
108,condition1,y,a,yQa,Q,scientist,0.5,24,one_slider,
108,condition1,y,a,yDa,D,stylist,0.58,25,one_slider,
108,condition1,y,q,yDq,D,priest,0.63,26,one_slider,
108,condition1,n,a,nQa,Q,doctor,0.64,27,one_slider,
108,condition1,y,a,yDa,D,queen,0.67,28,one_slider,
108,condition1,y,a,yDa,D,patient,0.31,29,one_slider,
108,condition1,n,q,nDq,D,travelagent,0.5,30,one_slider,
108,condition1,y,q,yDq,D,troopleader,0.55,31,one_slider,
108,condition1,y,q,yQq,Q,groom,0.2,32,one_slider,
108,condition1,y,a,yQa,Q,playwright,0.56,33,one_slider,
108,condition1,f,l,filler,i,filler1,0.67,34,one_slider,
108,condition1,n,q,nQq,Q,choreographer,0.72,35,one_slider,
94,condition1,,,,,,0.08,,one_slider_practice,
94,condition1,,,,,,0.82,,one_slider_practice,
94,condition1,y,q,yDq,D,pianist,0.5,6,one_slider,
94,condition1,y,a,yDa,D,fan,0.96,7,one_slider,
94,condition1,n,a,nDa,D,chief,0.87,8,one_slider,
94,condition1,y,q,yDq,D,playwright,0.37,9,one_slider,
94,condition1,n,a,nDa,D,doctor,0.86,10,one_slider,
94,condition1,f,l,filler,i,filler2,0.21,11,one_slider,
94,condition1,n,a,nDa,D,CEO,0.97,12,one_slider,
94,condition1,y,a,yQa,Q,pilot,0.15,13,one_slider,
94,condition1,y,a,yDa,D,coach,0.92,14,one_slider,
94,condition1,n,a,nQa,Q,choreographer,0.5,15,one_slider,
94,condition1,f,l,filler,i,filler4,0.1,16,one_slider,
94,condition1,y,q,yDq,D,bartender,0.88,17,one_slider,
94,condition1,n,q,nDq,D,chef,0.83,18,one_slider,
94,condition1,n,q,nDq,D,artist,0.88,19,one_slider,
94,condition1,y,q,yQq,Q,priest,0.94,20,one_slider,
94,condition1,y,a,yQa,Q,groom,0.26,21,one_slider,
94,condition1,n,q,nQq,Q,queen,0.89,22,one_slider,
94,condition1,y,a,yQa,Q,travelagent,0.52,23,one_slider,
94,condition1,n,q,nQq,Q,stylist,0.25,24,one_slider,
94,condition1,y,a,yDa,D,scientist,0.71,25,one_slider,
94,condition1,f,l,filler,i,filler3,0.09,26,one_slider,
94,condition1,f,l,filler,i,filler6,0.15,27,one_slider,
94,condition1,y,q,yQq,Q,patient,0.91,28,one_slider,
94,condition1,n,q,nDq,D,nutritionist,0.67,29,one_slider,
94,condition1,f,l,filler,i,filler5,0.48,30,one_slider,
94,condition1,n,a,nQa,Q,troopleader,0.7,31,one_slider,
94,condition1,f,l,filler,i,filler1,0.88,32,one_slider,
94,condition1,n,a,nQa,Q,professor,0.86,33,one_slider,
94,condition1,n,q,nQq,Q,conductor,0.53,34,one_slider,
94,condition1,y,q,yQq,Q,dentist,0.75,35,one_slider,
111,condition1,,,,,,0.8,,one_slider_practice,
111,condition1,,,,,,0.62,,one_slider_practice,
111,condition1,y,a,yQa,Q,playwright,0.59,6,one_slider,
111,condition1,n,q,nQq,Q,patient,0.45,7,one_slider,
111,condition1,f,l,filler,i,filler2,0.72,8,one_slider,
111,condition1,n,q,nQq,Q,troopleader,0.65,9,one_slider,
111,condition1,n,a,nQa,Q,pilot,0.28,10,one_slider,
111,condition1,f,l,filler,i,filler6,0.24,11,one_slider,
111,condition1,y,a,yDa,D,coach,0.29,12,one_slider,
111,condition1,y,q,yDq,D,CEO,0.36,13,one_slider,
111,condition1,y,q,yDq,D,travelagent,0.31,14,one_slider,
111,condition1,n,a,nDa,D,priest,0.6,15,one_slider,
111,condition1,y,q,yQq,Q,scientist,0.78,16,one_slider,
111,condition1,y,a,yDa,D,dentist,0.59,17,one_slider,
111,condition1,y,q,yQq,Q,conductor,0.75,18,one_slider,
111,condition1,n,q,nDq,D,bartender,0.64,19,one_slider,
111,condition1,n,q,nDq,D,choreographer,0.65,20,one_slider,
111,condition1,f,l,filler,i,filler1,0.8,21,one_slider,
111,condition1,n,a,nQa,Q,fan,0.75,22,one_slider,
111,condition1,n,q,nQq,Q,stylist,0.76,23,one_slider,
111,condition1,n,q,nDq,D,chef,0.75,24,one_slider,
111,condition1,n,a,nQa,Q,artist,0.71,25,one_slider,
111,condition1,y,q,yDq,D,professor,0.41,26,one_slider,
111,condition1,n,a,nDa,D,nutritionist,0.31,27,one_slider,
111,condition1,y,a,yDa,D,doctor,0.65,28,one_slider,
111,condition1,n,a,nDa,D,pianist,0.33,29,one_slider,
111,condition1,y,q,yQq,Q,chief,0.68,30,one_slider,
111,condition1,y,a,yQa,Q,queen,0.26,31,one_slider,
111,condition1,f,l,filler,i,filler3,0.67,32,one_slider,
111,condition1,f,l,filler,i,filler4,0.64,33,one_slider,
111,condition1,f,l,filler,i,filler5,0.67,34,one_slider,
111,condition1,y,a,yQa,Q,groom,0.23,35,one_slider,
54,condition1,,,,,,0.63,,one_slider_practice,
54,condition1,,,,,,0.51,,one_slider_practice,
54,condition1,n,q,nDq,D,coach,0.28,6,one_slider,
54,condition1,y,a,yQa,Q,bartender,0.45,7,one_slider,
54,condition1,y,q,yQq,Q,pilot,0.31,8,one_slider,
54,condition1,y,a,yQa,Q,travelagent,0.67,9,one_slider,
54,condition1,f,l,filler,i,filler3,0.36,10,one_slider,
54,condition1,y,q,yDq,D,priest,0.72,11,one_slider,
54,condition1,n,a,nQa,Q,chef,0.99,12,one_slider,
54,condition1,f,l,filler,i,filler4,0.82,13,one_slider,
54,condition1,y,a,yQa,Q,groom,0.3,14,one_slider,
54,condition1,y,q,yQq,Q,doctor,0.6,15,one_slider,
54,condition1,f,l,filler,i,filler2,0,16,one_slider,
54,condition1,n,a,nQa,Q,fan,0.75,17,one_slider,
54,condition1,n,q,nDq,D,playwright,0.24,18,one_slider,
54,condition1,n,a,nQa,Q,pianist,1,19,one_slider,
54,condition1,y,a,yDa,D,queen,0.99,20,one_slider,
54,condition1,n,q,nQq,Q,choreographer,0,21,one_slider,
54,condition1,f,l,filler,i,filler6,0,22,one_slider,
54,condition1,n,a,nDa,D,CEO,0.78,23,one_slider,
54,condition1,f,l,filler,i,filler1,1,24,one_slider,
54,condition1,n,a,nDa,D,troopleader,0.66,25,one_slider,
54,condition1,n,q,nDq,D,professor,0,26,one_slider,
54,condition1,y,a,yDa,D,chief,0.5,27,one_slider,
54,condition1,y,q,yQq,Q,conductor,0.25,28,one_slider,
54,condition1,n,a,nDa,D,patient,0.53,29,one_slider,
54,condition1,f,l,filler,i,filler5,0.73,30,one_slider,
54,condition1,n,q,nQq,Q,dentist,1,31,one_slider,
54,condition1,n,q,nQq,Q,scientist,0.62,32,one_slider,
54,condition1,y,a,yDa,D,artist,1,33,one_slider,
54,condition1,y,q,yDq,D,stylist,0.68,34,one_slider,
54,condition1,y,q,yDq,D,nutritionist,0,35,one_slider,
118,condition1,,,,,,0.48,,one_slider_practice,
118,condition1,,,,,,0.9,,one_slider_practice,
118,condition1,n,a,nQa,Q,coach,0.22,6,one_slider,
118,condition1,f,l,filler,i,filler6,0.05,7,one_slider,
118,condition1,y,a,yQa,Q,chief,0.63,8,one_slider,
118,condition1,n,q,nDq,D,pianist,0.82,9,one_slider,
118,condition1,n,a,nDa,D,patient,0.78,10,one_slider,
118,condition1,n,q,nQq,Q,dentist,0.16,11,one_slider,
118,condition1,y,q,yDq,D,doctor,0.66,12,one_slider,
118,condition1,y,a,yQa,Q,conductor,0.54,13,one_slider,
118,condition1,y,q,yQq,Q,fan,0.25,14,one_slider,
118,condition1,n,q,nQq,Q,queen,0.78,15,one_slider,
118,condition1,y,q,yQq,Q,priest,0.41,16,one_slider,
118,condition1,f,l,filler,i,filler5,0.1,17,one_slider,
118,condition1,n,a,nQa,Q,travelagent,0.85,18,one_slider,
118,condition1,n,a,nDa,D,professor,0.72,19,one_slider,
118,condition1,y,q,yQq,Q,troopleader,0.77,20,one_slider,
118,condition1,y,a,yDa,D,bartender,0.9,21,one_slider,
118,condition1,f,l,filler,i,filler3,0.06,22,one_slider,
118,condition1,y,a,yQa,Q,nutritionist,0.19,23,one_slider,
118,condition1,y,a,yDa,D,groom,0.66,24,one_slider,
118,condition1,n,a,nQa,Q,playwright,0.48,25,one_slider,
118,condition1,n,q,nDq,D,stylist,0.83,26,one_slider,
118,condition1,y,q,yDq,D,CEO,0.79,27,one_slider,
118,condition1,n,q,nDq,D,scientist,0.94,28,one_slider,
118,condition1,y,q,yDq,D,pilot,0.09,29,one_slider,
118,condition1,n,a,nDa,D,artist,0.83,30,one_slider,
118,condition1,f,l,filler,i,filler1,0.9,31,one_slider,
118,condition1,y,a,yDa,D,choreographer,0.43,32,one_slider,
118,condition1,n,q,nQq,Q,chef,0.78,33,one_slider,
118,condition1,f,l,filler,i,filler2,0.43,34,one_slider,
118,condition1,f,l,filler,i,filler4,0,35,one_slider,
29,condition1,,,,,,0.74,,one_slider_practice,
29,condition1,,,,,,0.4,,one_slider_practice,
29,condition1,n,a,nQa,Q,chef,0.27,6,one_slider,
29,condition1,y,a,yQa,Q,pianist,0.12,7,one_slider,
29,condition1,n,q,nQq,Q,professor,0,8,one_slider,
29,condition1,y,q,yQq,Q,pilot,0,9,one_slider,
29,condition1,n,q,nDq,D,priest,0.16,10,one_slider,
29,condition1,f,l,filler,i,filler5,0,11,one_slider,
29,condition1,y,q,yQq,Q,fan,0.78,12,one_slider,
29,condition1,f,l,filler,i,filler6,0.76,13,one_slider,
29,condition1,n,a,nQa,Q,conductor,0.62,14,one_slider,
29,condition1,f,l,filler,i,filler3,0.25,15,one_slider,
29,condition1,n,q,nDq,D,stylist,0.77,16,one_slider,
29,condition1,y,a,yDa,D,CEO,0.76,17,one_slider,
29,condition1,f,l,filler,i,filler4,0.63,18,one_slider,
29,condition1,n,q,nQq,Q,chief,0.33,19,one_slider,
29,condition1,n,a,nDa,D,artist,0.7,20,one_slider,
29,condition1,y,a,yDa,D,troopleader,0.59,21,one_slider,
29,condition1,y,q,yDq,D,queen,0.48,22,one_slider,
29,condition1,n,a,nDa,D,coach,0.64,23,one_slider,
29,condition1,n,a,nDa,D,dentist,1,24,one_slider,
29,condition1,n,q,nDq,D,choreographer,0.85,25,one_slider,
29,condition1,f,l,filler,i,filler2,0.69,26,one_slider,
29,condition1,y,q,yDq,D,bartender,0.94,27,one_slider,
29,condition1,y,q,yQq,Q,groom,1,28,one_slider,
29,condition1,n,a,nQa,Q,scientist,0.65,29,one_slider,
29,condition1,y,a,yQa,Q,travelagent,0.76,30,one_slider,
29,condition1,y,q,yDq,D,doctor,0.87,31,one_slider,
29,condition1,y,a,yDa,D,playwright,0.66,32,one_slider,
29,condition1,n,q,nQq,Q,patient,0.65,33,one_slider,
29,condition1,f,l,filler,i,filler1,0.86,34,one_slider,
29,condition1,y,a,yQa,Q,nutritionist,0.66,35,one_slider,
104,condition1,,,,,,0.1,,one_slider_practice,
104,condition1,,,,,,0.02,,one_slider_practice,
104,condition1,y,a,yQa,Q,groom,0.26,6,one_slider,
104,condition1,n,q,nQq,Q,pilot,0.51,7,one_slider,
104,condition1,y,a,yDa,D,scientist,0.97,8,one_slider,
104,condition1,n,a,nQa,Q,CEO,0.83,9,one_slider,
104,condition1,y,q,yDq,D,conductor,0.02,10,one_slider,
104,condition1,n,q,nQq,Q,chef,0.9,11,one_slider,
104,condition1,n,a,nDa,D,pianist,0.9,12,one_slider,
104,condition1,n,q,nQq,Q,coach,0.6,13,one_slider,
104,condition1,n,a,nQa,Q,artist,0.83,14,one_slider,
104,condition1,n,q,nDq,D,travelagent,0.67,15,one_slider,
104,condition1,f,l,filler,i,filler4,0.43,16,one_slider,
104,condition1,y,q,yDq,D,patient,0.92,17,one_slider,
104,condition1,f,l,filler,i,filler3,0.13,18,one_slider,
104,condition1,n,q,nDq,D,queen,0.69,19,one_slider,
104,condition1,n,q,nDq,D,doctor,0.92,20,one_slider,
104,condition1,y,q,yDq,D,dentist,0.29,21,one_slider,
104,condition1,f,l,filler,i,filler5,0.07,22,one_slider,
104,condition1,y,a,yDa,D,professor,0.27,23,one_slider,
104,condition1,y,a,yQa,Q,fan,0.14,24,one_slider,
104,condition1,y,q,yQq,Q,playwright,0.64,25,one_slider,
104,condition1,n,a,nDa,D,troopleader,0.95,26,one_slider,
104,condition1,y,a,yQa,Q,priest,0.46,27,one_slider,
104,condition1,f,l,filler,i,filler1,0.69,28,one_slider,
104,condition1,n,a,nQa,Q,choreographer,0.02,29,one_slider,
104,condition1,f,l,filler,i,filler2,0.05,30,one_slider,
104,condition1,y,q,yQq,Q,bartender,0.91,31,one_slider,
104,condition1,f,l,filler,i,filler6,0.03,32,one_slider,
104,condition1,n,a,nDa,D,stylist,0.62,33,one_slider,
104,condition1,y,q,yQq,Q,nutritionist,0,34,one_slider,
104,condition1,y,a,yDa,D,chief,0.52,35,one_slider,
81,condition1,,,,,,0.73,,one_slider_practice,
81,condition1,,,,,,0.36,,one_slider_practice,
81,condition1,n,q,nDq,D,scientist,0.94,6,one_slider,
81,condition1,y,a,yDa,D,choreographer,0.25,7,one_slider,
81,condition1,n,q,nDq,D,fan,0.79,8,one_slider,
81,condition1,y,a,yQa,Q,coach,0.78,9,one_slider,
81,condition1,n,q,nQq,Q,groom,0.55,10,one_slider,
81,condition1,y,q,yDq,D,priest,0.74,11,one_slider,
81,condition1,y,a,yDa,D,troopleader,0.74,12,one_slider,
81,condition1,y,a,yQa,Q,playwright,0.67,13,one_slider,
81,condition1,n,q,nQq,Q,professor,0.52,14,one_slider,
81,condition1,f,l,filler,i,filler4,0.05,15,one_slider,
81,condition1,y,q,yDq,D,pilot,0.03,16,one_slider,
81,condition1,y,q,yQq,Q,bartender,0.43,17,one_slider,
81,condition1,f,l,filler,i,filler6,0.11,18,one_slider,
81,condition1,y,a,yDa,D,dentist,0.16,19,one_slider,
81,condition1,n,a,nDa,D,CEO,1,20,one_slider,
81,condition1,y,q,yQq,Q,stylist,0.97,21,one_slider,
81,condition1,f,l,filler,i,filler3,0.21,22,one_slider,
81,condition1,n,a,nQa,Q,queen,0.98,23,one_slider,
81,condition1,y,q,yQq,Q,nutritionist,0.01,24,one_slider,
81,condition1,y,q,yDq,D,artist,1,25,one_slider,
81,condition1,n,a,nQa,Q,chief,0.49,26,one_slider,
81,condition1,f,l,filler,i,filler5,0.42,27,one_slider,
81,condition1,f,l,filler,i,filler1,1,28,one_slider,
81,condition1,n,q,nQq,Q,chef,1,29,one_slider,
81,condition1,n,a,nDa,D,travelagent,1,30,one_slider,
81,condition1,n,q,nDq,D,pianist,1,31,one_slider,
81,condition1,n,a,nDa,D,conductor,0.5,32,one_slider,
81,condition1,y,a,yQa,Q,patient,0.57,33,one_slider,
81,condition1,f,l,filler,i,filler2,0.53,34,one_slider,
81,condition1,n,a,nQa,Q,doctor,0.79,35,one_slider,
82,condition1,,,,,,0.42,,one_slider_practice,
82,condition1,,,,,,1,,one_slider_practice,
82,condition1,n,a,nDa,D,artist,0.47,6,one_slider,
82,condition1,n,a,nQa,Q,professor,1,7,one_slider,
82,condition1,n,q,nDq,D,CEO,0.04,8,one_slider,
82,condition1,n,q,nQq,Q,chef,1,9,one_slider,
82,condition1,y,a,yQa,Q,scientist,0.39,10,one_slider,
82,condition1,y,a,yQa,Q,queen,1,11,one_slider,
82,condition1,f,l,filler,i,filler1,0.95,12,one_slider,
82,condition1,y,a,yDa,D,pilot,0.09,13,one_slider,
82,condition1,y,a,yDa,D,conductor,0.37,14,one_slider,
82,condition1,y,q,yDq,D,chief,0.72,15,one_slider,
82,condition1,f,l,filler,i,filler3,0.3,16,one_slider,
82,condition1,n,a,nQa,Q,priest,0.97,17,one_slider,
82,condition1,y,q,yQq,Q,pianist,0.8,18,one_slider,
82,condition1,n,q,nDq,D,stylist,0.66,19,one_slider,
82,condition1,f,l,filler,i,filler2,0.5,20,one_slider,
82,condition1,n,q,nQq,Q,playwright,0.04,21,one_slider,
82,condition1,f,l,filler,i,filler6,0,22,one_slider,
82,condition1,f,l,filler,i,filler4,0.96,23,one_slider,
82,condition1,y,q,yQq,Q,doctor,0.94,24,one_slider,
82,condition1,y,q,yDq,D,fan,0,25,one_slider,
82,condition1,n,q,nQq,Q,dentist,0.81,26,one_slider,
82,condition1,y,a,yDa,D,coach,1,27,one_slider,
82,condition1,y,q,yQq,Q,patient,0.96,28,one_slider,
82,condition1,n,a,nQa,Q,groom,0.57,29,one_slider,
82,condition1,n,a,nDa,D,bartender,1,30,one_slider,
82,condition1,y,a,yQa,Q,choreographer,0.55,31,one_slider,
82,condition1,n,q,nDq,D,nutritionist,0.32,32,one_slider,
82,condition1,f,l,filler,i,filler5,0,33,one_slider,
82,condition1,n,a,nDa,D,troopleader,0.01,34,one_slider,
82,condition1,y,q,yDq,D,travelagent,0.96,35,one_slider,
113,condition1,,,,,,0.84,,one_slider_practice,
113,condition1,,,,,,0.94,,one_slider_practice,
113,condition1,f,l,filler,i,filler4,0,6,one_slider,
113,condition1,n,q,nDq,D,coach,0.95,7,one_slider,
113,condition1,n,a,nQa,Q,travelagent,0.24,8,one_slider,
113,condition1,n,q,nQq,Q,nutritionist,0.96,9,one_slider,
113,condition1,y,a,yQa,Q,CEO,0.38,10,one_slider,
113,condition1,n,a,nDa,D,dentist,0.91,11,one_slider,
113,condition1,f,l,filler,i,filler1,0.95,12,one_slider,
113,condition1,n,a,nDa,D,playwright,0.08,13,one_slider,
113,condition1,y,a,yQa,Q,bartender,0.54,14,one_slider,
113,condition1,n,a,nDa,D,fan,0.66,15,one_slider,
113,condition1,y,a,yDa,D,chief,0.98,16,one_slider,
113,condition1,y,a,yDa,D,priest,1,17,one_slider,
113,condition1,n,a,nQa,Q,artist,0.96,18,one_slider,
113,condition1,y,q,yQq,Q,pianist,0.36,19,one_slider,
113,condition1,n,a,nQa,Q,groom,0.5,20,one_slider,
113,condition1,f,l,filler,i,filler6,0.06,21,one_slider,
113,condition1,y,a,yQa,Q,choreographer,0.98,22,one_slider,
113,condition1,n,q,nDq,D,professor,0.99,23,one_slider,
113,condition1,y,q,yDq,D,doctor,0.53,24,one_slider,
113,condition1,n,q,nQq,Q,troopleader,0.98,25,one_slider,
113,condition1,y,q,yDq,D,conductor,0.39,26,one_slider,
113,condition1,n,q,nQq,Q,patient,0.97,27,one_slider,
113,condition1,f,l,filler,i,filler2,0.96,28,one_slider,
113,condition1,y,q,yQq,Q,chef,0.94,29,one_slider,
113,condition1,y,a,yDa,D,stylist,0.83,30,one_slider,
113,condition1,y,q,yQq,Q,queen,0.96,31,one_slider,
113,condition1,y,q,yDq,D,scientist,0.12,32,one_slider,
113,condition1,f,l,filler,i,filler5,0,33,one_slider,
113,condition1,f,l,filler,i,filler3,0.99,34,one_slider,
113,condition1,n,q,nDq,D,pilot,0.98,35,one_slider,
30,condition1,,,,,,0.02,,one_slider_practice,
30,condition1,,,,,,0,,one_slider_practice,
30,condition1,y,q,yDq,D,priest,0,6,one_slider,
30,condition1,y,q,yQq,Q,patient,0.12,7,one_slider,
30,condition1,y,a,yDa,D,queen,0.08,8,one_slider,
30,condition1,f,l,filler,i,filler6,0,9,one_slider,
30,condition1,n,a,nQa,Q,choreographer,0,10,one_slider,
30,condition1,n,a,nQa,Q,stylist,0.18,11,one_slider,
30,condition1,y,a,yQa,Q,troopleader,0.13,12,one_slider,
30,condition1,n,q,nDq,D,scientist,0.07,13,one_slider,
30,condition1,n,q,nQq,Q,artist,0.08,14,one_slider,
30,condition1,y,q,yDq,D,chief,0.5,15,one_slider,
30,condition1,n,q,nQq,Q,fan,0.03,16,one_slider,
30,condition1,n,a,nDa,D,bartender,0.28,17,one_slider,
30,condition1,n,a,nQa,Q,groom,0,18,one_slider,
30,condition1,n,q,nDq,D,professor,0.09,19,one_slider,
30,condition1,f,l,filler,i,filler2,0,20,one_slider,
30,condition1,n,q,nQq,Q,playwright,0.17,21,one_slider,
30,condition1,f,l,filler,i,filler5,0.06,22,one_slider,
30,condition1,y,q,yDq,D,pianist,0.19,23,one_slider,
30,condition1,y,q,yQq,Q,coach,0.29,24,one_slider,
30,condition1,y,a,yQa,Q,CEO,0.15,25,one_slider,
30,condition1,y,a,yDa,D,pilot,0.13,26,one_slider,
30,condition1,n,a,nDa,D,conductor,0.1,27,one_slider,
30,condition1,y,a,yDa,D,travelagent,0.01,28,one_slider,
30,condition1,n,a,nDa,D,nutritionist,0.01,29,one_slider,
30,condition1,y,q,yQq,Q,dentist,0.14,30,one_slider,
30,condition1,f,l,filler,i,filler1,0.06,31,one_slider,
30,condition1,f,l,filler,i,filler4,0.13,32,one_slider,
30,condition1,f,l,filler,i,filler3,0.1,33,one_slider,
30,condition1,y,a,yQa,Q,chef,0.07,34,one_slider,
30,condition1,n,q,nDq,D,doctor,0.07,35,one_slider,
37,condition1,,,,,,1,,one_slider_practice,
37,condition1,,,,,,0.95,,one_slider_practice,
37,condition1,y,q,yQq,Q,chef,0.78,6,one_slider,
37,condition1,f,l,filler,i,filler5,0.02,7,one_slider,
37,condition1,n,a,nDa,D,chief,0.82,8,one_slider,
37,condition1,f,l,filler,i,filler3,0.96,9,one_slider,
37,condition1,n,a,nQa,Q,artist,0.74,10,one_slider,
37,condition1,y,a,yDa,D,coach,0.93,11,one_slider,
37,condition1,n,q,nDq,D,doctor,0.89,12,one_slider,
37,condition1,y,a,yDa,D,professor,0.9,13,one_slider,
37,condition1,y,q,yDq,D,patient,0,14,one_slider,
37,condition1,y,q,yDq,D,fan,0.7,15,one_slider,
37,condition1,f,l,filler,i,filler2,0.95,16,one_slider,
37,condition1,f,l,filler,i,filler4,0.02,17,one_slider,
37,condition1,n,a,nQa,Q,CEO,0.73,18,one_slider,
37,condition1,n,a,nDa,D,pianist,0.85,19,one_slider,
37,condition1,n,a,nDa,D,troopleader,0.78,20,one_slider,
37,condition1,n,q,nQq,Q,scientist,0.77,21,one_slider,
37,condition1,n,q,nDq,D,conductor,0.76,22,one_slider,
37,condition1,f,l,filler,i,filler1,0.99,23,one_slider,
37,condition1,n,q,nQq,Q,dentist,0.8,24,one_slider,
37,condition1,y,a,yQa,Q,stylist,0.25,25,one_slider,
37,condition1,n,a,nQa,Q,priest,0.27,26,one_slider,
37,condition1,y,q,yQq,Q,bartender,0.42,27,one_slider,
37,condition1,n,q,nQq,Q,travelagent,0.72,28,one_slider,
37,condition1,y,a,yQa,Q,groom,0.21,29,one_slider,
37,condition1,y,a,yDa,D,choreographer,0.89,30,one_slider,
37,condition1,n,q,nDq,D,nutritionist,0.51,31,one_slider,
37,condition1,y,a,yQa,Q,queen,0.65,32,one_slider,
37,condition1,f,l,filler,i,filler6,0,33,one_slider,
37,condition1,y,q,yQq,Q,pilot,0.46,34,one_slider,
37,condition1,y,q,yDq,D,playwright,0.2,35,one_slider,
74,condition1,,,,,,0.22,,one_slider_practice,
74,condition1,,,,,,0.76,,one_slider_practice,
74,condition1,y,q,yQq,Q,dentist,0.36,6,one_slider,
74,condition1,y,a,yQa,Q,travelagent,0.71,7,one_slider,
74,condition1,n,q,nQq,Q,CEO,0.68,8,one_slider,
74,condition1,n,q,nQq,Q,nutritionist,0.64,9,one_slider,
74,condition1,y,q,yDq,D,pianist,0.7,10,one_slider,
74,condition1,n,a,nQa,Q,chief,0.84,11,one_slider,
74,condition1,n,q,nQq,Q,doctor,0.67,12,one_slider,
74,condition1,y,q,yQq,Q,chef,0.88,13,one_slider,
74,condition1,f,l,filler,i,filler4,0.19,14,one_slider,
74,condition1,n,a,nQa,Q,artist,0.67,15,one_slider,
74,condition1,y,q,yDq,D,scientist,0.3,16,one_slider,
74,condition1,f,l,filler,i,filler1,0.68,17,one_slider,
74,condition1,n,a,nDa,D,playwright,0.64,18,one_slider,
74,condition1,y,a,yQa,Q,pilot,0.27,19,one_slider,
74,condition1,y,q,yDq,D,fan,0.22,20,one_slider,
74,condition1,y,a,yDa,D,conductor,0.72,21,one_slider,
74,condition1,n,a,nDa,D,professor,0.81,22,one_slider,
74,condition1,f,l,filler,i,filler6,0.22,23,one_slider,
74,condition1,y,q,yQq,Q,bartender,0.81,24,one_slider,
74,condition1,f,l,filler,i,filler5,0.36,25,one_slider,
74,condition1,f,l,filler,i,filler3,0.77,26,one_slider,
74,condition1,n,a,nQa,Q,stylist,0.99,27,one_slider,
74,condition1,n,a,nDa,D,queen,0.93,28,one_slider,
74,condition1,y,a,yDa,D,patient,0.62,29,one_slider,
74,condition1,f,l,filler,i,filler2,0.9,30,one_slider,
74,condition1,y,a,yDa,D,priest,0.88,31,one_slider,
74,condition1,n,q,nDq,D,troopleader,0.72,32,one_slider,
74,condition1,n,q,nDq,D,groom,0.59,33,one_slider,
74,condition1,y,a,yQa,Q,choreographer,0.88,34,one_slider,
74,condition1,n,q,nDq,D,coach,1,35,one_slider,
110,condition1,,,,,,0.02,,one_slider_practice,
110,condition1,,,,,,0.96,,one_slider_practice,
110,condition1,y,a,yDa,D,playwright,0.16,6,one_slider,
110,condition1,n,a,nDa,D,choreographer,0.65,7,one_slider,
110,condition1,n,a,nDa,D,coach,0.63,8,one_slider,
110,condition1,n,a,nQa,Q,CEO,0.68,9,one_slider,
110,condition1,n,a,nDa,D,patient,0.85,10,one_slider,
110,condition1,n,q,nQq,Q,groom,0.11,11,one_slider,
110,condition1,y,q,yQq,Q,doctor,0.61,12,one_slider,
110,condition1,n,q,nDq,D,pilot,0.64,13,one_slider,
110,condition1,n,q,nDq,D,stylist,0.89,14,one_slider,
110,condition1,y,q,yQq,Q,professor,0.84,15,one_slider,
110,condition1,f,l,filler,i,filler3,0.14,16,one_slider,
110,condition1,n,q,nDq,D,dentist,0.24,17,one_slider,
110,condition1,y,a,yQa,Q,fan,0.88,18,one_slider,
110,condition1,f,l,filler,i,filler6,0.07,19,one_slider,
110,condition1,y,q,yQq,Q,pianist,0.8,20,one_slider,
110,condition1,y,q,yDq,D,chef,0.82,21,one_slider,
110,condition1,n,q,nQq,Q,priest,0.8,22,one_slider,
110,condition1,n,a,nQa,Q,bartender,0.8,23,one_slider,
110,condition1,y,a,yDa,D,chief,0.77,24,one_slider,
110,condition1,y,a,yQa,Q,scientist,0.84,25,one_slider,
110,condition1,n,a,nQa,Q,queen,0.88,26,one_slider,
110,condition1,y,a,yDa,D,troopleader,0.67,27,one_slider,
110,condition1,n,q,nQq,Q,nutritionist,0.19,28,one_slider,
110,condition1,f,l,filler,i,filler5,0.2,29,one_slider,
110,condition1,y,q,yDq,D,travelagent,0.85,30,one_slider,
110,condition1,f,l,filler,i,filler1,0.85,31,one_slider,
110,condition1,y,a,yQa,Q,artist,0.8,32,one_slider,
110,condition1,f,l,filler,i,filler2,0.05,33,one_slider,
110,condition1,y,q,yDq,D,conductor,0.09,34,one_slider,
110,condition1,f,l,filler,i,filler4,0.8,35,one_slider,
106,condition1,,,,,,1,,one_slider_practice,
106,condition1,,,,,,1,,one_slider_practice,
106,condition1,n,a,nQa,Q,fan,1,6,one_slider,
106,condition1,n,q,nDq,D,doctor,1,7,one_slider,
106,condition1,y,a,yDa,D,professor,1,8,one_slider,
106,condition1,y,q,yQq,Q,patient,1,9,one_slider,
106,condition1,n,a,nQa,Q,troopleader,0,10,one_slider,
106,condition1,y,q,yDq,D,dentist,1,11,one_slider,
106,condition1,y,a,yQa,Q,groom,1,12,one_slider,
106,condition1,y,a,yDa,D,scientist,1,13,one_slider,
106,condition1,y,q,yDq,D,chief,1,14,one_slider,
106,condition1,y,a,yQa,Q,nutritionist,0.45,15,one_slider,
106,condition1,n,q,nDq,D,pianist,0.15,16,one_slider,
106,condition1,n,q,nDq,D,artist,0.89,17,one_slider,
106,condition1,y,a,yQa,Q,coach,0.77,18,one_slider,
106,condition1,y,q,yDq,D,travelagent,0.38,19,one_slider,
106,condition1,f,l,filler,i,filler3,0.62,20,one_slider,
106,condition1,f,l,filler,i,filler6,0,21,one_slider,
106,condition1,f,l,filler,i,filler2,0.77,22,one_slider,
106,condition1,n,q,nQq,Q,priest,1,23,one_slider,
106,condition1,f,l,filler,i,filler1,1,24,one_slider,
106,condition1,f,l,filler,i,filler4,0.79,25,one_slider,
106,condition1,f,l,filler,i,filler5,0,26,one_slider,
106,condition1,y,q,yQq,Q,stylist,1,27,one_slider,
106,condition1,n,a,nDa,D,bartender,0.94,28,one_slider,
106,condition1,n,a,nDa,D,choreographer,0.57,29,one_slider,
106,condition1,n,q,nQq,Q,pilot,0.75,30,one_slider,
106,condition1,n,a,nDa,D,conductor,1,31,one_slider,
106,condition1,n,q,nQq,Q,CEO,1,32,one_slider,
106,condition1,y,q,yQq,Q,queen,1,33,one_slider,
106,condition1,n,a,nQa,Q,playwright,0.92,34,one_slider,
106,condition1,y,a,yDa,D,chef,1,35,one_slider,
78,condition1,,,,,,0.94,,one_slider_practice,
78,condition1,,,,,,0.98,,one_slider_practice,
78,condition1,n,q,nDq,D,pianist,0.91,6,one_slider,
78,condition1,n,a,nDa,D,artist,0.77,7,one_slider,
78,condition1,y,a,yDa,D,pilot,0.25,8,one_slider,
78,condition1,n,a,nQa,Q,chef,0.83,9,one_slider,
78,condition1,n,a,nQa,Q,dentist,0.21,10,one_slider,
78,condition1,f,l,filler,i,filler2,0.02,11,one_slider,
78,condition1,y,a,yDa,D,patient,0.98,12,one_slider,
78,condition1,n,q,nQq,Q,travelagent,0.02,13,one_slider,
78,condition1,f,l,filler,i,filler3,0.17,14,one_slider,
78,condition1,y,q,yDq,D,troopleader,0.96,15,one_slider,
78,condition1,y,q,yQq,Q,queen,0.15,16,one_slider,
78,condition1,y,a,yDa,D,stylist,0.97,17,one_slider,
78,condition1,n,q,nQq,Q,fan,0.02,18,one_slider,
78,condition1,y,a,yQa,Q,CEO,0.42,19,one_slider,
78,condition1,y,a,yQa,Q,bartender,0.9,20,one_slider,
78,condition1,n,q,nDq,D,doctor,0.03,21,one_slider,
78,condition1,y,q,yQq,Q,conductor,0,22,one_slider,
78,condition1,n,a,nDa,D,choreographer,0.01,23,one_slider,
78,condition1,f,l,filler,i,filler6,0.05,24,one_slider,
78,condition1,y,q,yDq,D,chief,0.61,25,one_slider,
78,condition1,y,q,yDq,D,priest,0.98,26,one_slider,
78,condition1,n,q,nDq,D,nutritionist,0.07,27,one_slider,
78,condition1,y,a,yQa,Q,groom,0.24,28,one_slider,
78,condition1,f,l,filler,i,filler5,0.27,29,one_slider,
78,condition1,n,a,nQa,Q,scientist,0.93,30,one_slider,
78,condition1,n,a,nDa,D,professor,0.11,31,one_slider,
78,condition1,f,l,filler,i,filler4,0,32,one_slider,
78,condition1,n,q,nQq,Q,coach,0.15,33,one_slider,
78,condition1,y,q,yQq,Q,playwright,0.88,34,one_slider,
78,condition1,f,l,filler,i,filler1,0.02,35,one_slider,
83,condition1,,,,,,1,,one_slider_practice,
83,condition1,,,,,,0.77,,one_slider_practice,
83,condition1,f,l,filler,i,filler1,1,6,one_slider,
83,condition1,y,a,yDa,D,dentist,0.39,7,one_slider,
83,condition1,n,a,nQa,Q,artist,0.55,8,one_slider,
83,condition1,n,q,nQq,Q,doctor,0.7,9,one_slider,
83,condition1,f,l,filler,i,filler3,0.87,10,one_slider,
83,condition1,f,l,filler,i,filler4,1,11,one_slider,
83,condition1,y,q,yQq,Q,chef,0.73,12,one_slider,
83,condition1,y,q,yDq,D,professor,0.69,13,one_slider,
83,condition1,n,a,nDa,D,pilot,1,14,one_slider,
83,condition1,y,a,yQa,Q,bartender,0.76,15,one_slider,
83,condition1,f,l,filler,i,filler5,0.47,16,one_slider,
83,condition1,n,q,nDq,D,pianist,0.72,17,one_slider,
83,condition1,y,a,yQa,Q,playwright,0.85,18,one_slider,
83,condition1,f,l,filler,i,filler6,0.15,19,one_slider,
83,condition1,y,q,yQq,Q,troopleader,0.4,20,one_slider,
83,condition1,y,a,yDa,D,queen,1,21,one_slider,
83,condition1,n,q,nQq,Q,travelagent,0.81,22,one_slider,
83,condition1,n,q,nQq,Q,priest,0.78,23,one_slider,
83,condition1,n,a,nQa,Q,nutritionist,0.84,24,one_slider,
83,condition1,n,q,nDq,D,conductor,0.87,25,one_slider,
83,condition1,y,a,yDa,D,CEO,0.89,26,one_slider,
83,condition1,n,a,nDa,D,groom,0.94,27,one_slider,
83,condition1,y,a,yQa,Q,coach,0.45,28,one_slider,
83,condition1,f,l,filler,i,filler2,0.73,29,one_slider,
83,condition1,n,a,nQa,Q,stylist,0.42,30,one_slider,
83,condition1,n,a,nDa,D,scientist,0.3,31,one_slider,
83,condition1,n,q,nDq,D,fan,0.65,32,one_slider,
83,condition1,y,q,yQq,Q,choreographer,0.75,33,one_slider,
83,condition1,y,q,yDq,D,chief,0.62,34,one_slider,
83,condition1,y,q,yDq,D,patient,0.74,35,one_slider,
44,condition1,,,,,,0.99,,one_slider_practice,
44,condition1,,,,,,1,,one_slider_practice,
44,condition1,y,a,yQa,Q,artist,1,6,one_slider,
44,condition1,f,l,filler,i,filler6,0,7,one_slider,
44,condition1,n,a,nDa,D,professor,0.72,8,one_slider,
44,condition1,y,q,yQq,Q,fan,1,9,one_slider,
44,condition1,n,q,nDq,D,nutritionist,1,10,one_slider,
44,condition1,y,q,yQq,Q,stylist,1,11,one_slider,
44,condition1,n,a,nDa,D,playwright,1,12,one_slider,
44,condition1,y,a,yDa,D,troopleader,1,13,one_slider,
44,condition1,y,a,yQa,Q,patient,1,14,one_slider,
44,condition1,n,q,nDq,D,choreographer,0.76,15,one_slider,
44,condition1,f,l,filler,i,filler2,1,16,one_slider,
44,condition1,f,l,filler,i,filler5,0,17,one_slider,
44,condition1,y,a,yDa,D,priest,1,18,one_slider,
44,condition1,n,q,nQq,Q,pianist,1,19,one_slider,
44,condition1,n,a,nQa,Q,coach,1,20,one_slider,
44,condition1,y,q,yQq,Q,conductor,0.67,21,one_slider,
44,condition1,n,q,nQq,Q,chef,1,22,one_slider,
44,condition1,n,a,nQa,Q,dentist,0.47,23,one_slider,
44,condition1,f,l,filler,i,filler4,0,24,one_slider,
44,condition1,y,a,yQa,Q,travelagent,1,25,one_slider,
44,condition1,y,a,yDa,D,bartender,1,26,one_slider,
44,condition1,n,a,nQa,Q,chief,1,27,one_slider,
44,condition1,y,q,yDq,D,groom,0.79,28,one_slider,
44,condition1,y,q,yDq,D,scientist,1,29,one_slider,
44,condition1,n,a,nDa,D,pilot,1,30,one_slider,
44,condition1,n,q,nDq,D,CEO,1,31,one_slider,
44,condition1,f,l,filler,i,filler1,1,32,one_slider,
44,condition1,y,q,yDq,D,queen,0.91,33,one_slider,
44,condition1,f,l,filler,i,filler3,1,34,one_slider,
44,condition1,n,q,nQq,Q,doctor,0.93,35,one_slider,
63,condition1,,,,,,0.98,,one_slider_practice,
63,condition1,,,,,,0.01,,one_slider_practice,
63,condition1,n,a,nQa,Q,artist,0.42,6,one_slider,
63,condition1,y,q,yQq,Q,queen,0.03,7,one_slider,
63,condition1,y,a,yDa,D,nutritionist,0.02,8,one_slider,
63,condition1,n,a,nDa,D,fan,0.81,9,one_slider,
63,condition1,y,q,yQq,Q,pianist,0.48,10,one_slider,
63,condition1,y,q,yDq,D,travelagent,0.81,11,one_slider,
63,condition1,y,a,yDa,D,doctor,0.28,12,one_slider,
63,condition1,y,a,yDa,D,choreographer,0.01,13,one_slider,
63,condition1,n,a,nDa,D,groom,0.51,14,one_slider,
63,condition1,n,a,nDa,D,bartender,0.78,15,one_slider,
63,condition1,n,q,nQq,Q,patient,0.95,16,one_slider,
63,condition1,y,a,yQa,Q,coach,0.96,17,one_slider,
63,condition1,y,q,yDq,D,playwright,0.23,18,one_slider,
63,condition1,f,l,filler,i,filler4,0.95,19,one_slider,
63,condition1,y,a,yQa,Q,scientist,0.84,20,one_slider,
63,condition1,n,a,nQa,Q,troopleader,0.93,21,one_slider,
63,condition1,f,l,filler,i,filler1,0,22,one_slider,
63,condition1,f,l,filler,i,filler2,0.04,23,one_slider,
63,condition1,f,l,filler,i,filler6,0.08,24,one_slider,
63,condition1,n,q,nDq,D,professor,0.94,25,one_slider,
63,condition1,n,q,nQq,Q,chef,0.91,26,one_slider,
63,condition1,n,q,nQq,Q,conductor,0.43,27,one_slider,
63,condition1,y,q,yQq,Q,priest,0.72,28,one_slider,
63,condition1,f,l,filler,i,filler3,0.71,29,one_slider,
63,condition1,y,q,yDq,D,CEO,0.7,30,one_slider,
63,condition1,y,a,yQa,Q,dentist,0.13,31,one_slider,
63,condition1,n,q,nDq,D,chief,0.92,32,one_slider,
63,condition1,f,l,filler,i,filler5,0.45,33,one_slider,
63,condition1,n,q,nDq,D,pilot,0.8,34,one_slider,
63,condition1,n,a,nQa,Q,stylist,0.83,35,one_slider,
80,condition1,,,,,,0.31,,one_slider_practice,
80,condition1,,,,,,0.72,,one_slider_practice,
80,condition1,n,a,nDa,D,priest,0.72,6,one_slider,
80,condition1,y,a,yDa,D,pilot,0.38,7,one_slider,
80,condition1,y,q,yQq,Q,troopleader,0.09,8,one_slider,
80,condition1,y,q,yDq,D,dentist,0.09,9,one_slider,
80,condition1,y,a,yQa,Q,chief,0.61,10,one_slider,
80,condition1,n,a,nQa,Q,stylist,0.68,11,one_slider,
80,condition1,n,a,nQa,Q,fan,0.37,12,one_slider,
80,condition1,y,a,yDa,D,travelagent,0.63,13,one_slider,
80,condition1,f,l,filler,i,filler6,0.33,14,one_slider,
80,condition1,y,a,yQa,Q,pianist,0.7,15,one_slider,
80,condition1,y,a,yDa,D,nutritionist,0.47,16,one_slider,
80,condition1,f,l,filler,i,filler1,0.8,17,one_slider,
80,condition1,n,q,nQq,Q,scientist,0.76,18,one_slider,
80,condition1,n,a,nQa,Q,groom,0.18,19,one_slider,
80,condition1,n,q,nQq,Q,bartender,0.5,20,one_slider,
80,condition1,n,q,nDq,D,professor,0.66,21,one_slider,
80,condition1,n,q,nQq,Q,queen,0.83,22,one_slider,
80,condition1,f,l,filler,i,filler3,0.69,23,one_slider,
80,condition1,y,q,yQq,Q,choreographer,0,24,one_slider,
80,condition1,f,l,filler,i,filler2,0.66,25,one_slider,
80,condition1,y,a,yQa,Q,conductor,0.58,26,one_slider,
80,condition1,n,q,nDq,D,coach,0.8,27,one_slider,
80,condition1,y,q,yQq,Q,chef,0.73,28,one_slider,
80,condition1,f,l,filler,i,filler4,0.77,29,one_slider,
80,condition1,n,a,nDa,D,patient,0.9,30,one_slider,
80,condition1,n,a,nDa,D,CEO,0.74,31,one_slider,
80,condition1,y,q,yDq,D,artist,0.68,32,one_slider,
80,condition1,y,q,yDq,D,doctor,0.31,33,one_slider,
80,condition1,f,l,filler,i,filler5,0,34,one_slider,
80,condition1,n,q,nDq,D,playwright,0.66,35,one_slider,
31,condition1,,,,,,1,,one_slider_practice,
31,condition1,,,,,,0.48,,one_slider_practice,
31,condition1,n,a,nDa,D,dentist,0.75,6,one_slider,
31,condition1,y,a,yQa,Q,choreographer,0.13,7,one_slider,
31,condition1,n,a,nDa,D,patient,1,8,one_slider,
31,condition1,n,a,nQa,Q,stylist,0.36,9,one_slider,
31,condition1,y,q,yDq,D,travelagent,1,10,one_slider,
31,condition1,n,q,nQq,Q,coach,0.98,11,one_slider,
31,condition1,n,a,nDa,D,troopleader,0.4,12,one_slider,
31,condition1,y,a,yDa,D,doctor,0.78,13,one_slider,
31,condition1,y,q,yQq,Q,pilot,0.69,14,one_slider,
31,condition1,y,q,yDq,D,pianist,0.81,15,one_slider,
31,condition1,f,l,filler,i,filler1,0.89,16,one_slider,
31,condition1,f,l,filler,i,filler4,1,17,one_slider,
31,condition1,n,q,nQq,Q,priest,1,18,one_slider,
31,condition1,y,a,yDa,D,fan,0.99,19,one_slider,
31,condition1,n,q,nDq,D,artist,0.98,20,one_slider,
31,condition1,y,a,yDa,D,chief,0.97,21,one_slider,
31,condition1,f,l,filler,i,filler3,0.97,22,one_slider,
31,condition1,y,q,yQq,Q,groom,0.4,23,one_slider,
31,condition1,y,q,yQq,Q,queen,0.84,24,one_slider,
31,condition1,y,q,yDq,D,nutritionist,0.88,25,one_slider,
31,condition1,f,l,filler,i,filler5,0.18,26,one_slider,
31,condition1,n,q,nQq,Q,playwright,0.73,27,one_slider,
31,condition1,n,a,nQa,Q,scientist,0.89,28,one_slider,
31,condition1,n,q,nDq,D,conductor,0.93,29,one_slider,
31,condition1,n,a,nQa,Q,professor,0.99,30,one_slider,
31,condition1,y,a,yQa,Q,chef,0.99,31,one_slider,
31,condition1,n,q,nDq,D,CEO,0.95,32,one_slider,
31,condition1,y,a,yQa,Q,bartender,0.93,33,one_slider,
31,condition1,f,l,filler,i,filler6,0.15,34,one_slider,
31,condition1,f,l,filler,i,filler2,1,35,one_slider,
