"","workerid","WCO","animacy","condition","determiner","item","response","slide_number","trial_type","subject_information.assess","subject_information.gender","subject_information.age","subject_information.language","time_in_minutes","unique_worker"
"1",85,"","","","","",0.05,NA,"one_slider_practice","Yes","Male","21","English",23.3444666666667,"S 85"
"2",85,"","","","","",0.8,NA,"one_slider_practice","Yes","Male","21","English",23.3444666666667,"S 85"
"3",85,"f","l","filler","i","filler1",0.98,6,"one_slider","Yes","Male","21","English",23.3444666666667,"S 85"
"4",85,"f","l","filler","i","filler6",0.98,7,"one_slider","Yes","Male","21","English",23.3444666666667,"S 85"
"5",85,"N","I","NQI","Q","stylist",0.98,8,"one_slider","Yes","Male","21","English",23.3444666666667,"S 85"
"6",85,"N","I","NDI","D","pianist",0.03,9,"one_slider","Yes","Male","21","English",23.3444666666667,"S 85"
"7",85,"Y","A","YDA","D","patient",0.98,10,"one_slider","Yes","Male","21","English",23.3444666666667,"S 85"
"8",85,"Y","I","YDI","D","supervisor",0.12,11,"one_slider","Yes","Male","21","English",23.3444666666667,"S 85"
"9",85,"Y","I","YQI","Q","dentist",0.51,12,"one_slider","Yes","Male","21","English",23.3444666666667,"S 85"
"10",85,"N","I","NQI","Q","travelagent",0.97,13,"one_slider","Yes","Male","21","English",23.3444666666667,"S 85"
"11",85,"Y","I","YDI","D","groom",0.79,14,"one_slider","Yes","Male","21","English",23.3444666666667,"S 85"
"12",85,"Y","A","YQA","Q","scientist",0.82,15,"one_slider","Yes","Male","21","English",23.3444666666667,"S 85"
"13",85,"Y","I","YQI","Q","playwright",0.76,16,"one_slider","Yes","Male","21","English",23.3444666666667,"S 85"
"14",85,"N","I","NQI","Q","bartender",0.9,17,"one_slider","Yes","Male","21","English",23.3444666666667,"S 85"
"15",85,"Y","A","YQA","Q","coach",0.98,18,"one_slider","Yes","Male","21","English",23.3444666666667,"S 85"
"16",85,"N","A","NDA","D","professor",0.85,19,"one_slider","Yes","Male","21","English",23.3444666666667,"S 85"
"17",85,"f","l","filler","i","filler4",0.86,20,"one_slider","Yes","Male","21","English",23.3444666666667,"S 85"
"18",85,"N","A","NQA","Q","fan",0.78,21,"one_slider","Yes","Male","21","English",23.3444666666667,"S 85"
"19",85,"Y","I","YQI","Q","queen",1,22,"one_slider","Yes","Male","21","English",23.3444666666667,"S 85"
"20",85,"Y","A","YDA","D","pilot",0.47,23,"one_slider","Yes","Male","21","English",23.3444666666667,"S 85"
"21",85,"f","l","filler","i","filler3",0.47,24,"one_slider","Yes","Male","21","English",23.3444666666667,"S 85"
"22",85,"Y","I","YDI","D","priest",1,25,"one_slider","Yes","Male","21","English",23.3444666666667,"S 85"
"23",85,"N","A","NDA","D","chef",1,26,"one_slider","Yes","Male","21","English",23.3444666666667,"S 85"
"24",85,"f","l","filler","i","filler2",1,27,"one_slider","Yes","Male","21","English",23.3444666666667,"S 85"
"25",85,"Y","A","YQA","Q","choreographer",1,28,"one_slider","Yes","Male","21","English",23.3444666666667,"S 85"
"26",85,"f","l","filler","i","filler5",0.22,29,"one_slider","Yes","Male","21","English",23.3444666666667,"S 85"
"27",85,"N","I","NDI","D","doctor",0.86,30,"one_slider","Yes","Male","21","English",23.3444666666667,"S 85"
"28",85,"N","A","NQA","Q","artist",1,31,"one_slider","Yes","Male","21","English",23.3444666666667,"S 85"
"29",85,"N","I","NDI","D","nutritionist",0.15,32,"one_slider","Yes","Male","21","English",23.3444666666667,"S 85"
"30",85,"Y","A","YDA","D","troopleader",0.96,33,"one_slider","Yes","Male","21","English",23.3444666666667,"S 85"
"31",85,"N","A","NQA","Q","CEO",1,34,"one_slider","Yes","Male","21","English",23.3444666666667,"S 85"
"32",85,"N","A","NDA","D","conductor",0.98,35,"one_slider","Yes","Male","21","English",23.3444666666667,"S 85"
"33",103,"","","","","",0.78,NA,"one_slider_practice","Yes","Male","21","English",9.39078333333333,"S 103"
"34",103,"","","","","",0.92,NA,"one_slider_practice","Yes","Male","21","English",9.39078333333333,"S 103"
"35",103,"N","I","NQI","Q","groom",0.5,6,"one_slider","Yes","Male","21","English",9.39078333333333,"S 103"
"36",103,"f","l","filler","i","filler4",0.92,7,"one_slider","Yes","Male","21","English",9.39078333333333,"S 103"
"37",103,"Y","A","YQA","Q","conductor",0.88,8,"one_slider","Yes","Male","21","English",9.39078333333333,"S 103"
"38",103,"Y","I","YQI","Q","coach",0.25,9,"one_slider","Yes","Male","21","English",9.39078333333333,"S 103"
"39",103,"Y","A","YDA","D","travelagent",0.07,10,"one_slider","Yes","Male","21","English",9.39078333333333,"S 103"
"40",103,"Y","A","YDA","D","stylist",0.08,11,"one_slider","Yes","Male","21","English",9.39078333333333,"S 103"
"41",103,"f","l","filler","i","filler2",0.21,12,"one_slider","Yes","Male","21","English",9.39078333333333,"S 103"
"42",103,"Y","I","YDI","D","playwright",0.31,13,"one_slider","Yes","Male","21","English",9.39078333333333,"S 103"
"43",103,"f","l","filler","i","filler6",0.03,14,"one_slider","Yes","Male","21","English",9.39078333333333,"S 103"
"44",103,"Y","A","YQA","Q","artist",0.13,15,"one_slider","Yes","Male","21","English",9.39078333333333,"S 103"
"45",103,"N","I","NDI","D","troopleader",0.86,16,"one_slider","Yes","Male","21","English",9.39078333333333,"S 103"
"46",103,"N","A","NDA","D","chef",0.97,17,"one_slider","Yes","Male","21","English",9.39078333333333,"S 103"
"47",103,"Y","I","YDI","D","queen",0,18,"one_slider","Yes","Male","21","English",9.39078333333333,"S 103"
"48",103,"N","I","NDI","D","pilot",0.53,19,"one_slider","Yes","Male","21","English",9.39078333333333,"S 103"
"49",103,"N","A","NQA","Q","fan",0.98,20,"one_slider","Yes","Male","21","English",9.39078333333333,"S 103"
"50",103,"Y","A","YDA","D","dentist",0.89,21,"one_slider","Yes","Male","21","English",9.39078333333333,"S 103"
"51",103,"N","I","NQI","Q","pianist",0.96,22,"one_slider","Yes","Male","21","English",9.39078333333333,"S 103"
"52",103,"f","l","filler","i","filler1",0.76,23,"one_slider","Yes","Male","21","English",9.39078333333333,"S 103"
"53",103,"N","A","NQA","Q","nutritionist",0.99,24,"one_slider","Yes","Male","21","English",9.39078333333333,"S 103"
"54",103,"N","A","NDA","D","doctor",0.95,25,"one_slider","Yes","Male","21","English",9.39078333333333,"S 103"
"55",103,"Y","I","YQI","Q","scientist",0.53,26,"one_slider","Yes","Male","21","English",9.39078333333333,"S 103"
"56",103,"Y","A","YQA","Q","priest",0.83,27,"one_slider","Yes","Male","21","English",9.39078333333333,"S 103"
"57",103,"N","A","NQA","Q","patient",0.3,28,"one_slider","Yes","Male","21","English",9.39078333333333,"S 103"
"58",103,"f","l","filler","i","filler5",0.03,29,"one_slider","Yes","Male","21","English",9.39078333333333,"S 103"
"59",103,"N","A","NDA","D","bartender",0.57,30,"one_slider","Yes","Male","21","English",9.39078333333333,"S 103"
"60",103,"N","I","NQI","Q","choreographer",0.56,31,"one_slider","Yes","Male","21","English",9.39078333333333,"S 103"
"61",103,"Y","I","YQI","Q","supervisor",0.4,32,"one_slider","Yes","Male","21","English",9.39078333333333,"S 103"
"62",103,"f","l","filler","i","filler3",0.83,33,"one_slider","Yes","Male","21","English",9.39078333333333,"S 103"
"63",103,"Y","I","YDI","D","professor",0.25,34,"one_slider","Yes","Male","21","English",9.39078333333333,"S 103"
"64",103,"N","I","NDI","D","CEO",0.53,35,"one_slider","Yes","Male","21","English",9.39078333333333,"S 103"
"65",114,"","","","","",0.03,NA,"one_slider_practice","Yes","Male","18","English and Russian",9.25718333333333,"S 114"
"66",114,"","","","","",0.96,NA,"one_slider_practice","Yes","Male","18","English and Russian",9.25718333333333,"S 114"
"67",114,"N","I","NDI","D","artist",1,6,"one_slider","Yes","Male","18","English and Russian",9.25718333333333,"S 114"
"68",114,"N","A","NQA","Q","bartender",0.5,7,"one_slider","Yes","Male","18","English and Russian",9.25718333333333,"S 114"
"69",114,"f","l","filler","i","filler1",0.75,8,"one_slider","Yes","Male","18","English and Russian",9.25718333333333,"S 114"
"70",114,"Y","I","YQI","Q","professor",0.26,9,"one_slider","Yes","Male","18","English and Russian",9.25718333333333,"S 114"
"71",114,"Y","I","YDI","D","choreographer",0.7,10,"one_slider","Yes","Male","18","English and Russian",9.25718333333333,"S 114"
"72",114,"N","I","NQI","Q","nutritionist",0.99,11,"one_slider","Yes","Male","18","English and Russian",9.25718333333333,"S 114"
"73",114,"Y","I","YQI","Q","CEO",0.13,12,"one_slider","Yes","Male","18","English and Russian",9.25718333333333,"S 114"
"74",114,"N","I","NDI","D","chef",0.96,13,"one_slider","Yes","Male","18","English and Russian",9.25718333333333,"S 114"
"75",114,"Y","A","YDA","D","stylist",0.69,14,"one_slider","Yes","Male","18","English and Russian",9.25718333333333,"S 114"
"76",114,"N","I","NQI","Q","fan",0.98,15,"one_slider","Yes","Male","18","English and Russian",9.25718333333333,"S 114"
"77",114,"N","A","NDA","D","queen",0.98,16,"one_slider","Yes","Male","18","English and Russian",9.25718333333333,"S 114"
"78",114,"Y","A","YDA","D","troopleader",0.23,17,"one_slider","Yes","Male","18","English and Russian",9.25718333333333,"S 114"
"79",114,"Y","I","YDI","D","patient",0.1,18,"one_slider","Yes","Male","18","English and Russian",9.25718333333333,"S 114"
"80",114,"Y","A","YQA","Q","scientist",0.39,19,"one_slider","Yes","Male","18","English and Russian",9.25718333333333,"S 114"
"81",114,"Y","I","YQI","Q","groom",0.66,20,"one_slider","Yes","Male","18","English and Russian",9.25718333333333,"S 114"
"82",114,"N","A","NDA","D","coach",1,21,"one_slider","Yes","Male","18","English and Russian",9.25718333333333,"S 114"
"83",114,"N","I","NDI","D","priest",0.97,22,"one_slider","Yes","Male","18","English and Russian",9.25718333333333,"S 114"
"84",114,"f","l","filler","i","filler2",0.96,23,"one_slider","Yes","Male","18","English and Russian",9.25718333333333,"S 114"
"85",114,"N","A","NQA","Q","doctor",0.89,24,"one_slider","Yes","Male","18","English and Russian",9.25718333333333,"S 114"
"86",114,"f","l","filler","i","filler4",0.04,25,"one_slider","Yes","Male","18","English and Russian",9.25718333333333,"S 114"
"87",114,"N","A","NQA","Q","dentist",0.68,26,"one_slider","Yes","Male","18","English and Russian",9.25718333333333,"S 114"
"88",114,"f","l","filler","i","filler3",0.95,27,"one_slider","Yes","Male","18","English and Russian",9.25718333333333,"S 114"
"89",114,"N","I","NQI","Q","playwright",0.96,28,"one_slider","Yes","Male","18","English and Russian",9.25718333333333,"S 114"
"90",114,"f","l","filler","i","filler6",0.04,29,"one_slider","Yes","Male","18","English and Russian",9.25718333333333,"S 114"
"91",114,"f","l","filler","i","filler5",0.07,30,"one_slider","Yes","Male","18","English and Russian",9.25718333333333,"S 114"
"92",114,"Y","A","YQA","Q","pianist",0.88,31,"one_slider","Yes","Male","18","English and Russian",9.25718333333333,"S 114"
"93",114,"Y","A","YQA","Q","conductor",0.76,32,"one_slider","Yes","Male","18","English and Russian",9.25718333333333,"S 114"
"94",114,"Y","I","YDI","D","travelagent",0.36,33,"one_slider","Yes","Male","18","English and Russian",9.25718333333333,"S 114"
"95",114,"Y","A","YDA","D","supervisor",0.14,34,"one_slider","Yes","Male","18","English and Russian",9.25718333333333,"S 114"
"96",114,"N","A","NDA","D","pilot",0.04,35,"one_slider","Yes","Male","18","English and Russian",9.25718333333333,"S 114"
"97",96,"","","","","",0.4,NA,"one_slider_practice","Yes","Male","18","English",8.93578333333333,"S 96"
"98",96,"","","","","",0.18,NA,"one_slider_practice","Yes","Male","18","English",8.93578333333333,"S 96"
"99",96,"N","A","NDA","D","travelagent",0.54,6,"one_slider","Yes","Male","18","English",8.93578333333333,"S 96"
"100",96,"N","I","NQI","Q","chef",0.69,7,"one_slider","Yes","Male","18","English",8.93578333333333,"S 96"
"101",96,"N","I","NDI","D","stylist",0.7,8,"one_slider","Yes","Male","18","English",8.93578333333333,"S 96"
"102",96,"Y","A","YQA","Q","doctor",0.22,9,"one_slider","Yes","Male","18","English",8.93578333333333,"S 96"
"103",96,"f","l","filler","i","filler5",0.21,10,"one_slider","Yes","Male","18","English",8.93578333333333,"S 96"
"104",96,"f","l","filler","i","filler1",0.85,11,"one_slider","Yes","Male","18","English",8.93578333333333,"S 96"
"105",96,"Y","A","YDA","D","nutritionist",0.35,12,"one_slider","Yes","Male","18","English",8.93578333333333,"S 96"
"106",96,"Y","I","YQI","Q","pianist",0.06,13,"one_slider","Yes","Male","18","English",8.93578333333333,"S 96"
"107",96,"N","I","NQI","Q","patient",0.79,14,"one_slider","Yes","Male","18","English",8.93578333333333,"S 96"
"108",96,"Y","A","YDA","D","troopleader",0.2,15,"one_slider","Yes","Male","18","English",8.93578333333333,"S 96"
"109",96,"f","l","filler","i","filler6",0,16,"one_slider","Yes","Male","18","English",8.93578333333333,"S 96"
"110",96,"f","l","filler","i","filler3",0.66,17,"one_slider","Yes","Male","18","English",8.93578333333333,"S 96"
"111",96,"Y","I","YQI","Q","choreographer",0.06,18,"one_slider","Yes","Male","18","English",8.93578333333333,"S 96"
"112",96,"N","I","NDI","D","coach",0.43,19,"one_slider","Yes","Male","18","English",8.93578333333333,"S 96"
"113",96,"N","A","NQA","Q","conductor",0.4,20,"one_slider","Yes","Male","18","English",8.93578333333333,"S 96"
"114",96,"N","A","NQA","Q","professor",0.9,21,"one_slider","Yes","Male","18","English",8.93578333333333,"S 96"
"115",96,"N","A","NQA","Q","groom",0.86,22,"one_slider","Yes","Male","18","English",8.93578333333333,"S 96"
"116",96,"Y","A","YDA","D","playwright",0.39,23,"one_slider","Yes","Male","18","English",8.93578333333333,"S 96"
"117",96,"N","A","NDA","D","artist",0.93,24,"one_slider","Yes","Male","18","English",8.93578333333333,"S 96"
"118",96,"f","l","filler","i","filler4",0.59,25,"one_slider","Yes","Male","18","English",8.93578333333333,"S 96"
"119",96,"Y","I","YDI","D","fan",0.15,26,"one_slider","Yes","Male","18","English",8.93578333333333,"S 96"
"120",96,"Y","I","YDI","D","bartender",0.65,27,"one_slider","Yes","Male","18","English",8.93578333333333,"S 96"
"121",96,"Y","A","YQA","Q","scientist",0.29,28,"one_slider","Yes","Male","18","English",8.93578333333333,"S 96"
"122",96,"N","I","NQI","Q","queen",0.92,29,"one_slider","Yes","Male","18","English",8.93578333333333,"S 96"
"123",96,"Y","A","YQA","Q","dentist",0.69,30,"one_slider","Yes","Male","18","English",8.93578333333333,"S 96"
"124",96,"Y","I","YQI","Q","pilot",0.34,31,"one_slider","Yes","Male","18","English",8.93578333333333,"S 96"
"125",96,"N","I","NDI","D","supervisor",0.69,32,"one_slider","Yes","Male","18","English",8.93578333333333,"S 96"
"126",96,"Y","I","YDI","D","CEO",0.29,33,"one_slider","Yes","Male","18","English",8.93578333333333,"S 96"
"127",96,"N","A","NDA","D","priest",0.92,34,"one_slider","Yes","Male","18","English",8.93578333333333,"S 96"
"128",96,"f","l","filler","i","filler2",0.74,35,"one_slider","Yes","Male","18","English",8.93578333333333,"S 96"
"129",78,"","","","","",0.9,NA,"one_slider_practice","Yes","Male","20","English",9.75803333333333,"S 78"
"130",78,"","","","","",0.66,NA,"one_slider_practice","Yes","Male","20","English",9.75803333333333,"S 78"
"131",78,"N","I","NQI","Q","artist",0.32,6,"one_slider","Yes","Male","20","English",9.75803333333333,"S 78"
"132",78,"Y","I","YQI","Q","playwright",0.4,7,"one_slider","Yes","Male","20","English",9.75803333333333,"S 78"
"133",78,"Y","A","YDA","D","dentist",0.65,8,"one_slider","Yes","Male","20","English",9.75803333333333,"S 78"
"134",78,"N","A","NDA","D","patient",0.51,9,"one_slider","Yes","Male","20","English",9.75803333333333,"S 78"
"135",78,"f","l","filler","i","filler3",0.52,10,"one_slider","Yes","Male","20","English",9.75803333333333,"S 78"
"136",78,"N","A","NQA","Q","priest",0.51,11,"one_slider","Yes","Male","20","English",9.75803333333333,"S 78"
"137",78,"f","l","filler","i","filler5",0.48,12,"one_slider","Yes","Male","20","English",9.75803333333333,"S 78"
"138",78,"N","I","NDI","D","queen",0.5,13,"one_slider","Yes","Male","20","English",9.75803333333333,"S 78"
"139",78,"N","A","NQA","Q","troopleader",0.54,14,"one_slider","Yes","Male","20","English",9.75803333333333,"S 78"
"140",78,"N","A","NQA","Q","pianist",0.54,15,"one_slider","Yes","Male","20","English",9.75803333333333,"S 78"
"141",78,"Y","A","YQA","Q","travelagent",0.56,16,"one_slider","Yes","Male","20","English",9.75803333333333,"S 78"
"142",78,"Y","I","YDI","D","CEO",0.59,17,"one_slider","Yes","Male","20","English",9.75803333333333,"S 78"
"143",78,"N","I","NQI","Q","doctor",0.62,18,"one_slider","Yes","Male","20","English",9.75803333333333,"S 78"
"144",78,"Y","I","YQI","Q","stylist",0.61,19,"one_slider","Yes","Male","20","English",9.75803333333333,"S 78"
"145",78,"Y","A","YQA","Q","groom",0.64,20,"one_slider","Yes","Male","20","English",9.75803333333333,"S 78"
"146",78,"Y","I","YDI","D","bartender",0.67,21,"one_slider","Yes","Male","20","English",9.75803333333333,"S 78"
"147",78,"N","I","NQI","Q","fan",0.69,22,"one_slider","Yes","Male","20","English",9.75803333333333,"S 78"
"148",78,"f","l","filler","i","filler6",0.65,23,"one_slider","Yes","Male","20","English",9.75803333333333,"S 78"
"149",78,"Y","I","YQI","Q","chef",0.43,24,"one_slider","Yes","Male","20","English",9.75803333333333,"S 78"
"150",78,"Y","I","YDI","D","scientist",0.51,25,"one_slider","Yes","Male","20","English",9.75803333333333,"S 78"
"151",78,"N","I","NDI","D","coach",0.65,26,"one_slider","Yes","Male","20","English",9.75803333333333,"S 78"
"152",78,"Y","A","YQA","Q","supervisor",0.63,27,"one_slider","Yes","Male","20","English",9.75803333333333,"S 78"
"153",78,"N","I","NDI","D","conductor",0.63,28,"one_slider","Yes","Male","20","English",9.75803333333333,"S 78"
"154",78,"N","A","NDA","D","pilot",0.61,29,"one_slider","Yes","Male","20","English",9.75803333333333,"S 78"
"155",78,"Y","A","YDA","D","choreographer",0.64,30,"one_slider","Yes","Male","20","English",9.75803333333333,"S 78"
"156",78,"f","l","filler","i","filler1",0.45,31,"one_slider","Yes","Male","20","English",9.75803333333333,"S 78"
"157",78,"Y","A","YDA","D","nutritionist",0.58,32,"one_slider","Yes","Male","20","English",9.75803333333333,"S 78"
"158",78,"f","l","filler","i","filler2",0.56,33,"one_slider","Yes","Male","20","English",9.75803333333333,"S 78"
"159",78,"N","A","NDA","D","professor",0.61,34,"one_slider","Yes","Male","20","English",9.75803333333333,"S 78"
"160",78,"f","l","filler","i","filler4",0.57,35,"one_slider","Yes","Male","20","English",9.75803333333333,"S 78"
"161",88,"","","","","",0,NA,"one_slider_practice","Yes","Female","20","Turkish",7.50533333333333,"S 88"
"162",88,"","","","","",1,NA,"one_slider_practice","Yes","Female","20","Turkish",7.50533333333333,"S 88"
"163",88,"N","A","NQA","Q","bartender",0,6,"one_slider","Yes","Female","20","Turkish",7.50533333333333,"S 88"
"164",88,"N","I","NQI","Q","CEO",0,7,"one_slider","Yes","Female","20","Turkish",7.50533333333333,"S 88"
"165",88,"f","l","filler","i","filler4",0.74,8,"one_slider","Yes","Female","20","Turkish",7.50533333333333,"S 88"
"166",88,"N","A","NDA","D","travelagent",0.95,9,"one_slider","Yes","Female","20","Turkish",7.50533333333333,"S 88"
"167",88,"N","I","NQI","Q","patient",1,10,"one_slider","Yes","Female","20","Turkish",7.50533333333333,"S 88"
"168",88,"Y","A","YDA","D","troopleader",0.25,11,"one_slider","Yes","Female","20","Turkish",7.50533333333333,"S 88"
"169",88,"N","A","NDA","D","choreographer",0,12,"one_slider","Yes","Female","20","Turkish",7.50533333333333,"S 88"
"170",88,"f","l","filler","i","filler5",0.02,13,"one_slider","Yes","Female","20","Turkish",7.50533333333333,"S 88"
"171",88,"N","A","NQA","Q","playwright",0.71,14,"one_slider","Yes","Female","20","Turkish",7.50533333333333,"S 88"
"172",88,"Y","I","YDI","D","pilot",0.88,15,"one_slider","Yes","Female","20","Turkish",7.50533333333333,"S 88"
"173",88,"Y","I","YQI","Q","queen",0.75,16,"one_slider","Yes","Female","20","Turkish",7.50533333333333,"S 88"
"174",88,"f","l","filler","i","filler6",0,17,"one_slider","Yes","Female","20","Turkish",7.50533333333333,"S 88"
"175",88,"N","I","NDI","D","doctor",1,18,"one_slider","Yes","Female","20","Turkish",7.50533333333333,"S 88"
"176",88,"Y","A","YQA","Q","professor",1,19,"one_slider","Yes","Female","20","Turkish",7.50533333333333,"S 88"
"177",88,"N","A","NQA","Q","fan",0.95,20,"one_slider","Yes","Female","20","Turkish",7.50533333333333,"S 88"
"178",88,"Y","A","YDA","D","dentist",0,21,"one_slider","Yes","Female","20","Turkish",7.50533333333333,"S 88"
"179",88,"f","l","filler","i","filler2",0.01,22,"one_slider","Yes","Female","20","Turkish",7.50533333333333,"S 88"
"180",88,"Y","A","YDA","D","priest",0,23,"one_slider","Yes","Female","20","Turkish",7.50533333333333,"S 88"
"181",88,"N","I","NDI","D","scientist",1,24,"one_slider","Yes","Female","20","Turkish",7.50533333333333,"S 88"
"182",88,"Y","I","YDI","D","pianist",0,25,"one_slider","Yes","Female","20","Turkish",7.50533333333333,"S 88"
"183",88,"Y","I","YDI","D","conductor",1,26,"one_slider","Yes","Female","20","Turkish",7.50533333333333,"S 88"
"184",88,"f","l","filler","i","filler3",1,27,"one_slider","Yes","Female","20","Turkish",7.50533333333333,"S 88"
"185",88,"N","A","NDA","D","coach",1,28,"one_slider","Yes","Female","20","Turkish",7.50533333333333,"S 88"
"186",88,"N","I","NDI","D","nutritionist",1,29,"one_slider","Yes","Female","20","Turkish",7.50533333333333,"S 88"
"187",88,"f","l","filler","i","filler1",1,30,"one_slider","Yes","Female","20","Turkish",7.50533333333333,"S 88"
"188",88,"Y","I","YQI","Q","supervisor",1,31,"one_slider","Yes","Female","20","Turkish",7.50533333333333,"S 88"
"189",88,"Y","I","YQI","Q","groom",0,32,"one_slider","Yes","Female","20","Turkish",7.50533333333333,"S 88"
"190",88,"Y","A","YQA","Q","stylist",1,33,"one_slider","Yes","Female","20","Turkish",7.50533333333333,"S 88"
"191",88,"Y","A","YQA","Q","chef",1,34,"one_slider","Yes","Female","20","Turkish",7.50533333333333,"S 88"
"192",88,"N","I","NQI","Q","artist",1,35,"one_slider","Yes","Female","20","Turkish",7.50533333333333,"S 88"
"193",70,"","","","","",1,NA,"one_slider_practice","Yes","Female","katherine","katherine",2.4565,"S 70"
"194",70,"","","","","",1,NA,"one_slider_practice","Yes","Female","katherine","katherine",2.4565,"S 70"
"195",70,"N","I","NQI","Q","chef",0.72,6,"one_slider","Yes","Female","katherine","katherine",2.4565,"S 70"
"196",70,"N","I","NQI","Q","coach",0.25,7,"one_slider","Yes","Female","katherine","katherine",2.4565,"S 70"
"197",70,"f","l","filler","i","filler5",0.61,8,"one_slider","Yes","Female","katherine","katherine",2.4565,"S 70"
"198",70,"Y","I","YDI","D","pilot",0.66,9,"one_slider","Yes","Female","katherine","katherine",2.4565,"S 70"
"199",70,"Y","I","YDI","D","nutritionist",0.45,10,"one_slider","Yes","Female","katherine","katherine",2.4565,"S 70"
"200",70,"N","A","NQA","Q","CEO",0.5,11,"one_slider","Yes","Female","katherine","katherine",2.4565,"S 70"
"201",70,"Y","I","YDI","D","fan",0.81,12,"one_slider","Yes","Female","katherine","katherine",2.4565,"S 70"
"202",70,"f","l","filler","i","filler3",0.83,13,"one_slider","Yes","Female","katherine","katherine",2.4565,"S 70"
"203",70,"f","l","filler","i","filler4",0.32,14,"one_slider","Yes","Female","katherine","katherine",2.4565,"S 70"
"204",70,"N","A","NDA","D","playwright",0.47,15,"one_slider","Yes","Female","katherine","katherine",2.4565,"S 70"
"205",70,"Y","A","YDA","D","artist",0.44,16,"one_slider","Yes","Female","katherine","katherine",2.4565,"S 70"
"206",70,"Y","A","YDA","D","dentist",0.66,17,"one_slider","Yes","Female","katherine","katherine",2.4565,"S 70"
"207",70,"f","l","filler","i","filler1",0.57,18,"one_slider","Yes","Female","katherine","katherine",2.4565,"S 70"
"208",70,"N","A","NQA","Q","troopleader",0.48,19,"one_slider","Yes","Female","katherine","katherine",2.4565,"S 70"
"209",70,"N","I","NDI","D","pianist",0.44,20,"one_slider","Yes","Female","katherine","katherine",2.4565,"S 70"
"210",70,"N","I","NDI","D","scientist",0.76,21,"one_slider","Yes","Female","katherine","katherine",2.4565,"S 70"
"211",70,"f","l","filler","i","filler6",0.76,22,"one_slider","Yes","Female","katherine","katherine",2.4565,"S 70"
"212",70,"Y","I","YQI","Q","doctor",0.83,23,"one_slider","Yes","Female","katherine","katherine",2.4565,"S 70"
"213",70,"Y","A","YDA","D","patient",0.17,24,"one_slider","Yes","Female","katherine","katherine",2.4565,"S 70"
"214",70,"N","A","NQA","Q","stylist",0.35,25,"one_slider","Yes","Female","katherine","katherine",2.4565,"S 70"
"215",70,"Y","I","YQI","Q","conductor",0.56,26,"one_slider","Yes","Female","katherine","katherine",2.4565,"S 70"
"216",70,"N","A","NDA","D","priest",0.55,27,"one_slider","Yes","Female","katherine","katherine",2.4565,"S 70"
"217",70,"Y","A","YQA","Q","professor",0.53,28,"one_slider","Yes","Female","katherine","katherine",2.4565,"S 70"
"218",70,"N","I","NDI","D","queen",0.88,29,"one_slider","Yes","Female","katherine","katherine",2.4565,"S 70"
"219",70,"N","I","NQI","Q","groom",0.12,30,"one_slider","Yes","Female","katherine","katherine",2.4565,"S 70"
"220",70,"N","A","NDA","D","bartender",0.59,31,"one_slider","Yes","Female","katherine","katherine",2.4565,"S 70"
"221",70,"Y","I","YQI","Q","choreographer",0.46,32,"one_slider","Yes","Female","katherine","katherine",2.4565,"S 70"
"222",70,"Y","A","YQA","Q","travelagent",0.5,33,"one_slider","Yes","Female","katherine","katherine",2.4565,"S 70"
"223",70,"Y","A","YQA","Q","supervisor",0.4,34,"one_slider","Yes","Female","katherine","katherine",2.4565,"S 70"
"224",70,"f","l","filler","i","filler2",0.83,35,"one_slider","Yes","Female","katherine","katherine",2.4565,"S 70"
"225",71,"","","","","",0.95,NA,"one_slider_practice","Yes","Male","19","Telugu",17.4685833333333,"S 71"
"226",71,"","","","","",0.95,NA,"one_slider_practice","Yes","Male","19","Telugu",17.4685833333333,"S 71"
"227",71,"N","A","NQA","Q","fan",0.72,6,"one_slider","Yes","Male","19","Telugu",17.4685833333333,"S 71"
"228",71,"N","I","NQI","Q","scientist",0.96,7,"one_slider","Yes","Male","19","Telugu",17.4685833333333,"S 71"
"229",71,"N","I","NQI","Q","choreographer",0.23,8,"one_slider","Yes","Male","19","Telugu",17.4685833333333,"S 71"
"230",71,"f","l","filler","i","filler6",0.02,9,"one_slider","Yes","Male","19","Telugu",17.4685833333333,"S 71"
"231",71,"N","A","NDA","D","CEO",0.44,10,"one_slider","Yes","Male","19","Telugu",17.4685833333333,"S 71"
"232",71,"N","A","NDA","D","queen",0.42,11,"one_slider","Yes","Male","19","Telugu",17.4685833333333,"S 71"
"233",71,"N","A","NQA","Q","bartender",0.85,12,"one_slider","Yes","Male","19","Telugu",17.4685833333333,"S 71"
"234",71,"N","I","NQI","Q","stylist",0.98,13,"one_slider","Yes","Male","19","Telugu",17.4685833333333,"S 71"
"235",71,"Y","I","YQI","Q","dentist",0.04,14,"one_slider","Yes","Male","19","Telugu",17.4685833333333,"S 71"
"236",71,"Y","I","YQI","Q","patient",0.04,15,"one_slider","Yes","Male","19","Telugu",17.4685833333333,"S 71"
"237",71,"Y","I","YDI","D","chef",0.09,16,"one_slider","Yes","Male","19","Telugu",17.4685833333333,"S 71"
"238",71,"f","l","filler","i","filler1",0.84,17,"one_slider","Yes","Male","19","Telugu",17.4685833333333,"S 71"
"239",71,"f","l","filler","i","filler2",0.81,18,"one_slider","Yes","Male","19","Telugu",17.4685833333333,"S 71"
"240",71,"f","l","filler","i","filler3",0.84,19,"one_slider","Yes","Male","19","Telugu",17.4685833333333,"S 71"
"241",71,"f","l","filler","i","filler4",0.1,20,"one_slider","Yes","Male","19","Telugu",17.4685833333333,"S 71"
"242",71,"Y","A","YDA","D","supervisor",0.15,21,"one_slider","Yes","Male","19","Telugu",17.4685833333333,"S 71"
"243",71,"Y","A","YQA","Q","playwright",0.78,22,"one_slider","Yes","Male","19","Telugu",17.4685833333333,"S 71"
"244",71,"Y","I","YDI","D","conductor",0.18,23,"one_slider","Yes","Male","19","Telugu",17.4685833333333,"S 71"
"245",71,"N","A","NQA","Q","groom",0.84,24,"one_slider","Yes","Male","19","Telugu",17.4685833333333,"S 71"
"246",71,"Y","A","YDA","D","doctor",0.16,25,"one_slider","Yes","Male","19","Telugu",17.4685833333333,"S 71"
"247",71,"N","I","NDI","D","priest",0.86,26,"one_slider","Yes","Male","19","Telugu",17.4685833333333,"S 71"
"248",71,"Y","I","YQI","Q","pianist",0.14,27,"one_slider","Yes","Male","19","Telugu",17.4685833333333,"S 71"
"249",71,"Y","A","YQA","Q","troopleader",0.31,28,"one_slider","Yes","Male","19","Telugu",17.4685833333333,"S 71"
"250",71,"N","I","NDI","D","pilot",0.84,29,"one_slider","Yes","Male","19","Telugu",17.4685833333333,"S 71"
"251",71,"N","A","NDA","D","coach",0.82,30,"one_slider","Yes","Male","19","Telugu",17.4685833333333,"S 71"
"252",71,"Y","A","YQA","Q","artist",0.16,31,"one_slider","Yes","Male","19","Telugu",17.4685833333333,"S 71"
"253",71,"N","I","NDI","D","travelagent",0.08,32,"one_slider","Yes","Male","19","Telugu",17.4685833333333,"S 71"
"254",71,"Y","A","YDA","D","professor",0.19,33,"one_slider","Yes","Male","19","Telugu",17.4685833333333,"S 71"
"255",71,"f","l","filler","i","filler5",0.13,34,"one_slider","Yes","Male","19","Telugu",17.4685833333333,"S 71"
"256",71,"Y","I","YDI","D","nutritionist",0.85,35,"one_slider","Yes","Male","19","Telugu",17.4685833333333,"S 71"
"257",112,"","","","","",0.61,NA,"one_slider_practice","Confused","","","katherine",2.42835,"S 112"
"258",112,"","","","","",0.63,NA,"one_slider_practice","Confused","","","katherine",2.42835,"S 112"
"259",112,"Y","A","YQA","Q","dentist",0.62,6,"one_slider","Confused","","","katherine",2.42835,"S 112"
"260",112,"N","A","NQA","Q","choreographer",0.66,7,"one_slider","Confused","","","katherine",2.42835,"S 112"
"261",112,"Y","I","YQI","Q","pianist",0.37,8,"one_slider","Confused","","","katherine",2.42835,"S 112"
"262",112,"f","l","filler","i","filler1",0.79,9,"one_slider","Confused","","","katherine",2.42835,"S 112"
"263",112,"f","l","filler","i","filler4",0.61,10,"one_slider","Confused","","","katherine",2.42835,"S 112"
"264",112,"Y","A","YDA","D","fan",0.54,11,"one_slider","Confused","","","katherine",2.42835,"S 112"
"265",112,"f","l","filler","i","filler5",0.43,12,"one_slider","Confused","","","katherine",2.42835,"S 112"
"266",112,"Y","I","YDI","D","bartender",0.29,13,"one_slider","Confused","","","katherine",2.42835,"S 112"
"267",112,"N","I","NQI","Q","artist",0.84,14,"one_slider","Confused","","","katherine",2.42835,"S 112"
"268",112,"f","l","filler","i","filler3",0.14,15,"one_slider","Confused","","","katherine",2.42835,"S 112"
"269",112,"Y","A","YDA","D","nutritionist",0.71,16,"one_slider","Confused","","","katherine",2.42835,"S 112"
"270",112,"Y","I","YQI","Q","queen",0.71,17,"one_slider","Confused","","","katherine",2.42835,"S 112"
"271",112,"N","I","NDI","D","doctor",0.58,18,"one_slider","Confused","","","katherine",2.42835,"S 112"
"272",112,"N","A","NDA","D","playwright",0.55,19,"one_slider","Confused","","","katherine",2.42835,"S 112"
"273",112,"N","I","NQI","Q","scientist",0.88,20,"one_slider","Confused","","","katherine",2.42835,"S 112"
"274",112,"Y","A","YQA","Q","supervisor",0.58,21,"one_slider","Confused","","","katherine",2.42835,"S 112"
"275",112,"Y","A","YDA","D","priest",0.52,22,"one_slider","Confused","","","katherine",2.42835,"S 112"
"276",112,"Y","A","YQA","Q","coach",0.89,23,"one_slider","Confused","","","katherine",2.42835,"S 112"
"277",112,"Y","I","YDI","D","pilot",0.36,24,"one_slider","Confused","","","katherine",2.42835,"S 112"
"278",112,"N","A","NQA","Q","professor",0.5,25,"one_slider","Confused","","","katherine",2.42835,"S 112"
"279",112,"Y","I","YDI","D","travelagent",0.51,26,"one_slider","Confused","","","katherine",2.42835,"S 112"
"280",112,"f","l","filler","i","filler2",0.53,27,"one_slider","Confused","","","katherine",2.42835,"S 112"
"281",112,"N","I","NDI","D","chef",0.79,28,"one_slider","Confused","","","katherine",2.42835,"S 112"
"282",112,"N","I","NDI","D","stylist",0.76,29,"one_slider","Confused","","","katherine",2.42835,"S 112"
"283",112,"f","l","filler","i","filler6",0.82,30,"one_slider","Confused","","","katherine",2.42835,"S 112"
"284",112,"N","A","NDA","D","groom",0.66,31,"one_slider","Confused","","","katherine",2.42835,"S 112"
"285",112,"N","A","NDA","D","CEO",0.67,32,"one_slider","Confused","","","katherine",2.42835,"S 112"
"286",112,"Y","I","YQI","Q","patient",0.58,33,"one_slider","Confused","","","katherine",2.42835,"S 112"
"287",112,"N","A","NQA","Q","conductor",0.43,34,"one_slider","Confused","","","katherine",2.42835,"S 112"
"288",112,"N","I","NQI","Q","troopleader",0.42,35,"one_slider","Confused","","","katherine",2.42835,"S 112"
"289",107,"","","","","",0.12,NA,"one_slider_practice","Confused","Female","20","English",7.44351666666667,"S 107"
"290",107,"","","","","",0.17,NA,"one_slider_practice","Confused","Female","20","English",7.44351666666667,"S 107"
"291",107,"N","I","NDI","D","professor",0.65,6,"one_slider","Confused","Female","20","English",7.44351666666667,"S 107"
"292",107,"Y","A","YDA","D","dentist",0.52,7,"one_slider","Confused","Female","20","English",7.44351666666667,"S 107"
"293",107,"N","A","NQA","Q","CEO",0.12,8,"one_slider","Confused","Female","20","English",7.44351666666667,"S 107"
"294",107,"N","I","NDI","D","choreographer",0.42,9,"one_slider","Confused","Female","20","English",7.44351666666667,"S 107"
"295",107,"N","I","NQI","Q","travelagent",0.4,10,"one_slider","Confused","Female","20","English",7.44351666666667,"S 107"
"296",107,"Y","I","YDI","D","doctor",0.66,11,"one_slider","Confused","Female","20","English",7.44351666666667,"S 107"
"297",107,"Y","A","YQA","Q","coach",0.43,12,"one_slider","Confused","Female","20","English",7.44351666666667,"S 107"
"298",107,"Y","A","YDA","D","groom",0.6,13,"one_slider","Confused","Female","20","English",7.44351666666667,"S 107"
"299",107,"Y","I","YQI","Q","scientist",0.48,14,"one_slider","Confused","Female","20","English",7.44351666666667,"S 107"
"300",107,"f","l","filler","i","filler5",0.5,15,"one_slider","Confused","Female","20","English",7.44351666666667,"S 107"
"301",107,"N","I","NQI","Q","supervisor",0.56,16,"one_slider","Confused","Female","20","English",7.44351666666667,"S 107"
"302",107,"N","A","NQA","Q","pianist",0.49,17,"one_slider","Confused","Female","20","English",7.44351666666667,"S 107"
"303",107,"N","A","NDA","D","conductor",0.31,18,"one_slider","Confused","Female","20","English",7.44351666666667,"S 107"
"304",107,"f","l","filler","i","filler3",0.38,19,"one_slider","Confused","Female","20","English",7.44351666666667,"S 107"
"305",107,"Y","A","YQA","Q","queen",0.56,20,"one_slider","Confused","Female","20","English",7.44351666666667,"S 107"
"306",107,"Y","I","YQI","Q","chef",0.21,21,"one_slider","Confused","Female","20","English",7.44351666666667,"S 107"
"307",107,"N","A","NDA","D","playwright",0.54,22,"one_slider","Confused","Female","20","English",7.44351666666667,"S 107"
"308",107,"Y","I","YQI","Q","fan",0.37,23,"one_slider","Confused","Female","20","English",7.44351666666667,"S 107"
"309",107,"Y","A","YDA","D","patient",0.55,24,"one_slider","Confused","Female","20","English",7.44351666666667,"S 107"
"310",107,"Y","I","YDI","D","priest",0.44,25,"one_slider","Confused","Female","20","English",7.44351666666667,"S 107"
"311",107,"Y","A","YQA","Q","nutritionist",0.69,26,"one_slider","Confused","Female","20","English",7.44351666666667,"S 107"
"312",107,"N","A","NQA","Q","stylist",0.14,27,"one_slider","Confused","Female","20","English",7.44351666666667,"S 107"
"313",107,"f","l","filler","i","filler6",0.57,28,"one_slider","Confused","Female","20","English",7.44351666666667,"S 107"
"314",107,"Y","I","YDI","D","pilot",0.23,29,"one_slider","Confused","Female","20","English",7.44351666666667,"S 107"
"315",107,"f","l","filler","i","filler1",0.69,30,"one_slider","Confused","Female","20","English",7.44351666666667,"S 107"
"316",107,"f","l","filler","i","filler2",0.32,31,"one_slider","Confused","Female","20","English",7.44351666666667,"S 107"
"317",107,"N","A","NDA","D","troopleader",0.73,32,"one_slider","Confused","Female","20","English",7.44351666666667,"S 107"
"318",107,"N","I","NQI","Q","artist",0.5,33,"one_slider","Confused","Female","20","English",7.44351666666667,"S 107"
"319",107,"f","l","filler","i","filler4",0.21,34,"one_slider","Confused","Female","20","English",7.44351666666667,"S 107"
"320",107,"N","I","NDI","D","bartender",0.72,35,"one_slider","Confused","Female","20","English",7.44351666666667,"S 107"
"321",76,"","","","","",1,NA,"one_slider_practice","Confused","Female","19","English",12.4091,"S 76"
"322",76,"","","","","",0.73,NA,"one_slider_practice","Confused","Female","19","English",12.4091,"S 76"
"323",76,"N","I","NQI","Q","doctor",0.45,6,"one_slider","Confused","Female","19","English",12.4091,"S 76"
"324",76,"N","I","NDI","D","nutritionist",0.29,7,"one_slider","Confused","Female","19","English",12.4091,"S 76"
"325",76,"N","A","NQA","Q","patient",0,8,"one_slider","Confused","Female","19","English",12.4091,"S 76"
"326",76,"f","l","filler","i","filler3",0,9,"one_slider","Confused","Female","19","English",12.4091,"S 76"
"327",76,"f","l","filler","i","filler2",0.11,10,"one_slider","Confused","Female","19","English",12.4091,"S 76"
"328",76,"Y","I","YDI","D","coach",0,11,"one_slider","Confused","Female","19","English",12.4091,"S 76"
"329",76,"Y","A","YQA","Q","troopleader",0,12,"one_slider","Confused","Female","19","English",12.4091,"S 76"
"330",76,"N","I","NDI","D","chef",0.1,13,"one_slider","Confused","Female","19","English",12.4091,"S 76"
"331",76,"N","A","NQA","Q","travelagent",0.3,14,"one_slider","Confused","Female","19","English",12.4091,"S 76"
"332",76,"N","A","NDA","D","stylist",0.39,15,"one_slider","Confused","Female","19","English",12.4091,"S 76"
"333",76,"N","A","NQA","Q","supervisor",0,16,"one_slider","Confused","Female","19","English",12.4091,"S 76"
"334",76,"Y","I","YQI","Q","playwright",0.17,17,"one_slider","Confused","Female","19","English",12.4091,"S 76"
"335",76,"f","l","filler","i","filler6",0,18,"one_slider","Confused","Female","19","English",12.4091,"S 76"
"336",76,"Y","A","YQA","Q","fan",0,19,"one_slider","Confused","Female","19","English",12.4091,"S 76"
"337",76,"Y","I","YDI","D","conductor",0,20,"one_slider","Confused","Female","19","English",12.4091,"S 76"
"338",76,"Y","A","YDA","D","pilot",0,21,"one_slider","Confused","Female","19","English",12.4091,"S 76"
"339",76,"Y","I","YQI","Q","queen",0,22,"one_slider","Confused","Female","19","English",12.4091,"S 76"
"340",76,"f","l","filler","i","filler5",0,23,"one_slider","Confused","Female","19","English",12.4091,"S 76"
"341",76,"Y","A","YDA","D","priest",0.71,24,"one_slider","Confused","Female","19","English",12.4091,"S 76"
"342",76,"Y","I","YQI","Q","dentist",0.25,25,"one_slider","Confused","Female","19","English",12.4091,"S 76"
"343",76,"N","A","NDA","D","professor",0.85,26,"one_slider","Confused","Female","19","English",12.4091,"S 76"
"344",76,"f","l","filler","i","filler4",0.7,27,"one_slider","Confused","Female","19","English",12.4091,"S 76"
"345",76,"N","I","NDI","D","choreographer",0.91,28,"one_slider","Confused","Female","19","English",12.4091,"S 76"
"346",76,"N","I","NQI","Q","CEO",0.84,29,"one_slider","Confused","Female","19","English",12.4091,"S 76"
"347",76,"N","I","NQI","Q","pianist",0.94,30,"one_slider","Confused","Female","19","English",12.4091,"S 76"
"348",76,"N","A","NDA","D","bartender",0.81,31,"one_slider","Confused","Female","19","English",12.4091,"S 76"
"349",76,"Y","A","YQA","Q","artist",0.5,32,"one_slider","Confused","Female","19","English",12.4091,"S 76"
"350",76,"f","l","filler","i","filler1",1,33,"one_slider","Confused","Female","19","English",12.4091,"S 76"
"351",76,"Y","I","YDI","D","scientist",1,34,"one_slider","Confused","Female","19","English",12.4091,"S 76"
"352",76,"Y","A","YDA","D","groom",1,35,"one_slider","Confused","Female","19","English",12.4091,"S 76"
"353",115,"","","","","",0.89,NA,"one_slider_practice","Yes","Male","19","English, Marathi",32.3514666666667,"S 115"
"354",115,"","","","","",0.68,NA,"one_slider_practice","Yes","Male","19","English, Marathi",32.3514666666667,"S 115"
"355",115,"Y","A","YQA","Q","CEO",0.49,6,"one_slider","Yes","Male","19","English, Marathi",32.3514666666667,"S 115"
"356",115,"f","l","filler","i","filler4",0.05,7,"one_slider","Yes","Male","19","English, Marathi",32.3514666666667,"S 115"
"357",115,"f","l","filler","i","filler3",0.64,8,"one_slider","Yes","Male","19","English, Marathi",32.3514666666667,"S 115"
"358",115,"f","l","filler","i","filler2",0.92,9,"one_slider","Yes","Male","19","English, Marathi",32.3514666666667,"S 115"
"359",115,"f","l","filler","i","filler1",0.98,10,"one_slider","Yes","Male","19","English, Marathi",32.3514666666667,"S 115"
"360",115,"Y","I","YDI","D","groom",0.35,11,"one_slider","Yes","Male","19","English, Marathi",32.3514666666667,"S 115"
"361",115,"N","A","NQA","Q","bartender",0.68,12,"one_slider","Yes","Male","19","English, Marathi",32.3514666666667,"S 115"
"362",115,"Y","I","YQI","Q","chef",0.6,13,"one_slider","Yes","Male","19","English, Marathi",32.3514666666667,"S 115"
"363",115,"N","A","NQA","Q","scientist",0.93,14,"one_slider","Yes","Male","19","English, Marathi",32.3514666666667,"S 115"
"364",115,"Y","A","YQA","Q","travelagent",0.43,15,"one_slider","Yes","Male","19","English, Marathi",32.3514666666667,"S 115"
"365",115,"N","A","NQA","Q","pilot",0.71,16,"one_slider","Yes","Male","19","English, Marathi",32.3514666666667,"S 115"
"366",115,"N","I","NQI","Q","choreographer",0.63,17,"one_slider","Yes","Male","19","English, Marathi",32.3514666666667,"S 115"
"367",115,"Y","I","YQI","Q","artist",0.89,18,"one_slider","Yes","Male","19","English, Marathi",32.3514666666667,"S 115"
"368",115,"N","I","NDI","D","priest",0.94,19,"one_slider","Yes","Male","19","English, Marathi",32.3514666666667,"S 115"
"369",115,"Y","A","YQA","Q","queen",0.94,20,"one_slider","Yes","Male","19","English, Marathi",32.3514666666667,"S 115"
"370",115,"N","A","NDA","D","nutritionist",0.94,21,"one_slider","Yes","Male","19","English, Marathi",32.3514666666667,"S 115"
"371",115,"f","l","filler","i","filler6",0.04,22,"one_slider","Yes","Male","19","English, Marathi",32.3514666666667,"S 115"
"372",115,"N","I","NQI","Q","coach",0.98,23,"one_slider","Yes","Male","19","English, Marathi",32.3514666666667,"S 115"
"373",115,"N","A","NDA","D","troopleader",0.62,24,"one_slider","Yes","Male","19","English, Marathi",32.3514666666667,"S 115"
"374",115,"Y","I","YQI","Q","pianist",0.55,25,"one_slider","Yes","Male","19","English, Marathi",32.3514666666667,"S 115"
"375",115,"Y","I","YDI","D","dentist",0.74,26,"one_slider","Yes","Male","19","English, Marathi",32.3514666666667,"S 115"
"376",115,"Y","A","YDA","D","professor",0.67,27,"one_slider","Yes","Male","19","English, Marathi",32.3514666666667,"S 115"
"377",115,"Y","I","YDI","D","playwright",0.63,28,"one_slider","Yes","Male","19","English, Marathi",32.3514666666667,"S 115"
"378",115,"N","I","NDI","D","stylist",0.32,29,"one_slider","Yes","Male","19","English, Marathi",32.3514666666667,"S 115"
"379",115,"Y","A","YDA","D","conductor",0.51,30,"one_slider","Yes","Male","19","English, Marathi",32.3514666666667,"S 115"
"380",115,"f","l","filler","i","filler5",0.94,31,"one_slider","Yes","Male","19","English, Marathi",32.3514666666667,"S 115"
"381",115,"N","I","NDI","D","patient",0.97,32,"one_slider","Yes","Male","19","English, Marathi",32.3514666666667,"S 115"
"382",115,"N","A","NDA","D","doctor",0.68,33,"one_slider","Yes","Male","19","English, Marathi",32.3514666666667,"S 115"
"383",115,"Y","A","YDA","D","supervisor",0.77,34,"one_slider","Yes","Male","19","English, Marathi",32.3514666666667,"S 115"
"384",115,"N","I","NQI","Q","fan",0.94,35,"one_slider","Yes","Male","19","English, Marathi",32.3514666666667,"S 115"
"385",87,"","","","","",0.85,NA,"one_slider_practice","Yes","Female","20","english",6.40001666666667,"S 87"
"386",87,"","","","","",0.65,NA,"one_slider_practice","Yes","Female","20","english",6.40001666666667,"S 87"
"387",87,"N","I","NQI","Q","groom",0.55,6,"one_slider","Yes","Female","20","english",6.40001666666667,"S 87"
"388",87,"Y","I","YDI","D","chef",0.42,7,"one_slider","Yes","Female","20","english",6.40001666666667,"S 87"
"389",87,"Y","A","YQA","Q","bartender",0.23,8,"one_slider","Yes","Female","20","english",6.40001666666667,"S 87"
"390",87,"N","A","NQA","Q","choreographer",0.65,9,"one_slider","Yes","Female","20","english",6.40001666666667,"S 87"
"391",87,"N","I","NQI","Q","pilot",0.66,10,"one_slider","Yes","Female","20","english",6.40001666666667,"S 87"
"392",87,"Y","I","YQI","Q","artist",0.52,11,"one_slider","Yes","Female","20","english",6.40001666666667,"S 87"
"393",87,"Y","I","YQI","Q","scientist",0.52,12,"one_slider","Yes","Female","20","english",6.40001666666667,"S 87"
"394",87,"N","I","NDI","D","conductor",0.46,13,"one_slider","Yes","Female","20","english",6.40001666666667,"S 87"
"395",87,"N","A","NQA","Q","doctor",0.63,14,"one_slider","Yes","Female","20","english",6.40001666666667,"S 87"
"396",87,"N","A","NQA","Q","coach",0.54,15,"one_slider","Yes","Female","20","english",6.40001666666667,"S 87"
"397",87,"Y","A","YQA","Q","CEO",0.24,16,"one_slider","Yes","Female","20","english",6.40001666666667,"S 87"
"398",87,"N","I","NDI","D","queen",0.74,17,"one_slider","Yes","Female","20","english",6.40001666666667,"S 87"
"399",87,"f","l","filler","i","filler2",0.87,18,"one_slider","Yes","Female","20","english",6.40001666666667,"S 87"
"400",87,"N","A","NDA","D","nutritionist",0.71,19,"one_slider","Yes","Female","20","english",6.40001666666667,"S 87"
"401",87,"Y","A","YDA","D","stylist",0.69,20,"one_slider","Yes","Female","20","english",6.40001666666667,"S 87"
"402",87,"f","l","filler","i","filler6",0.05,21,"one_slider","Yes","Female","20","english",6.40001666666667,"S 87"
"403",87,"f","l","filler","i","filler1",0.7,22,"one_slider","Yes","Female","20","english",6.40001666666667,"S 87"
"404",87,"Y","I","YDI","D","dentist",0.33,23,"one_slider","Yes","Female","20","english",6.40001666666667,"S 87"
"405",87,"N","I","NDI","D","supervisor",0.57,24,"one_slider","Yes","Female","20","english",6.40001666666667,"S 87"
"406",87,"Y","I","YDI","D","troopleader",0.6,25,"one_slider","Yes","Female","20","english",6.40001666666667,"S 87"
"407",87,"Y","I","YQI","Q","priest",0.57,26,"one_slider","Yes","Female","20","english",6.40001666666667,"S 87"
"408",87,"Y","A","YDA","D","pianist",0.6,27,"one_slider","Yes","Female","20","english",6.40001666666667,"S 87"
"409",87,"Y","A","YQA","Q","patient",0.53,28,"one_slider","Yes","Female","20","english",6.40001666666667,"S 87"
"410",87,"f","l","filler","i","filler4",0.13,29,"one_slider","Yes","Female","20","english",6.40001666666667,"S 87"
"411",87,"N","A","NDA","D","travelagent",0.65,30,"one_slider","Yes","Female","20","english",6.40001666666667,"S 87"
"412",87,"N","A","NDA","D","fan",0.71,31,"one_slider","Yes","Female","20","english",6.40001666666667,"S 87"
"413",87,"N","I","NQI","Q","playwright",0.63,32,"one_slider","Yes","Female","20","english",6.40001666666667,"S 87"
"414",87,"Y","A","YDA","D","professor",0.57,33,"one_slider","Yes","Female","20","english",6.40001666666667,"S 87"
"415",87,"f","l","filler","i","filler3",0.84,34,"one_slider","Yes","Female","20","english",6.40001666666667,"S 87"
"416",87,"f","l","filler","i","filler5",0.04,35,"one_slider","Yes","Female","20","english",6.40001666666667,"S 87"
"417",83,"","","","","",1,NA,"one_slider_practice","Yes","Female","21","English",14.6043166666667,"S 83"
"418",83,"","","","","",1,NA,"one_slider_practice","Yes","Female","21","English",14.6043166666667,"S 83"
"419",83,"N","I","NQI","Q","pilot",0.76,6,"one_slider","Yes","Female","21","English",14.6043166666667,"S 83"
"420",83,"N","A","NDA","D","professor",0.79,7,"one_slider","Yes","Female","21","English",14.6043166666667,"S 83"
"421",83,"N","I","NQI","Q","priest",0.63,8,"one_slider","Yes","Female","21","English",14.6043166666667,"S 83"
"422",83,"f","l","filler","i","filler6",0,9,"one_slider","Yes","Female","21","English",14.6043166666667,"S 83"
"423",83,"Y","A","YQA","Q","travelagent",0.72,10,"one_slider","Yes","Female","21","English",14.6043166666667,"S 83"
"424",83,"N","A","NQA","Q","patient",1,11,"one_slider","Yes","Female","21","English",14.6043166666667,"S 83"
"425",83,"Y","I","YDI","D","CEO",0.38,12,"one_slider","Yes","Female","21","English",14.6043166666667,"S 83"
"426",83,"Y","I","YQI","Q","troopleader",0.38,13,"one_slider","Yes","Female","21","English",14.6043166666667,"S 83"
"427",83,"N","I","NDI","D","playwright",1,14,"one_slider","Yes","Female","21","English",14.6043166666667,"S 83"
"428",83,"N","A","NDA","D","scientist",1,15,"one_slider","Yes","Female","21","English",14.6043166666667,"S 83"
"429",83,"Y","A","YQA","Q","nutritionist",0.81,16,"one_slider","Yes","Female","21","English",14.6043166666667,"S 83"
"430",83,"N","A","NDA","D","supervisor",1,17,"one_slider","Yes","Female","21","English",14.6043166666667,"S 83"
"431",83,"Y","I","YQI","Q","pianist",0.33,18,"one_slider","Yes","Female","21","English",14.6043166666667,"S 83"
"432",83,"Y","A","YDA","D","chef",0.89,19,"one_slider","Yes","Female","21","English",14.6043166666667,"S 83"
"433",83,"N","I","NDI","D","dentist",1,20,"one_slider","Yes","Female","21","English",14.6043166666667,"S 83"
"434",83,"Y","A","YDA","D","groom",0,21,"one_slider","Yes","Female","21","English",14.6043166666667,"S 83"
"435",83,"N","I","NQI","Q","coach",1,22,"one_slider","Yes","Female","21","English",14.6043166666667,"S 83"
"436",83,"f","l","filler","i","filler1",1,23,"one_slider","Yes","Female","21","English",14.6043166666667,"S 83"
"437",83,"Y","A","YDA","D","queen",0.23,24,"one_slider","Yes","Female","21","English",14.6043166666667,"S 83"
"438",83,"N","I","NDI","D","artist",1,25,"one_slider","Yes","Female","21","English",14.6043166666667,"S 83"
"439",83,"Y","I","YDI","D","fan",0.78,26,"one_slider","Yes","Female","21","English",14.6043166666667,"S 83"
"440",83,"f","l","filler","i","filler5",0,27,"one_slider","Yes","Female","21","English",14.6043166666667,"S 83"
"441",83,"f","l","filler","i","filler2",1,28,"one_slider","Yes","Female","21","English",14.6043166666667,"S 83"
"442",83,"f","l","filler","i","filler3",1,29,"one_slider","Yes","Female","21","English",14.6043166666667,"S 83"
"443",83,"Y","I","YQI","Q","choreographer",0.42,30,"one_slider","Yes","Female","21","English",14.6043166666667,"S 83"
"444",83,"N","A","NQA","Q","conductor",0.8,31,"one_slider","Yes","Female","21","English",14.6043166666667,"S 83"
"445",83,"Y","I","YDI","D","bartender",0.7,32,"one_slider","Yes","Female","21","English",14.6043166666667,"S 83"
"446",83,"Y","A","YQA","Q","stylist",0.73,33,"one_slider","Yes","Female","21","English",14.6043166666667,"S 83"
"447",83,"N","A","NQA","Q","doctor",1,34,"one_slider","Yes","Female","21","English",14.6043166666667,"S 83"
"448",83,"f","l","filler","i","filler4",0.35,35,"one_slider","Yes","Female","21","English",14.6043166666667,"S 83"
"449",94,"","","","","",0.78,NA,"one_slider_practice","Yes","Female","18","English",9.94401666666667,"S 94"
"450",94,"","","","","",0.81,NA,"one_slider_practice","Yes","Female","18","English",9.94401666666667,"S 94"
"451",94,"f","l","filler","i","filler2",0.74,6,"one_slider","Yes","Female","18","English",9.94401666666667,"S 94"
"452",94,"f","l","filler","i","filler6",0.09,7,"one_slider","Yes","Female","18","English",9.94401666666667,"S 94"
"453",94,"N","A","NQA","Q","artist",0.84,8,"one_slider","Yes","Female","18","English",9.94401666666667,"S 94"
"454",94,"Y","A","YQA","Q","pilot",0.1,9,"one_slider","Yes","Female","18","English",9.94401666666667,"S 94"
"455",94,"Y","A","YQA","Q","dentist",0.09,10,"one_slider","Yes","Female","18","English",9.94401666666667,"S 94"
"456",94,"Y","A","YDA","D","travelagent",0.05,11,"one_slider","Yes","Female","18","English",9.94401666666667,"S 94"
"457",94,"N","I","NQI","Q","fan",0.74,12,"one_slider","Yes","Female","18","English",9.94401666666667,"S 94"
"458",94,"f","l","filler","i","filler3",0.66,13,"one_slider","Yes","Female","18","English",9.94401666666667,"S 94"
"459",94,"N","A","NQA","Q","coach",0.72,14,"one_slider","Yes","Female","18","English",9.94401666666667,"S 94"
"460",94,"Y","A","YDA","D","choreographer",0.51,15,"one_slider","Yes","Female","18","English",9.94401666666667,"S 94"
"461",94,"f","l","filler","i","filler1",0.8,16,"one_slider","Yes","Female","18","English",9.94401666666667,"S 94"
"462",94,"N","A","NDA","D","playwright",0.74,17,"one_slider","Yes","Female","18","English",9.94401666666667,"S 94"
"463",94,"N","I","NQI","Q","bartender",0.41,18,"one_slider","Yes","Female","18","English",9.94401666666667,"S 94"
"464",94,"N","I","NDI","D","chef",0.4,19,"one_slider","Yes","Female","18","English",9.94401666666667,"S 94"
"465",94,"Y","I","YDI","D","troopleader",0.66,20,"one_slider","Yes","Female","18","English",9.94401666666667,"S 94"
"466",94,"Y","I","YDI","D","conductor",0.19,21,"one_slider","Yes","Female","18","English",9.94401666666667,"S 94"
"467",94,"Y","A","YDA","D","nutritionist",0.84,22,"one_slider","Yes","Female","18","English",9.94401666666667,"S 94"
"468",94,"Y","I","YQI","Q","priest",0.85,23,"one_slider","Yes","Female","18","English",9.94401666666667,"S 94"
"469",94,"Y","I","YDI","D","stylist",0.95,24,"one_slider","Yes","Female","18","English",9.94401666666667,"S 94"
"470",94,"Y","A","YQA","Q","queen",0.69,25,"one_slider","Yes","Female","18","English",9.94401666666667,"S 94"
"471",94,"f","l","filler","i","filler5",0.44,26,"one_slider","Yes","Female","18","English",9.94401666666667,"S 94"
"472",94,"N","A","NQA","Q","professor",0.65,27,"one_slider","Yes","Female","18","English",9.94401666666667,"S 94"
"473",94,"Y","I","YQI","Q","CEO",0.66,28,"one_slider","Yes","Female","18","English",9.94401666666667,"S 94"
"474",94,"f","l","filler","i","filler4",0.11,29,"one_slider","Yes","Female","18","English",9.94401666666667,"S 94"
"475",94,"N","I","NDI","D","supervisor",0.71,30,"one_slider","Yes","Female","18","English",9.94401666666667,"S 94"
"476",94,"N","A","NDA","D","scientist",0.99,31,"one_slider","Yes","Female","18","English",9.94401666666667,"S 94"
"477",94,"N","I","NDI","D","doctor",0.81,32,"one_slider","Yes","Female","18","English",9.94401666666667,"S 94"
"478",94,"N","I","NQI","Q","pianist",0.03,33,"one_slider","Yes","Female","18","English",9.94401666666667,"S 94"
"479",94,"N","A","NDA","D","groom",0.22,34,"one_slider","Yes","Female","18","English",9.94401666666667,"S 94"
"480",94,"Y","I","YQI","Q","patient",0.58,35,"one_slider","Yes","Female","18","English",9.94401666666667,"S 94"
"481",108,"","","","","",0.73,NA,"one_slider_practice","Yes","Male","20","English",8.14821666666667,"S 108"
"482",108,"","","","","",0.28,NA,"one_slider_practice","Yes","Male","20","English",8.14821666666667,"S 108"
"483",108,"Y","I","YDI","D","troopleader",0.22,6,"one_slider","Yes","Male","20","English",8.14821666666667,"S 108"
"484",108,"N","A","NDA","D","patient",0.41,7,"one_slider","Yes","Male","20","English",8.14821666666667,"S 108"
"485",108,"N","I","NDI","D","professor",0.8,8,"one_slider","Yes","Male","20","English",8.14821666666667,"S 108"
"486",108,"f","l","filler","i","filler3",0.72,9,"one_slider","Yes","Male","20","English",8.14821666666667,"S 108"
"487",108,"f","l","filler","i","filler5",0.09,10,"one_slider","Yes","Male","20","English",8.14821666666667,"S 108"
"488",108,"N","I","NDI","D","stylist",0.02,11,"one_slider","Yes","Male","20","English",8.14821666666667,"S 108"
"489",108,"N","I","NDI","D","priest",0.56,12,"one_slider","Yes","Male","20","English",8.14821666666667,"S 108"
"490",108,"Y","A","YQA","Q","chef",0.49,13,"one_slider","Yes","Male","20","English",8.14821666666667,"S 108"
"491",108,"N","I","NQI","Q","travelagent",0.81,14,"one_slider","Yes","Male","20","English",8.14821666666667,"S 108"
"492",108,"f","l","filler","i","filler4",0.05,15,"one_slider","Yes","Male","20","English",8.14821666666667,"S 108"
"493",108,"f","l","filler","i","filler1",0.75,16,"one_slider","Yes","Male","20","English",8.14821666666667,"S 108"
"494",108,"Y","A","YQA","Q","conductor",0.68,17,"one_slider","Yes","Male","20","English",8.14821666666667,"S 108"
"495",108,"Y","I","YQI","Q","supervisor",0.66,18,"one_slider","Yes","Male","20","English",8.14821666666667,"S 108"
"496",108,"Y","A","YDA","D","pianist",0.1,19,"one_slider","Yes","Male","20","English",8.14821666666667,"S 108"
"497",108,"N","A","NQA","Q","nutritionist",0.68,20,"one_slider","Yes","Male","20","English",8.14821666666667,"S 108"
"498",108,"Y","A","YQA","Q","artist",0.53,21,"one_slider","Yes","Male","20","English",8.14821666666667,"S 108"
"499",108,"f","l","filler","i","filler6",0.06,22,"one_slider","Yes","Male","20","English",8.14821666666667,"S 108"
"500",108,"N","I","NQI","Q","coach",0.32,23,"one_slider","Yes","Male","20","English",8.14821666666667,"S 108"
"501",108,"N","A","NDA","D","pilot",0.35,24,"one_slider","Yes","Male","20","English",8.14821666666667,"S 108"
"502",108,"Y","I","YQI","Q","fan",0.48,25,"one_slider","Yes","Male","20","English",8.14821666666667,"S 108"
"503",108,"Y","I","YDI","D","doctor",0.45,26,"one_slider","Yes","Male","20","English",8.14821666666667,"S 108"
"504",108,"N","A","NQA","Q","dentist",0.69,27,"one_slider","Yes","Male","20","English",8.14821666666667,"S 108"
"505",108,"Y","A","YDA","D","bartender",0.5,28,"one_slider","Yes","Male","20","English",8.14821666666667,"S 108"
"506",108,"Y","A","YDA","D","queen",0.79,29,"one_slider","Yes","Male","20","English",8.14821666666667,"S 108"
"507",108,"f","l","filler","i","filler2",0.36,30,"one_slider","Yes","Male","20","English",8.14821666666667,"S 108"
"508",108,"Y","I","YQI","Q","playwright",0.53,31,"one_slider","Yes","Male","20","English",8.14821666666667,"S 108"
"509",108,"N","A","NQA","Q","choreographer",0.4,32,"one_slider","Yes","Male","20","English",8.14821666666667,"S 108"
"510",108,"N","I","NQI","Q","scientist",0.85,33,"one_slider","Yes","Male","20","English",8.14821666666667,"S 108"
"511",108,"Y","I","YDI","D","CEO",0.61,34,"one_slider","Yes","Male","20","English",8.14821666666667,"S 108"
"512",108,"N","A","NDA","D","groom",0.35,35,"one_slider","Yes","Male","20","English",8.14821666666667,"S 108"
"513",90,"","","","","",1,NA,"one_slider_practice","Yes","Male","18","English",22.1989666666667,"S 90"
"514",90,"","","","","",0.66,NA,"one_slider_practice","Yes","Male","18","English",22.1989666666667,"S 90"
"515",90,"f","l","filler","i","filler2",0.6,6,"one_slider","Yes","Male","18","English",22.1989666666667,"S 90"
"516",90,"N","A","NDA","D","coach",0.57,7,"one_slider","Yes","Male","18","English",22.1989666666667,"S 90"
"517",90,"N","I","NDI","D","pilot",0.38,8,"one_slider","Yes","Male","18","English",22.1989666666667,"S 90"
"518",90,"Y","I","YDI","D","chef",0.65,9,"one_slider","Yes","Male","18","English",22.1989666666667,"S 90"
"519",90,"Y","A","YQA","Q","travelagent",0.64,10,"one_slider","Yes","Male","18","English",22.1989666666667,"S 90"
"520",90,"N","A","NQA","Q","pianist",0.61,11,"one_slider","Yes","Male","18","English",22.1989666666667,"S 90"
"521",90,"f","l","filler","i","filler5",0,12,"one_slider","Yes","Male","18","English",22.1989666666667,"S 90"
"522",90,"Y","A","YDA","D","patient",0.64,13,"one_slider","Yes","Male","18","English",22.1989666666667,"S 90"
"523",90,"Y","I","YQI","Q","stylist",0.63,14,"one_slider","Yes","Male","18","English",22.1989666666667,"S 90"
"524",90,"N","A","NDA","D","scientist",0.59,15,"one_slider","Yes","Male","18","English",22.1989666666667,"S 90"
"525",90,"f","l","filler","i","filler6",0.18,16,"one_slider","Yes","Male","18","English",22.1989666666667,"S 90"
"526",90,"N","A","NQA","Q","artist",0.7,17,"one_slider","Yes","Male","18","English",22.1989666666667,"S 90"
"527",90,"N","I","NQI","Q","playwright",0.51,18,"one_slider","Yes","Male","18","English",22.1989666666667,"S 90"
"528",90,"Y","I","YDI","D","doctor",0.58,19,"one_slider","Yes","Male","18","English",22.1989666666667,"S 90"
"529",90,"Y","A","YQA","Q","nutritionist",0.21,20,"one_slider","Yes","Male","18","English",22.1989666666667,"S 90"
"530",90,"N","I","NQI","Q","professor",0.58,21,"one_slider","Yes","Male","18","English",22.1989666666667,"S 90"
"531",90,"N","I","NDI","D","CEO",0.67,22,"one_slider","Yes","Male","18","English",22.1989666666667,"S 90"
"532",90,"N","I","NQI","Q","bartender",0.6,23,"one_slider","Yes","Male","18","English",22.1989666666667,"S 90"
"533",90,"Y","I","YDI","D","troopleader",0.65,24,"one_slider","Yes","Male","18","English",22.1989666666667,"S 90"
"534",90,"Y","A","YDA","D","dentist",0.39,25,"one_slider","Yes","Male","18","English",22.1989666666667,"S 90"
"535",90,"Y","I","YQI","Q","fan",0.64,26,"one_slider","Yes","Male","18","English",22.1989666666667,"S 90"
"536",90,"N","A","NQA","Q","conductor",0.5,27,"one_slider","Yes","Male","18","English",22.1989666666667,"S 90"
"537",90,"f","l","filler","i","filler4",0.62,28,"one_slider","Yes","Male","18","English",22.1989666666667,"S 90"
"538",90,"f","l","filler","i","filler1",0.6,29,"one_slider","Yes","Male","18","English",22.1989666666667,"S 90"
"539",90,"Y","I","YQI","Q","supervisor",0.6,30,"one_slider","Yes","Male","18","English",22.1989666666667,"S 90"
"540",90,"N","I","NDI","D","choreographer",0.45,31,"one_slider","Yes","Male","18","English",22.1989666666667,"S 90"
"541",90,"N","A","NDA","D","priest",0.74,32,"one_slider","Yes","Male","18","English",22.1989666666667,"S 90"
"542",90,"Y","A","YDA","D","groom",0.48,33,"one_slider","Yes","Male","18","English",22.1989666666667,"S 90"
"543",90,"f","l","filler","i","filler3",0.37,34,"one_slider","Yes","Male","18","English",22.1989666666667,"S 90"
"544",90,"Y","A","YQA","Q","queen",0.73,35,"one_slider","Yes","Male","18","English",22.1989666666667,"S 90"
"545",93,"","","","","",0.96,NA,"one_slider_practice","Yes","Female","21","english",13.4921,"S 93"
"546",93,"","","","","",0.42,NA,"one_slider_practice","Yes","Female","21","english",13.4921,"S 93"
"547",93,"Y","A","YDA","D","stylist",0.88,6,"one_slider","Yes","Female","21","english",13.4921,"S 93"
"548",93,"Y","I","YQI","Q","bartender",0.17,7,"one_slider","Yes","Female","21","english",13.4921,"S 93"
"549",93,"Y","I","YDI","D","groom",0.09,8,"one_slider","Yes","Female","21","english",13.4921,"S 93"
"550",93,"f","l","filler","i","filler5",0.18,9,"one_slider","Yes","Female","21","english",13.4921,"S 93"
"551",93,"N","A","NDA","D","pilot",0.65,10,"one_slider","Yes","Female","21","english",13.4921,"S 93"
"552",93,"f","l","filler","i","filler4",0.23,11,"one_slider","Yes","Female","21","english",13.4921,"S 93"
"553",93,"f","l","filler","i","filler6",0.23,12,"one_slider","Yes","Female","21","english",13.4921,"S 93"
"554",93,"N","I","NQI","Q","troopleader",0.96,13,"one_slider","Yes","Female","21","english",13.4921,"S 93"
"555",93,"Y","I","YDI","D","professor",0.51,14,"one_slider","Yes","Female","21","english",13.4921,"S 93"
"556",93,"Y","I","YDI","D","travelagent",0.78,15,"one_slider","Yes","Female","21","english",13.4921,"S 93"
"557",93,"Y","I","YQI","Q","artist",0.74,16,"one_slider","Yes","Female","21","english",13.4921,"S 93"
"558",93,"N","I","NDI","D","dentist",0.91,17,"one_slider","Yes","Female","21","english",13.4921,"S 93"
"559",93,"Y","A","YDA","D","fan",0.37,18,"one_slider","Yes","Female","21","english",13.4921,"S 93"
"560",93,"f","l","filler","i","filler1",0.97,19,"one_slider","Yes","Female","21","english",13.4921,"S 93"
"561",93,"N","A","NDA","D","priest",0.99,20,"one_slider","Yes","Female","21","english",13.4921,"S 93"
"562",93,"Y","A","YQA","Q","playwright",0.37,21,"one_slider","Yes","Female","21","english",13.4921,"S 93"
"563",93,"Y","A","YDA","D","CEO",0.89,22,"one_slider","Yes","Female","21","english",13.4921,"S 93"
"564",93,"N","I","NQI","Q","chef",0.86,23,"one_slider","Yes","Female","21","english",13.4921,"S 93"
"565",93,"N","I","NDI","D","patient",0.97,24,"one_slider","Yes","Female","21","english",13.4921,"S 93"
"566",93,"N","A","NQA","Q","supervisor",0.61,25,"one_slider","Yes","Female","21","english",13.4921,"S 93"
"567",93,"N","A","NQA","Q","coach",0.91,26,"one_slider","Yes","Female","21","english",13.4921,"S 93"
"568",93,"N","A","NDA","D","pianist",0.67,27,"one_slider","Yes","Female","21","english",13.4921,"S 93"
"569",93,"Y","I","YQI","Q","nutritionist",0.04,28,"one_slider","Yes","Female","21","english",13.4921,"S 93"
"570",93,"f","l","filler","i","filler3",0.21,29,"one_slider","Yes","Female","21","english",13.4921,"S 93"
"571",93,"N","A","NQA","Q","scientist",0.56,30,"one_slider","Yes","Female","21","english",13.4921,"S 93"
"572",93,"Y","A","YQA","Q","queen",0.95,31,"one_slider","Yes","Female","21","english",13.4921,"S 93"
"573",93,"N","I","NQI","Q","doctor",0.59,32,"one_slider","Yes","Female","21","english",13.4921,"S 93"
"574",93,"N","I","NDI","D","choreographer",0.36,33,"one_slider","Yes","Female","21","english",13.4921,"S 93"
"575",93,"Y","A","YQA","Q","conductor",0.51,34,"one_slider","Yes","Female","21","english",13.4921,"S 93"
"576",93,"f","l","filler","i","filler2",0.57,35,"one_slider","Yes","Female","21","english",13.4921,"S 93"
"577",109,"","","","","",0.32,NA,"one_slider_practice","Yes","Male","21","English",6.0568,"S 109"
"578",109,"","","","","",1,NA,"one_slider_practice","Yes","Male","21","English",6.0568,"S 109"
"579",109,"N","A","NQA","Q","playwright",0.42,6,"one_slider","Yes","Male","21","English",6.0568,"S 109"
"580",109,"Y","A","YQA","Q","scientist",0.38,7,"one_slider","Yes","Male","21","English",6.0568,"S 109"
"581",109,"Y","A","YQA","Q","supervisor",0.36,8,"one_slider","Yes","Male","21","English",6.0568,"S 109"
"582",109,"N","A","NQA","Q","stylist",0.16,9,"one_slider","Yes","Male","21","English",6.0568,"S 109"
"583",109,"N","I","NDI","D","professor",0.36,10,"one_slider","Yes","Male","21","English",6.0568,"S 109"
"584",109,"f","l","filler","i","filler6",0.03,11,"one_slider","Yes","Male","21","English",6.0568,"S 109"
"585",109,"Y","I","YDI","D","doctor",0.25,12,"one_slider","Yes","Male","21","English",6.0568,"S 109"
"586",109,"f","l","filler","i","filler4",0.04,13,"one_slider","Yes","Male","21","English",6.0568,"S 109"
"587",109,"f","l","filler","i","filler2",1,14,"one_slider","Yes","Male","21","English",6.0568,"S 109"
"588",109,"Y","I","YDI","D","priest",0.35,15,"one_slider","Yes","Male","21","English",6.0568,"S 109"
"589",109,"N","I","NQI","Q","CEO",0.26,16,"one_slider","Yes","Male","21","English",6.0568,"S 109"
"590",109,"Y","I","YQI","Q","pilot",0.07,17,"one_slider","Yes","Male","21","English",6.0568,"S 109"
"591",109,"Y","I","YDI","D","choreographer",0.19,18,"one_slider","Yes","Male","21","English",6.0568,"S 109"
"592",109,"f","l","filler","i","filler1",0.36,19,"one_slider","Yes","Male","21","English",6.0568,"S 109"
"593",109,"N","I","NDI","D","pianist",0.35,20,"one_slider","Yes","Male","21","English",6.0568,"S 109"
"594",109,"Y","A","YQA","Q","conductor",0.25,21,"one_slider","Yes","Male","21","English",6.0568,"S 109"
"595",109,"N","I","NQI","Q","bartender",0.51,22,"one_slider","Yes","Male","21","English",6.0568,"S 109"
"596",109,"f","l","filler","i","filler5",0.11,23,"one_slider","Yes","Male","21","English",6.0568,"S 109"
"597",109,"Y","A","YDA","D","troopleader",0.23,24,"one_slider","Yes","Male","21","English",6.0568,"S 109"
"598",109,"N","A","NDA","D","nutritionist",0.83,25,"one_slider","Yes","Male","21","English",6.0568,"S 109"
"599",109,"N","I","NQI","Q","groom",0.62,26,"one_slider","Yes","Male","21","English",6.0568,"S 109"
"600",109,"Y","I","YQI","Q","chef",0.49,27,"one_slider","Yes","Male","21","English",6.0568,"S 109"
"601",109,"N","A","NQA","Q","travelagent",0.58,28,"one_slider","Yes","Male","21","English",6.0568,"S 109"
"602",109,"Y","A","YDA","D","artist",0.32,29,"one_slider","Yes","Male","21","English",6.0568,"S 109"
"603",109,"N","A","NDA","D","queen",1,30,"one_slider","Yes","Male","21","English",6.0568,"S 109"
"604",109,"N","A","NDA","D","fan",0.31,31,"one_slider","Yes","Male","21","English",6.0568,"S 109"
"605",109,"Y","I","YQI","Q","patient",0.42,32,"one_slider","Yes","Male","21","English",6.0568,"S 109"
"606",109,"Y","A","YDA","D","coach",0.19,33,"one_slider","Yes","Male","21","English",6.0568,"S 109"
"607",109,"f","l","filler","i","filler3",0.98,34,"one_slider","Yes","Male","21","English",6.0568,"S 109"
"608",109,"N","I","NDI","D","dentist",0.4,35,"one_slider","Yes","Male","21","English",6.0568,"S 109"
"609",89,"","","","","",0.69,NA,"one_slider_practice","Confused","Male","20","English",10.2528,"S 89"
"610",89,"","","","","",0.79,NA,"one_slider_practice","Confused","Male","20","English",10.2528,"S 89"
"611",89,"Y","I","YQI","Q","playwright",0.37,6,"one_slider","Confused","Male","20","English",10.2528,"S 89"
"612",89,"N","I","NDI","D","dentist",0.72,7,"one_slider","Confused","Male","20","English",10.2528,"S 89"
"613",89,"f","l","filler","i","filler1",0.76,8,"one_slider","Confused","Male","20","English",10.2528,"S 89"
"614",89,"f","l","filler","i","filler3",0.56,9,"one_slider","Confused","Male","20","English",10.2528,"S 89"
"615",89,"Y","A","YQA","Q","choreographer",0.69,10,"one_slider","Confused","Male","20","English",10.2528,"S 89"
"616",89,"Y","I","YQI","Q","travelagent",0.7,11,"one_slider","Confused","Male","20","English",10.2528,"S 89"
"617",89,"N","I","NQI","Q","pianist",0.37,12,"one_slider","Confused","Male","20","English",10.2528,"S 89"
"618",89,"Y","A","YQA","Q","nutritionist",0.78,13,"one_slider","Confused","Male","20","English",10.2528,"S 89"
"619",89,"N","I","NQI","Q","stylist",0.57,14,"one_slider","Confused","Male","20","English",10.2528,"S 89"
"620",89,"f","l","filler","i","filler5",0.21,15,"one_slider","Confused","Male","20","English",10.2528,"S 89"
"621",89,"N","A","NDA","D","doctor",0.83,16,"one_slider","Confused","Male","20","English",10.2528,"S 89"
"622",89,"N","A","NDA","D","conductor",0.86,17,"one_slider","Confused","Male","20","English",10.2528,"S 89"
"623",89,"Y","I","YDI","D","bartender",0.81,18,"one_slider","Confused","Male","20","English",10.2528,"S 89"
"624",89,"N","A","NQA","Q","patient",0.74,19,"one_slider","Confused","Male","20","English",10.2528,"S 89"
"625",89,"Y","A","YDA","D","CEO",0.83,20,"one_slider","Confused","Male","20","English",10.2528,"S 89"
"626",89,"f","l","filler","i","filler4",0.85,21,"one_slider","Confused","Male","20","English",10.2528,"S 89"
"627",89,"Y","I","YQI","Q","coach",0.86,22,"one_slider","Confused","Male","20","English",10.2528,"S 89"
"628",89,"Y","I","YDI","D","groom",0.83,23,"one_slider","Confused","Male","20","English",10.2528,"S 89"
"629",89,"f","l","filler","i","filler2",0.77,24,"one_slider","Confused","Male","20","English",10.2528,"S 89"
"630",89,"Y","A","YQA","Q","troopleader",0.75,25,"one_slider","Confused","Male","20","English",10.2528,"S 89"
"631",89,"f","l","filler","i","filler6",0.76,26,"one_slider","Confused","Male","20","English",10.2528,"S 89"
"632",89,"Y","A","YDA","D","chef",0.44,27,"one_slider","Confused","Male","20","English",10.2528,"S 89"
"633",89,"N","I","NDI","D","queen",0.81,28,"one_slider","Confused","Male","20","English",10.2528,"S 89"
"634",89,"N","A","NQA","Q","pilot",0.65,29,"one_slider","Confused","Male","20","English",10.2528,"S 89"
"635",89,"N","I","NQI","Q","artist",0.86,30,"one_slider","Confused","Male","20","English",10.2528,"S 89"
"636",89,"Y","I","YDI","D","supervisor",0.62,31,"one_slider","Confused","Male","20","English",10.2528,"S 89"
"637",89,"N","A","NDA","D","priest",0.84,32,"one_slider","Confused","Male","20","English",10.2528,"S 89"
"638",89,"Y","A","YDA","D","fan",0.75,33,"one_slider","Confused","Male","20","English",10.2528,"S 89"
"639",89,"N","A","NQA","Q","scientist",0.77,34,"one_slider","Confused","Male","20","English",10.2528,"S 89"
"640",89,"N","I","NDI","D","professor",0.62,35,"one_slider","Confused","Male","20","English",10.2528,"S 89"
"641",98,"","","","","",0.72,NA,"one_slider_practice","No","Female","18","English",9.86311666666667,"S 98"
"642",98,"","","","","",1,NA,"one_slider_practice","No","Female","18","English",9.86311666666667,"S 98"
"643",98,"Y","A","YDA","D","dentist",0.22,6,"one_slider","No","Female","18","English",9.86311666666667,"S 98"
"644",98,"N","I","NQI","Q","troopleader",0.26,7,"one_slider","No","Female","18","English",9.86311666666667,"S 98"
"645",98,"N","I","NQI","Q","bartender",0.08,8,"one_slider","No","Female","18","English",9.86311666666667,"S 98"
"646",98,"f","l","filler","i","filler6",0,9,"one_slider","No","Female","18","English",9.86311666666667,"S 98"
"647",98,"Y","I","YDI","D","priest",0.38,10,"one_slider","No","Female","18","English",9.86311666666667,"S 98"
"648",98,"N","A","NDA","D","playwright",1,11,"one_slider","No","Female","18","English",9.86311666666667,"S 98"
"649",98,"Y","I","YQI","Q","chef",0.4,12,"one_slider","No","Female","18","English",9.86311666666667,"S 98"
"650",98,"N","I","NDI","D","queen",0.7,13,"one_slider","No","Female","18","English",9.86311666666667,"S 98"
"651",98,"Y","A","YDA","D","pilot",0.06,14,"one_slider","No","Female","18","English",9.86311666666667,"S 98"
"652",98,"f","l","filler","i","filler4",0,15,"one_slider","No","Female","18","English",9.86311666666667,"S 98"
"653",98,"Y","I","YQI","Q","supervisor",0.68,16,"one_slider","No","Female","18","English",9.86311666666667,"S 98"
"654",98,"N","I","NQI","Q","doctor",0.73,17,"one_slider","No","Female","18","English",9.86311666666667,"S 98"
"655",98,"N","A","NQA","Q","professor",0.74,18,"one_slider","No","Female","18","English",9.86311666666667,"S 98"
"656",98,"f","l","filler","i","filler2",0.87,19,"one_slider","No","Female","18","English",9.86311666666667,"S 98"
"657",98,"N","I","NDI","D","conductor",0.92,20,"one_slider","No","Female","18","English",9.86311666666667,"S 98"
"658",98,"Y","I","YQI","Q","patient",0.1,21,"one_slider","No","Female","18","English",9.86311666666667,"S 98"
"659",98,"Y","A","YDA","D","pianist",0.3,22,"one_slider","No","Female","18","English",9.86311666666667,"S 98"
"660",98,"Y","I","YDI","D","groom",0.1,23,"one_slider","No","Female","18","English",9.86311666666667,"S 98"
"661",98,"N","A","NDA","D","CEO",0.94,24,"one_slider","No","Female","18","English",9.86311666666667,"S 98"
"662",98,"N","I","NDI","D","coach",0.86,25,"one_slider","No","Female","18","English",9.86311666666667,"S 98"
"663",98,"Y","A","YQA","Q","choreographer",0.24,26,"one_slider","No","Female","18","English",9.86311666666667,"S 98"
"664",98,"N","A","NDA","D","artist",1,27,"one_slider","No","Female","18","English",9.86311666666667,"S 98"
"665",98,"N","A","NQA","Q","nutritionist",0.66,28,"one_slider","No","Female","18","English",9.86311666666667,"S 98"
"666",98,"N","A","NQA","Q","travelagent",0.37,29,"one_slider","No","Female","18","English",9.86311666666667,"S 98"
"667",98,"Y","I","YDI","D","scientist",0,30,"one_slider","No","Female","18","English",9.86311666666667,"S 98"
"668",98,"f","l","filler","i","filler5",0,31,"one_slider","No","Female","18","English",9.86311666666667,"S 98"
"669",98,"f","l","filler","i","filler3",1,32,"one_slider","No","Female","18","English",9.86311666666667,"S 98"
"670",98,"Y","A","YQA","Q","fan",0,33,"one_slider","No","Female","18","English",9.86311666666667,"S 98"
"671",98,"Y","A","YQA","Q","stylist",0.22,34,"one_slider","No","Female","18","English",9.86311666666667,"S 98"
"672",98,"f","l","filler","i","filler1",1,35,"one_slider","No","Female","18","English",9.86311666666667,"S 98"
"673",84,"","","","","",0.13,NA,"one_slider_practice","Yes","Female","21","English",5.54286666666667,"S 84"
"674",84,"","","","","",0.77,NA,"one_slider_practice","Yes","Female","21","English",5.54286666666667,"S 84"
"675",84,"Y","A","YQA","Q","choreographer",0.17,6,"one_slider","Yes","Female","21","English",5.54286666666667,"S 84"
"676",84,"Y","I","YDI","D","supervisor",0.86,7,"one_slider","Yes","Female","21","English",5.54286666666667,"S 84"
"677",84,"f","l","filler","i","filler3",0.35,8,"one_slider","Yes","Female","21","English",5.54286666666667,"S 84"
"678",84,"f","l","filler","i","filler1",0.1,9,"one_slider","Yes","Female","21","English",5.54286666666667,"S 84"
"679",84,"f","l","filler","i","filler6",0,10,"one_slider","Yes","Female","21","English",5.54286666666667,"S 84"
"680",84,"Y","I","YQI","Q","pilot",0.61,11,"one_slider","Yes","Female","21","English",5.54286666666667,"S 84"
"681",84,"Y","I","YQI","Q","fan",0.73,12,"one_slider","Yes","Female","21","English",5.54286666666667,"S 84"
"682",84,"Y","A","YDA","D","artist",0.23,13,"one_slider","Yes","Female","21","English",5.54286666666667,"S 84"
"683",84,"N","A","NQA","Q","nutritionist",0.84,14,"one_slider","Yes","Female","21","English",5.54286666666667,"S 84"
"684",84,"N","I","NQI","Q","queen",0.76,15,"one_slider","Yes","Female","21","English",5.54286666666667,"S 84"
"685",84,"N","I","NQI","Q","conductor",0.19,16,"one_slider","Yes","Female","21","English",5.54286666666667,"S 84"
"686",84,"Y","A","YDA","D","groom",0.34,17,"one_slider","Yes","Female","21","English",5.54286666666667,"S 84"
"687",84,"N","A","NQA","Q","CEO",0.69,18,"one_slider","Yes","Female","21","English",5.54286666666667,"S 84"
"688",84,"f","l","filler","i","filler5",0,19,"one_slider","Yes","Female","21","English",5.54286666666667,"S 84"
"689",84,"Y","A","YQA","Q","pianist",0.75,20,"one_slider","Yes","Female","21","English",5.54286666666667,"S 84"
"690",84,"N","I","NDI","D","doctor",0.79,21,"one_slider","Yes","Female","21","English",5.54286666666667,"S 84"
"691",84,"N","A","NDA","D","dentist",0.82,22,"one_slider","Yes","Female","21","English",5.54286666666667,"S 84"
"692",84,"N","I","NQI","Q","stylist",0.71,23,"one_slider","Yes","Female","21","English",5.54286666666667,"S 84"
"693",84,"N","I","NDI","D","professor",0.84,24,"one_slider","Yes","Female","21","English",5.54286666666667,"S 84"
"694",84,"Y","I","YDI","D","troopleader",0.75,25,"one_slider","Yes","Female","21","English",5.54286666666667,"S 84"
"695",84,"N","A","NDA","D","priest",0.87,26,"one_slider","Yes","Female","21","English",5.54286666666667,"S 84"
"696",84,"f","l","filler","i","filler4",0,27,"one_slider","Yes","Female","21","English",5.54286666666667,"S 84"
"697",84,"Y","I","YDI","D","chef",0.81,28,"one_slider","Yes","Female","21","English",5.54286666666667,"S 84"
"698",84,"N","I","NDI","D","scientist",0.92,29,"one_slider","Yes","Female","21","English",5.54286666666667,"S 84"
"699",84,"Y","I","YQI","Q","playwright",0.82,30,"one_slider","Yes","Female","21","English",5.54286666666667,"S 84"
"700",84,"Y","A","YQA","Q","bartender",0.23,31,"one_slider","Yes","Female","21","English",5.54286666666667,"S 84"
"701",84,"Y","A","YDA","D","coach",0.62,32,"one_slider","Yes","Female","21","English",5.54286666666667,"S 84"
"702",84,"f","l","filler","i","filler2",0.76,33,"one_slider","Yes","Female","21","English",5.54286666666667,"S 84"
"703",84,"N","A","NDA","D","travelagent",0.78,34,"one_slider","Yes","Female","21","English",5.54286666666667,"S 84"
"704",84,"N","A","NQA","Q","patient",0.89,35,"one_slider","Yes","Female","21","English",5.54286666666667,"S 84"
"705",113,"","","","","",0.51,NA,"one_slider_practice","No","Other","katherine","katherine",2.36421666666667,"S 113"
"706",113,"","","","","",0.51,NA,"one_slider_practice","No","Other","katherine","katherine",2.36421666666667,"S 113"
"707",113,"Y","A","YQA","Q","doctor",0.52,6,"one_slider","No","Other","katherine","katherine",2.36421666666667,"S 113"
"708",113,"N","A","NQA","Q","supervisor",0.46,7,"one_slider","No","Other","katherine","katherine",2.36421666666667,"S 113"
"709",113,"Y","I","YQI","Q","pilot",0.47,8,"one_slider","No","Other","katherine","katherine",2.36421666666667,"S 113"
"710",113,"N","I","NDI","D","coach",0.55,9,"one_slider","No","Other","katherine","katherine",2.36421666666667,"S 113"
"711",113,"N","I","NQI","Q","patient",0.5,10,"one_slider","No","Other","katherine","katherine",2.36421666666667,"S 113"
"712",113,"N","I","NQI","Q","queen",0.48,11,"one_slider","No","Other","katherine","katherine",2.36421666666667,"S 113"
"713",113,"Y","A","YDA","D","CEO",0.57,12,"one_slider","No","Other","katherine","katherine",2.36421666666667,"S 113"
"714",113,"N","I","NDI","D","pianist",0.53,13,"one_slider","No","Other","katherine","katherine",2.36421666666667,"S 113"
"715",113,"N","A","NDA","D","conductor",0.45,14,"one_slider","No","Other","katherine","katherine",2.36421666666667,"S 113"
"716",113,"Y","A","YDA","D","scientist",0.67,15,"one_slider","No","Other","katherine","katherine",2.36421666666667,"S 113"
"717",113,"N","I","NQI","Q","troopleader",0.19,16,"one_slider","No","Other","katherine","katherine",2.36421666666667,"S 113"
"718",113,"Y","A","YQA","Q","stylist",0.53,17,"one_slider","No","Other","katherine","katherine",2.36421666666667,"S 113"
"719",113,"Y","I","YDI","D","playwright",0.5,18,"one_slider","No","Other","katherine","katherine",2.36421666666667,"S 113"
"720",113,"Y","I","YDI","D","choreographer",0.41,19,"one_slider","No","Other","katherine","katherine",2.36421666666667,"S 113"
"721",113,"N","A","NDA","D","nutritionist",0.47,20,"one_slider","No","Other","katherine","katherine",2.36421666666667,"S 113"
"722",113,"f","l","filler","i","filler5",0.56,21,"one_slider","No","Other","katherine","katherine",2.36421666666667,"S 113"
"723",113,"f","l","filler","i","filler3",0.71,22,"one_slider","No","Other","katherine","katherine",2.36421666666667,"S 113"
"724",113,"N","A","NQA","Q","travelagent",0.27,23,"one_slider","No","Other","katherine","katherine",2.36421666666667,"S 113"
"725",113,"N","A","NQA","Q","professor",0.69,24,"one_slider","No","Other","katherine","katherine",2.36421666666667,"S 113"
"726",113,"N","I","NDI","D","bartender",0.53,25,"one_slider","No","Other","katherine","katherine",2.36421666666667,"S 113"
"727",113,"f","l","filler","i","filler6",0.45,26,"one_slider","No","Other","katherine","katherine",2.36421666666667,"S 113"
"728",113,"Y","A","YDA","D","artist",0.52,27,"one_slider","No","Other","katherine","katherine",2.36421666666667,"S 113"
"729",113,"f","l","filler","i","filler1",0.72,28,"one_slider","No","Other","katherine","katherine",2.36421666666667,"S 113"
"730",113,"f","l","filler","i","filler2",0.43,29,"one_slider","No","Other","katherine","katherine",2.36421666666667,"S 113"
"731",113,"Y","A","YQA","Q","dentist",0.52,30,"one_slider","No","Other","katherine","katherine",2.36421666666667,"S 113"
"732",113,"f","l","filler","i","filler4",0.5,31,"one_slider","No","Other","katherine","katherine",2.36421666666667,"S 113"
"733",113,"Y","I","YQI","Q","fan",0.58,32,"one_slider","No","Other","katherine","katherine",2.36421666666667,"S 113"
"734",113,"Y","I","YQI","Q","groom",0.56,33,"one_slider","No","Other","katherine","katherine",2.36421666666667,"S 113"
"735",113,"Y","I","YDI","D","priest",0.6,34,"one_slider","No","Other","katherine","katherine",2.36421666666667,"S 113"
"736",113,"N","A","NDA","D","chef",0.57,35,"one_slider","No","Other","katherine","katherine",2.36421666666667,"S 113"
"737",131,"","","","","",1,NA,"one_slider_practice","Yes","Female","19","English",10.0366,"S 131"
"738",131,"","","","","",1,NA,"one_slider_practice","Yes","Female","19","English",10.0366,"S 131"
"739",131,"Y","I","YDI","D","groom",0.93,6,"one_slider","Yes","Female","19","English",10.0366,"S 131"
"740",131,"Y","I","YQI","Q","patient",1,7,"one_slider","Yes","Female","19","English",10.0366,"S 131"
"741",131,"N","A","NQA","Q","CEO",1,8,"one_slider","Yes","Female","19","English",10.0366,"S 131"
"742",131,"N","A","NDA","D","troopleader",1,9,"one_slider","Yes","Female","19","English",10.0366,"S 131"
"743",131,"Y","A","YQA","Q","pianist",1,10,"one_slider","Yes","Female","19","English",10.0366,"S 131"
"744",131,"Y","A","YQA","Q","supervisor",1,11,"one_slider","Yes","Female","19","English",10.0366,"S 131"
"745",131,"N","I","NDI","D","pilot",1,12,"one_slider","Yes","Female","19","English",10.0366,"S 131"
"746",131,"Y","I","YQI","Q","artist",1,13,"one_slider","Yes","Female","19","English",10.0366,"S 131"
"747",131,"f","l","filler","i","filler1",1,14,"one_slider","Yes","Female","19","English",10.0366,"S 131"
"748",131,"f","l","filler","i","filler6",0.28,15,"one_slider","Yes","Female","19","English",10.0366,"S 131"
"749",131,"N","I","NDI","D","fan",1,16,"one_slider","Yes","Female","19","English",10.0366,"S 131"
"750",131,"Y","I","YDI","D","scientist",1,17,"one_slider","Yes","Female","19","English",10.0366,"S 131"
"751",131,"N","A","NQA","Q","dentist",1,18,"one_slider","Yes","Female","19","English",10.0366,"S 131"
"752",131,"Y","I","YQI","Q","conductor",0.71,19,"one_slider","Yes","Female","19","English",10.0366,"S 131"
"753",131,"Y","A","YDA","D","travelagent",0.43,20,"one_slider","Yes","Female","19","English",10.0366,"S 131"
"754",131,"Y","A","YQA","Q","queen",0.75,21,"one_slider","Yes","Female","19","English",10.0366,"S 131"
"755",131,"Y","A","YDA","D","nutritionist",1,22,"one_slider","Yes","Female","19","English",10.0366,"S 131"
"756",131,"f","l","filler","i","filler3",0.5,23,"one_slider","Yes","Female","19","English",10.0366,"S 131"
"757",131,"N","I","NQI","Q","priest",1,24,"one_slider","Yes","Female","19","English",10.0366,"S 131"
"758",131,"N","I","NDI","D","stylist",0.88,25,"one_slider","Yes","Female","19","English",10.0366,"S 131"
"759",131,"N","I","NQI","Q","doctor",0.89,26,"one_slider","Yes","Female","19","English",10.0366,"S 131"
"760",131,"f","l","filler","i","filler4",0.9,27,"one_slider","Yes","Female","19","English",10.0366,"S 131"
"761",131,"N","A","NDA","D","bartender",0.92,28,"one_slider","Yes","Female","19","English",10.0366,"S 131"
"762",131,"f","l","filler","i","filler2",0.95,29,"one_slider","Yes","Female","19","English",10.0366,"S 131"
"763",131,"N","I","NQI","Q","choreographer",0.91,30,"one_slider","Yes","Female","19","English",10.0366,"S 131"
"764",131,"Y","I","YDI","D","coach",0.83,31,"one_slider","Yes","Female","19","English",10.0366,"S 131"
"765",131,"N","A","NQA","Q","playwright",0.84,32,"one_slider","Yes","Female","19","English",10.0366,"S 131"
"766",131,"f","l","filler","i","filler5",0.21,33,"one_slider","Yes","Female","19","English",10.0366,"S 131"
"767",131,"Y","A","YDA","D","chef",0.91,34,"one_slider","Yes","Female","19","English",10.0366,"S 131"
"768",131,"N","A","NDA","D","professor",0.93,35,"one_slider","Yes","Female","19","English",10.0366,"S 131"
"769",73,"","","","","",0.78,NA,"one_slider_practice","Yes","Male","19","English, Chinese",10.4525666666667,"S 73"
"770",73,"","","","","",0.78,NA,"one_slider_practice","Yes","Male","19","English, Chinese",10.4525666666667,"S 73"
"771",73,"f","l","filler","i","filler2",0.5,6,"one_slider","Yes","Male","19","English, Chinese",10.4525666666667,"S 73"
"772",73,"f","l","filler","i","filler4",0,7,"one_slider","Yes","Male","19","English, Chinese",10.4525666666667,"S 73"
"773",73,"N","A","NQA","Q","choreographer",0.3,8,"one_slider","Yes","Male","19","English, Chinese",10.4525666666667,"S 73"
"774",73,"Y","I","YDI","D","groom",0.14,9,"one_slider","Yes","Male","19","English, Chinese",10.4525666666667,"S 73"
"775",73,"f","l","filler","i","filler1",0.83,10,"one_slider","Yes","Male","19","English, Chinese",10.4525666666667,"S 73"
"776",73,"Y","A","YDA","D","chef",0.41,11,"one_slider","Yes","Male","19","English, Chinese",10.4525666666667,"S 73"
"777",73,"Y","A","YQA","Q","conductor",0.7,12,"one_slider","Yes","Male","19","English, Chinese",10.4525666666667,"S 73"
"778",73,"N","A","NQA","Q","queen",0.78,13,"one_slider","Yes","Male","19","English, Chinese",10.4525666666667,"S 73"
"779",73,"Y","I","YQI","Q","patient",0.45,14,"one_slider","Yes","Male","19","English, Chinese",10.4525666666667,"S 73"
"780",73,"N","I","NQI","Q","scientist",0.62,15,"one_slider","Yes","Male","19","English, Chinese",10.4525666666667,"S 73"
"781",73,"N","A","NDA","D","doctor",0.91,16,"one_slider","Yes","Male","19","English, Chinese",10.4525666666667,"S 73"
"782",73,"Y","I","YDI","D","bartender",0.31,17,"one_slider","Yes","Male","19","English, Chinese",10.4525666666667,"S 73"
"783",73,"Y","A","YDA","D","coach",0.35,18,"one_slider","Yes","Male","19","English, Chinese",10.4525666666667,"S 73"
"784",73,"Y","A","YDA","D","artist",0.69,19,"one_slider","Yes","Male","19","English, Chinese",10.4525666666667,"S 73"
"785",73,"f","l","filler","i","filler3",0.29,20,"one_slider","Yes","Male","19","English, Chinese",10.4525666666667,"S 73"
"786",73,"N","I","NQI","Q","nutritionist",0.25,21,"one_slider","Yes","Male","19","English, Chinese",10.4525666666667,"S 73"
"787",73,"N","I","NDI","D","supervisor",0.02,22,"one_slider","Yes","Male","19","English, Chinese",10.4525666666667,"S 73"
"788",73,"f","l","filler","i","filler6",0,23,"one_slider","Yes","Male","19","English, Chinese",10.4525666666667,"S 73"
"789",73,"Y","A","YQA","Q","dentist",0.31,24,"one_slider","Yes","Male","19","English, Chinese",10.4525666666667,"S 73"
"790",73,"N","A","NDA","D","troopleader",0.67,25,"one_slider","Yes","Male","19","English, Chinese",10.4525666666667,"S 73"
"791",73,"Y","A","YQA","Q","pianist",0.3,26,"one_slider","Yes","Male","19","English, Chinese",10.4525666666667,"S 73"
"792",73,"Y","I","YQI","Q","stylist",0.84,27,"one_slider","Yes","Male","19","English, Chinese",10.4525666666667,"S 73"
"793",73,"N","I","NQI","Q","fan",0.58,28,"one_slider","Yes","Male","19","English, Chinese",10.4525666666667,"S 73"
"794",73,"N","A","NDA","D","priest",0.96,29,"one_slider","Yes","Male","19","English, Chinese",10.4525666666667,"S 73"
"795",73,"Y","I","YQI","Q","playwright",0.85,30,"one_slider","Yes","Male","19","English, Chinese",10.4525666666667,"S 73"
"796",73,"f","l","filler","i","filler5",0,31,"one_slider","Yes","Male","19","English, Chinese",10.4525666666667,"S 73"
"797",73,"N","A","NQA","Q","professor",0.62,32,"one_slider","Yes","Male","19","English, Chinese",10.4525666666667,"S 73"
"798",73,"N","I","NDI","D","CEO",0.59,33,"one_slider","Yes","Male","19","English, Chinese",10.4525666666667,"S 73"
"799",73,"N","I","NDI","D","pilot",0.23,34,"one_slider","Yes","Male","19","English, Chinese",10.4525666666667,"S 73"
"800",73,"Y","I","YDI","D","travelagent",0.71,35,"one_slider","Yes","Male","19","English, Chinese",10.4525666666667,"S 73"
"801",80,"","","","","",1,NA,"one_slider_practice","Yes","Male","22","Romanian, English after age 9",8.04291666666667,"S 80"
"802",80,"","","","","",1,NA,"one_slider_practice","Yes","Male","22","Romanian, English after age 9",8.04291666666667,"S 80"
"803",80,"N","I","NDI","D","fan",0.69,6,"one_slider","Yes","Male","22","Romanian, English after age 9",8.04291666666667,"S 80"
"804",80,"N","A","NDA","D","artist",0.27,7,"one_slider","Yes","Male","22","Romanian, English after age 9",8.04291666666667,"S 80"
"805",80,"Y","A","YQA","Q","scientist",0,8,"one_slider","Yes","Male","22","Romanian, English after age 9",8.04291666666667,"S 80"
"806",80,"Y","I","YQI","Q","groom",0.71,9,"one_slider","Yes","Male","22","Romanian, English after age 9",8.04291666666667,"S 80"
"807",80,"Y","I","YDI","D","conductor",0.51,10,"one_slider","Yes","Male","22","Romanian, English after age 9",8.04291666666667,"S 80"
"808",80,"Y","A","YQA","Q","travelagent",0.65,11,"one_slider","Yes","Male","22","Romanian, English after age 9",8.04291666666667,"S 80"
"809",80,"f","l","filler","i","filler1",1,12,"one_slider","Yes","Male","22","Romanian, English after age 9",8.04291666666667,"S 80"
"810",80,"f","l","filler","i","filler4",0,13,"one_slider","Yes","Male","22","Romanian, English after age 9",8.04291666666667,"S 80"
"811",80,"N","A","NDA","D","bartender",1,14,"one_slider","Yes","Male","22","Romanian, English after age 9",8.04291666666667,"S 80"
"812",80,"N","I","NDI","D","nutritionist",1,15,"one_slider","Yes","Male","22","Romanian, English after age 9",8.04291666666667,"S 80"
"813",80,"N","A","NDA","D","doctor",0.91,16,"one_slider","Yes","Male","22","Romanian, English after age 9",8.04291666666667,"S 80"
"814",80,"N","I","NDI","D","playwright",0.77,17,"one_slider","Yes","Male","22","Romanian, English after age 9",8.04291666666667,"S 80"
"815",80,"N","I","NQI","Q","supervisor",0.5,18,"one_slider","Yes","Male","22","Romanian, English after age 9",8.04291666666667,"S 80"
"816",80,"Y","A","YDA","D","queen",0,19,"one_slider","Yes","Male","22","Romanian, English after age 9",8.04291666666667,"S 80"
"817",80,"f","l","filler","i","filler5",0,20,"one_slider","Yes","Male","22","Romanian, English after age 9",8.04291666666667,"S 80"
"818",80,"Y","I","YDI","D","patient",0.2,21,"one_slider","Yes","Male","22","Romanian, English after age 9",8.04291666666667,"S 80"
"819",80,"N","I","NQI","Q","priest",0.6,22,"one_slider","Yes","Male","22","Romanian, English after age 9",8.04291666666667,"S 80"
"820",80,"Y","I","YDI","D","CEO",0.11,23,"one_slider","Yes","Male","22","Romanian, English after age 9",8.04291666666667,"S 80"
"821",80,"Y","I","YQI","Q","dentist",0.15,24,"one_slider","Yes","Male","22","Romanian, English after age 9",8.04291666666667,"S 80"
"822",80,"f","l","filler","i","filler2",1,25,"one_slider","Yes","Male","22","Romanian, English after age 9",8.04291666666667,"S 80"
"823",80,"Y","A","YDA","D","choreographer",0.82,26,"one_slider","Yes","Male","22","Romanian, English after age 9",8.04291666666667,"S 80"
"824",80,"N","I","NQI","Q","chef",0.59,27,"one_slider","Yes","Male","22","Romanian, English after age 9",8.04291666666667,"S 80"
"825",80,"Y","A","YQA","Q","coach",0.5,28,"one_slider","Yes","Male","22","Romanian, English after age 9",8.04291666666667,"S 80"
"826",80,"N","A","NQA","Q","stylist",0.62,29,"one_slider","Yes","Male","22","Romanian, English after age 9",8.04291666666667,"S 80"
"827",80,"Y","I","YQI","Q","pilot",0.46,30,"one_slider","Yes","Male","22","Romanian, English after age 9",8.04291666666667,"S 80"
"828",80,"f","l","filler","i","filler6",0.74,31,"one_slider","Yes","Male","22","Romanian, English after age 9",8.04291666666667,"S 80"
"829",80,"f","l","filler","i","filler3",0.82,32,"one_slider","Yes","Male","22","Romanian, English after age 9",8.04291666666667,"S 80"
"830",80,"N","A","NQA","Q","professor",0.99,33,"one_slider","Yes","Male","22","Romanian, English after age 9",8.04291666666667,"S 80"
"831",80,"Y","A","YDA","D","troopleader",0.26,34,"one_slider","Yes","Male","22","Romanian, English after age 9",8.04291666666667,"S 80"
"832",80,"N","A","NQA","Q","pianist",1,35,"one_slider","Yes","Male","22","Romanian, English after age 9",8.04291666666667,"S 80"
"833",91,"","","","","",1,NA,"one_slider_practice","Yes","Female","18","English",22.2944333333333,"S 91"
"834",91,"","","","","",1,NA,"one_slider_practice","Yes","Female","18","English",22.2944333333333,"S 91"
"835",91,"N","A","NDA","D","dentist",0.43,6,"one_slider","Yes","Female","18","English",22.2944333333333,"S 91"
"836",91,"Y","I","YDI","D","choreographer",1,7,"one_slider","Yes","Female","18","English",22.2944333333333,"S 91"
"837",91,"Y","A","YDA","D","troopleader",1,8,"one_slider","Yes","Female","18","English",22.2944333333333,"S 91"
"838",91,"f","l","filler","i","filler3",0.9,9,"one_slider","Yes","Female","18","English",22.2944333333333,"S 91"
"839",91,"f","l","filler","i","filler6",0,10,"one_slider","Yes","Female","18","English",22.2944333333333,"S 91"
"840",91,"Y","A","YQA","Q","travelagent",0.1,11,"one_slider","Yes","Female","18","English",22.2944333333333,"S 91"
"841",91,"Y","I","YQI","Q","queen",0.64,12,"one_slider","Yes","Female","18","English",22.2944333333333,"S 91"
"842",91,"N","I","NDI","D","artist",1,13,"one_slider","Yes","Female","18","English",22.2944333333333,"S 91"
"843",91,"N","I","NQI","Q","supervisor",0.77,14,"one_slider","Yes","Female","18","English",22.2944333333333,"S 91"
"844",91,"Y","I","YQI","Q","scientist",0.93,15,"one_slider","Yes","Female","18","English",22.2944333333333,"S 91"
"845",91,"f","l","filler","i","filler2",0.76,16,"one_slider","Yes","Female","18","English",22.2944333333333,"S 91"
"846",91,"N","I","NDI","D","patient",1,17,"one_slider","Yes","Female","18","English",22.2944333333333,"S 91"
"847",91,"Y","A","YDA","D","nutritionist",0.9,18,"one_slider","Yes","Female","18","English",22.2944333333333,"S 91"
"848",91,"Y","A","YQA","Q","conductor",0.47,19,"one_slider","Yes","Female","18","English",22.2944333333333,"S 91"
"849",91,"Y","I","YDI","D","pianist",0.11,20,"one_slider","Yes","Female","18","English",22.2944333333333,"S 91"
"850",91,"f","l","filler","i","filler5",0,21,"one_slider","Yes","Female","18","English",22.2944333333333,"S 91"
"851",91,"Y","A","YDA","D","groom",0.81,22,"one_slider","Yes","Female","18","English",22.2944333333333,"S 91"
"852",91,"N","A","NQA","Q","chef",1,23,"one_slider","Yes","Female","18","English",22.2944333333333,"S 91"
"853",91,"N","A","NQA","Q","CEO",0.93,24,"one_slider","Yes","Female","18","English",22.2944333333333,"S 91"
"854",91,"N","I","NQI","Q","pilot",0.85,25,"one_slider","Yes","Female","18","English",22.2944333333333,"S 91"
"855",91,"Y","I","YDI","D","coach",0.58,26,"one_slider","Yes","Female","18","English",22.2944333333333,"S 91"
"856",91,"N","I","NDI","D","priest",1,27,"one_slider","Yes","Female","18","English",22.2944333333333,"S 91"
"857",91,"N","A","NQA","Q","stylist",0.76,28,"one_slider","Yes","Female","18","English",22.2944333333333,"S 91"
"858",91,"N","A","NDA","D","doctor",1,29,"one_slider","Yes","Female","18","English",22.2944333333333,"S 91"
"859",91,"Y","A","YQA","Q","fan",0.66,30,"one_slider","Yes","Female","18","English",22.2944333333333,"S 91"
"860",91,"Y","I","YQI","Q","playwright",0.68,31,"one_slider","Yes","Female","18","English",22.2944333333333,"S 91"
"861",91,"f","l","filler","i","filler4",0.07,32,"one_slider","Yes","Female","18","English",22.2944333333333,"S 91"
"862",91,"N","A","NDA","D","bartender",0.9,33,"one_slider","Yes","Female","18","English",22.2944333333333,"S 91"
"863",91,"N","I","NQI","Q","professor",1,34,"one_slider","Yes","Female","18","English",22.2944333333333,"S 91"
"864",91,"f","l","filler","i","filler1",0.4,35,"one_slider","Yes","Female","18","English",22.2944333333333,"S 91"
"865",105,"","","","","",1,NA,"one_slider_practice","Yes","Male","18","English, Hindi",14.10625,"S 105"
"866",105,"","","","","",1,NA,"one_slider_practice","Yes","Male","18","English, Hindi",14.10625,"S 105"
"867",105,"Y","I","YQI","Q","groom",0,6,"one_slider","Yes","Male","18","English, Hindi",14.10625,"S 105"
"868",105,"N","A","NQA","Q","priest",0.26,7,"one_slider","Yes","Male","18","English, Hindi",14.10625,"S 105"
"869",105,"Y","A","YDA","D","supervisor",0,8,"one_slider","Yes","Male","18","English, Hindi",14.10625,"S 105"
"870",105,"f","l","filler","i","filler4",0,9,"one_slider","Yes","Male","18","English, Hindi",14.10625,"S 105"
"871",105,"Y","I","YQI","Q","stylist",0.78,10,"one_slider","Yes","Male","18","English, Hindi",14.10625,"S 105"
"872",105,"f","l","filler","i","filler2",0.87,11,"one_slider","Yes","Male","18","English, Hindi",14.10625,"S 105"
"873",105,"N","A","NDA","D","conductor",1,12,"one_slider","Yes","Male","18","English, Hindi",14.10625,"S 105"
"874",105,"Y","I","YQI","Q","professor",0.29,13,"one_slider","Yes","Male","18","English, Hindi",14.10625,"S 105"
"875",105,"f","l","filler","i","filler5",0,14,"one_slider","Yes","Male","18","English, Hindi",14.10625,"S 105"
"876",105,"N","I","NQI","Q","artist",0.68,15,"one_slider","Yes","Male","18","English, Hindi",14.10625,"S 105"
"877",105,"Y","A","YQA","Q","CEO",0,16,"one_slider","Yes","Male","18","English, Hindi",14.10625,"S 105"
"878",105,"Y","A","YDA","D","playwright",1,17,"one_slider","Yes","Male","18","English, Hindi",14.10625,"S 105"
"879",105,"N","I","NDI","D","fan",1,18,"one_slider","Yes","Male","18","English, Hindi",14.10625,"S 105"
"880",105,"Y","I","YDI","D","queen",0.65,19,"one_slider","Yes","Male","18","English, Hindi",14.10625,"S 105"
"881",105,"N","I","NQI","Q","dentist",0.76,20,"one_slider","Yes","Male","18","English, Hindi",14.10625,"S 105"
"882",105,"N","I","NQI","Q","choreographer",0.85,21,"one_slider","Yes","Male","18","English, Hindi",14.10625,"S 105"
"883",105,"N","I","NDI","D","nutritionist",0.76,22,"one_slider","Yes","Male","18","English, Hindi",14.10625,"S 105"
"884",105,"N","A","NQA","Q","scientist",0.33,23,"one_slider","Yes","Male","18","English, Hindi",14.10625,"S 105"
"885",105,"N","A","NDA","D","doctor",0.43,24,"one_slider","Yes","Male","18","English, Hindi",14.10625,"S 105"
"886",105,"f","l","filler","i","filler3",0.84,25,"one_slider","Yes","Male","18","English, Hindi",14.10625,"S 105"
"887",105,"N","A","NDA","D","chef",0.15,26,"one_slider","Yes","Male","18","English, Hindi",14.10625,"S 105"
"888",105,"Y","I","YDI","D","travelagent",0.86,27,"one_slider","Yes","Male","18","English, Hindi",14.10625,"S 105"
"889",105,"Y","I","YDI","D","patient",1,28,"one_slider","Yes","Male","18","English, Hindi",14.10625,"S 105"
"890",105,"N","A","NQA","Q","troopleader",0.62,29,"one_slider","Yes","Male","18","English, Hindi",14.10625,"S 105"
"891",105,"N","I","NDI","D","coach",0.82,30,"one_slider","Yes","Male","18","English, Hindi",14.10625,"S 105"
"892",105,"f","l","filler","i","filler1",0.33,31,"one_slider","Yes","Male","18","English, Hindi",14.10625,"S 105"
"893",105,"Y","A","YDA","D","bartender",0.51,32,"one_slider","Yes","Male","18","English, Hindi",14.10625,"S 105"
"894",105,"Y","A","YQA","Q","pilot",0.03,33,"one_slider","Yes","Male","18","English, Hindi",14.10625,"S 105"
"895",105,"f","l","filler","i","filler6",0,34,"one_slider","Yes","Male","18","English, Hindi",14.10625,"S 105"
"896",105,"Y","A","YQA","Q","pianist",0.2,35,"one_slider","Yes","Male","18","English, Hindi",14.10625,"S 105"
"897",95,"","","","","",1,NA,"one_slider_practice","Yes","Male","20","English, Filipino",14.5733,"S 95"
"898",95,"","","","","",1,NA,"one_slider_practice","Yes","Male","20","English, Filipino",14.5733,"S 95"
"899",95,"f","l","filler","i","filler6",0,6,"one_slider","Yes","Male","20","English, Filipino",14.5733,"S 95"
"900",95,"N","I","NDI","D","dentist",1,7,"one_slider","Yes","Male","20","English, Filipino",14.5733,"S 95"
"901",95,"Y","I","YDI","D","patient",1,8,"one_slider","Yes","Male","20","English, Filipino",14.5733,"S 95"
"902",95,"N","I","NDI","D","chef",0.79,9,"one_slider","Yes","Male","20","English, Filipino",14.5733,"S 95"
"903",95,"N","A","NQA","Q","groom",1,10,"one_slider","Yes","Male","20","English, Filipino",14.5733,"S 95"
"904",95,"N","I","NQI","Q","choreographer",1,11,"one_slider","Yes","Male","20","English, Filipino",14.5733,"S 95"
"905",95,"N","A","NQA","Q","priest",1,12,"one_slider","Yes","Male","20","English, Filipino",14.5733,"S 95"
"906",95,"N","I","NQI","Q","scientist",1,13,"one_slider","Yes","Male","20","English, Filipino",14.5733,"S 95"
"907",95,"Y","I","YQI","Q","troopleader",0,14,"one_slider","Yes","Male","20","English, Filipino",14.5733,"S 95"
"908",95,"f","l","filler","i","filler3",0.77,15,"one_slider","Yes","Male","20","English, Filipino",14.5733,"S 95"
"909",95,"N","A","NDA","D","bartender",1,16,"one_slider","Yes","Male","20","English, Filipino",14.5733,"S 95"
"910",95,"Y","A","YQA","Q","stylist",0,17,"one_slider","Yes","Male","20","English, Filipino",14.5733,"S 95"
"911",95,"f","l","filler","i","filler2",1,18,"one_slider","Yes","Male","20","English, Filipino",14.5733,"S 95"
"912",95,"N","I","NDI","D","pianist",0.77,19,"one_slider","Yes","Male","20","English, Filipino",14.5733,"S 95"
"913",95,"Y","I","YDI","D","doctor",0,20,"one_slider","Yes","Male","20","English, Filipino",14.5733,"S 95"
"914",95,"N","A","NQA","Q","fan",0.34,21,"one_slider","Yes","Male","20","English, Filipino",14.5733,"S 95"
"915",95,"N","A","NDA","D","travelagent",1,22,"one_slider","Yes","Male","20","English, Filipino",14.5733,"S 95"
"916",95,"N","A","NDA","D","artist",1,23,"one_slider","Yes","Male","20","English, Filipino",14.5733,"S 95"
"917",95,"Y","I","YDI","D","supervisor",0,24,"one_slider","Yes","Male","20","English, Filipino",14.5733,"S 95"
"918",95,"Y","A","YQA","Q","queen",0,25,"one_slider","Yes","Male","20","English, Filipino",14.5733,"S 95"
"919",95,"Y","A","YQA","Q","nutritionist",0.19,26,"one_slider","Yes","Male","20","English, Filipino",14.5733,"S 95"
"920",95,"Y","A","YDA","D","CEO",0.13,27,"one_slider","Yes","Male","20","English, Filipino",14.5733,"S 95"
"921",95,"Y","I","YQI","Q","playwright",1,28,"one_slider","Yes","Male","20","English, Filipino",14.5733,"S 95"
"922",95,"f","l","filler","i","filler5",0.06,29,"one_slider","Yes","Male","20","English, Filipino",14.5733,"S 95"
"923",95,"N","I","NQI","Q","professor",1,30,"one_slider","Yes","Male","20","English, Filipino",14.5733,"S 95"
"924",95,"f","l","filler","i","filler1",1,31,"one_slider","Yes","Male","20","English, Filipino",14.5733,"S 95"
"925",95,"f","l","filler","i","filler4",0,32,"one_slider","Yes","Male","20","English, Filipino",14.5733,"S 95"
"926",95,"Y","A","YDA","D","pilot",0,33,"one_slider","Yes","Male","20","English, Filipino",14.5733,"S 95"
"927",95,"Y","I","YQI","Q","coach",0.6,34,"one_slider","Yes","Male","20","English, Filipino",14.5733,"S 95"
"928",95,"Y","A","YDA","D","conductor",0.76,35,"one_slider","Yes","Male","20","English, Filipino",14.5733,"S 95"
"929",79,"","","","","",0.94,NA,"one_slider_practice","Yes","Female","18","English",25.6809166666667,"S 79"
"930",79,"","","","","",0.75,NA,"one_slider_practice","Yes","Female","18","English",25.6809166666667,"S 79"
"931",79,"Y","I","YQI","Q","pilot",0.59,6,"one_slider","Yes","Female","18","English",25.6809166666667,"S 79"
"932",79,"N","A","NQA","Q","playwright",0.54,7,"one_slider","Yes","Female","18","English",25.6809166666667,"S 79"
"933",79,"f","l","filler","i","filler1",0.88,8,"one_slider","Yes","Female","18","English",25.6809166666667,"S 79"
"934",79,"N","A","NQA","Q","CEO",0.82,9,"one_slider","Yes","Female","18","English",25.6809166666667,"S 79"
"935",79,"Y","I","YQI","Q","troopleader",0.43,10,"one_slider","Yes","Female","18","English",25.6809166666667,"S 79"
"936",79,"N","I","NDI","D","nutritionist",0.76,11,"one_slider","Yes","Female","18","English",25.6809166666667,"S 79"
"937",79,"Y","I","YQI","Q","chef",0.83,12,"one_slider","Yes","Female","18","English",25.6809166666667,"S 79"
"938",79,"Y","A","YDA","D","doctor",0.96,13,"one_slider","Yes","Female","18","English",25.6809166666667,"S 79"
"939",79,"f","l","filler","i","filler6",0.03,14,"one_slider","Yes","Female","18","English",25.6809166666667,"S 79"
"940",79,"f","l","filler","i","filler5",0.03,15,"one_slider","Yes","Female","18","English",25.6809166666667,"S 79"
"941",79,"Y","A","YDA","D","groom",0.96,16,"one_slider","Yes","Female","18","English",25.6809166666667,"S 79"
"942",79,"Y","I","YDI","D","travelagent",0.96,17,"one_slider","Yes","Female","18","English",25.6809166666667,"S 79"
"943",79,"f","l","filler","i","filler4",0.07,18,"one_slider","Yes","Female","18","English",25.6809166666667,"S 79"
"944",79,"Y","A","YQA","Q","choreographer",0.95,19,"one_slider","Yes","Female","18","English",25.6809166666667,"S 79"
"945",79,"N","A","NQA","Q","fan",0.98,20,"one_slider","Yes","Female","18","English",25.6809166666667,"S 79"
"946",79,"N","I","NQI","Q","queen",0.95,21,"one_slider","Yes","Female","18","English",25.6809166666667,"S 79"
"947",79,"Y","I","YDI","D","stylist",0.93,22,"one_slider","Yes","Female","18","English",25.6809166666667,"S 79"
"948",79,"N","A","NDA","D","scientist",0.98,23,"one_slider","Yes","Female","18","English",25.6809166666667,"S 79"
"949",79,"N","I","NQI","Q","priest",0.96,24,"one_slider","Yes","Female","18","English",25.6809166666667,"S 79"
"950",79,"N","I","NDI","D","bartender",0.98,25,"one_slider","Yes","Female","18","English",25.6809166666667,"S 79"
"951",79,"f","l","filler","i","filler3",0.97,26,"one_slider","Yes","Female","18","English",25.6809166666667,"S 79"
"952",79,"Y","I","YDI","D","dentist",0.56,27,"one_slider","Yes","Female","18","English",25.6809166666667,"S 79"
"953",79,"f","l","filler","i","filler2",0.92,28,"one_slider","Yes","Female","18","English",25.6809166666667,"S 79"
"954",79,"Y","A","YQA","Q","artist",0.54,29,"one_slider","Yes","Female","18","English",25.6809166666667,"S 79"
"955",79,"N","A","NDA","D","conductor",0.07,30,"one_slider","Yes","Female","18","English",25.6809166666667,"S 79"
"956",79,"N","A","NDA","D","supervisor",0.71,31,"one_slider","Yes","Female","18","English",25.6809166666667,"S 79"
"957",79,"N","I","NDI","D","patient",0.98,32,"one_slider","Yes","Female","18","English",25.6809166666667,"S 79"
"958",79,"Y","A","YQA","Q","coach",0.97,33,"one_slider","Yes","Female","18","English",25.6809166666667,"S 79"
"959",79,"N","I","NQI","Q","pianist",0.94,34,"one_slider","Yes","Female","18","English",25.6809166666667,"S 79"
"960",79,"Y","A","YDA","D","professor",0.39,35,"one_slider","Yes","Female","18","English",25.6809166666667,"S 79"
"961",99,"","","","","",0.62,NA,"one_slider_practice","Confused","Male","19","English, Arabic",14.82985,"S 99"
"962",99,"","","","","",1,NA,"one_slider_practice","Confused","Male","19","English, Arabic",14.82985,"S 99"
"963",99,"N","I","NDI","D","supervisor",0.36,6,"one_slider","Confused","Male","19","English, Arabic",14.82985,"S 99"
"964",99,"N","I","NQI","Q","nutritionist",1,7,"one_slider","Confused","Male","19","English, Arabic",14.82985,"S 99"
"965",99,"Y","I","YQI","Q","patient",0.39,8,"one_slider","Confused","Male","19","English, Arabic",14.82985,"S 99"
"966",99,"Y","I","YQI","Q","coach",0.75,9,"one_slider","Confused","Male","19","English, Arabic",14.82985,"S 99"
"967",99,"N","I","NQI","Q","queen",0.12,10,"one_slider","Confused","Male","19","English, Arabic",14.82985,"S 99"
"968",99,"f","l","filler","i","filler5",0.3,11,"one_slider","Confused","Male","19","English, Arabic",14.82985,"S 99"
"969",99,"Y","A","YDA","D","choreographer",0.82,12,"one_slider","Confused","Male","19","English, Arabic",14.82985,"S 99"
"970",99,"N","A","NDA","D","troopleader",0.81,13,"one_slider","Confused","Male","19","English, Arabic",14.82985,"S 99"
"971",99,"f","l","filler","i","filler6",0.19,14,"one_slider","Confused","Male","19","English, Arabic",14.82985,"S 99"
"972",99,"f","l","filler","i","filler3",0.33,15,"one_slider","Confused","Male","19","English, Arabic",14.82985,"S 99"
"973",99,"Y","A","YQA","Q","conductor",0.2,16,"one_slider","Confused","Male","19","English, Arabic",14.82985,"S 99"
"974",99,"Y","I","YQI","Q","playwright",0.63,17,"one_slider","Confused","Male","19","English, Arabic",14.82985,"S 99"
"975",99,"N","I","NQI","Q","pianist",0.14,18,"one_slider","Confused","Male","19","English, Arabic",14.82985,"S 99"
"976",99,"Y","I","YDI","D","travelagent",0.84,19,"one_slider","Confused","Male","19","English, Arabic",14.82985,"S 99"
"977",99,"f","l","filler","i","filler2",0.74,20,"one_slider","Confused","Male","19","English, Arabic",14.82985,"S 99"
"978",99,"Y","I","YDI","D","artist",0.6,21,"one_slider","Confused","Male","19","English, Arabic",14.82985,"S 99"
"979",99,"N","A","NQA","Q","professor",0.69,22,"one_slider","Confused","Male","19","English, Arabic",14.82985,"S 99"
"980",99,"Y","I","YDI","D","groom",0.6,23,"one_slider","Confused","Male","19","English, Arabic",14.82985,"S 99"
"981",99,"Y","A","YQA","Q","doctor",0.72,24,"one_slider","Confused","Male","19","English, Arabic",14.82985,"S 99"
"982",99,"f","l","filler","i","filler4",0.7,25,"one_slider","Confused","Male","19","English, Arabic",14.82985,"S 99"
"983",99,"N","A","NDA","D","bartender",0.73,26,"one_slider","Confused","Male","19","English, Arabic",14.82985,"S 99"
"984",99,"Y","A","YDA","D","dentist",0.18,27,"one_slider","Confused","Male","19","English, Arabic",14.82985,"S 99"
"985",99,"N","A","NQA","Q","fan",0.2,28,"one_slider","Confused","Male","19","English, Arabic",14.82985,"S 99"
"986",99,"N","I","NDI","D","CEO",0.77,29,"one_slider","Confused","Male","19","English, Arabic",14.82985,"S 99"
"987",99,"f","l","filler","i","filler1",0.64,30,"one_slider","Confused","Male","19","English, Arabic",14.82985,"S 99"
"988",99,"N","A","NDA","D","stylist",0.66,31,"one_slider","Confused","Male","19","English, Arabic",14.82985,"S 99"
"989",99,"Y","A","YQA","Q","chef",0.72,32,"one_slider","Confused","Male","19","English, Arabic",14.82985,"S 99"
"990",99,"N","A","NQA","Q","priest",0.79,33,"one_slider","Confused","Male","19","English, Arabic",14.82985,"S 99"
"991",99,"Y","A","YDA","D","pilot",0.29,34,"one_slider","Confused","Male","19","English, Arabic",14.82985,"S 99"
"992",99,"N","I","NDI","D","scientist",0.75,35,"one_slider","Confused","Male","19","English, Arabic",14.82985,"S 99"
"993",116,"","","","","",0.97,NA,"one_slider_practice","Yes","Female","19","English",11.0478666666667,"S 116"
"994",116,"","","","","",1,NA,"one_slider_practice","Yes","Female","19","English",11.0478666666667,"S 116"
"995",116,"N","I","NQI","Q","CEO",1,6,"one_slider","Yes","Female","19","English",11.0478666666667,"S 116"
"996",116,"Y","A","YQA","Q","stylist",0.27,7,"one_slider","Yes","Female","19","English",11.0478666666667,"S 116"
"997",116,"N","A","NQA","Q","bartender",0.75,8,"one_slider","Yes","Female","19","English",11.0478666666667,"S 116"
"998",116,"N","I","NDI","D","playwright",0.94,9,"one_slider","Yes","Female","19","English",11.0478666666667,"S 116"
"999",116,"N","A","NDA","D","artist",0.86,10,"one_slider","Yes","Female","19","English",11.0478666666667,"S 116"
"1000",116,"Y","I","YQI","Q","fan",0.08,11,"one_slider","Yes","Female","19","English",11.0478666666667,"S 116"
"1001",116,"N","I","NQI","Q","conductor",0.93,12,"one_slider","Yes","Female","19","English",11.0478666666667,"S 116"
"1002",116,"N","I","NQI","Q","supervisor",0.97,13,"one_slider","Yes","Female","19","English",11.0478666666667,"S 116"
"1003",116,"Y","I","YDI","D","priest",0.35,14,"one_slider","Yes","Female","19","English",11.0478666666667,"S 116"
"1004",116,"N","I","NDI","D","scientist",0.96,15,"one_slider","Yes","Female","19","English",11.0478666666667,"S 116"
"1005",116,"Y","I","YDI","D","chef",0.31,16,"one_slider","Yes","Female","19","English",11.0478666666667,"S 116"
"1006",116,"Y","A","YQA","Q","doctor",0.69,17,"one_slider","Yes","Female","19","English",11.0478666666667,"S 116"
"1007",116,"N","A","NDA","D","troopleader",0.96,18,"one_slider","Yes","Female","19","English",11.0478666666667,"S 116"
"1008",116,"f","l","filler","i","filler4",0,19,"one_slider","Yes","Female","19","English",11.0478666666667,"S 116"
"1009",116,"Y","I","YQI","Q","choreographer",0.93,20,"one_slider","Yes","Female","19","English",11.0478666666667,"S 116"
"1010",116,"f","l","filler","i","filler2",0.94,21,"one_slider","Yes","Female","19","English",11.0478666666667,"S 116"
"1011",116,"Y","A","YQA","Q","pilot",0.18,22,"one_slider","Yes","Female","19","English",11.0478666666667,"S 116"
"1012",116,"Y","A","YDA","D","travelagent",1,23,"one_slider","Yes","Female","19","English",11.0478666666667,"S 116"
"1013",116,"N","A","NDA","D","nutritionist",0.77,24,"one_slider","Yes","Female","19","English",11.0478666666667,"S 116"
"1014",116,"Y","I","YDI","D","queen",0.31,25,"one_slider","Yes","Female","19","English",11.0478666666667,"S 116"
"1015",116,"f","l","filler","i","filler5",1,26,"one_slider","Yes","Female","19","English",11.0478666666667,"S 116"
"1016",116,"Y","A","YDA","D","dentist",1,27,"one_slider","Yes","Female","19","English",11.0478666666667,"S 116"
"1017",116,"N","A","NQA","Q","pianist",0.94,28,"one_slider","Yes","Female","19","English",11.0478666666667,"S 116"
"1018",116,"f","l","filler","i","filler3",0.95,29,"one_slider","Yes","Female","19","English",11.0478666666667,"S 116"
"1019",116,"N","A","NQA","Q","groom",0.72,30,"one_slider","Yes","Female","19","English",11.0478666666667,"S 116"
"1020",116,"Y","A","YDA","D","coach",0.21,31,"one_slider","Yes","Female","19","English",11.0478666666667,"S 116"
"1021",116,"N","I","NDI","D","professor",0.97,32,"one_slider","Yes","Female","19","English",11.0478666666667,"S 116"
"1022",116,"Y","I","YQI","Q","patient",1,33,"one_slider","Yes","Female","19","English",11.0478666666667,"S 116"
"1023",116,"f","l","filler","i","filler1",0.86,34,"one_slider","Yes","Female","19","English",11.0478666666667,"S 116"
"1024",116,"f","l","filler","i","filler6",0,35,"one_slider","Yes","Female","19","English",11.0478666666667,"S 116"
"1025",118,"","","","","",0.79,NA,"one_slider_practice","Yes","Female","18","English and German",18.1159666666667,"S 118"
"1026",118,"","","","","",1,NA,"one_slider_practice","Yes","Female","18","English and German",18.1159666666667,"S 118"
"1027",118,"N","A","NQA","Q","patient",0.89,6,"one_slider","Yes","Female","18","English and German",18.1159666666667,"S 118"
"1028",118,"Y","A","YDA","D","artist",0.8,7,"one_slider","Yes","Female","18","English and German",18.1159666666667,"S 118"
"1029",118,"Y","A","YQA","Q","doctor",0.7,8,"one_slider","Yes","Female","18","English and German",18.1159666666667,"S 118"
"1030",118,"N","I","NDI","D","nutritionist",0.87,9,"one_slider","Yes","Female","18","English and German",18.1159666666667,"S 118"
"1031",118,"N","A","NQA","Q","scientist",0.9,10,"one_slider","Yes","Female","18","English and German",18.1159666666667,"S 118"
"1032",118,"f","l","filler","i","filler3",0.54,11,"one_slider","Yes","Female","18","English and German",18.1159666666667,"S 118"
"1033",118,"N","I","NQI","Q","fan",0.88,12,"one_slider","Yes","Female","18","English and German",18.1159666666667,"S 118"
"1034",118,"N","I","NDI","D","CEO",0.92,13,"one_slider","Yes","Female","18","English and German",18.1159666666667,"S 118"
"1035",118,"Y","I","YDI","D","queen",0.96,14,"one_slider","Yes","Female","18","English and German",18.1159666666667,"S 118"
"1036",118,"f","l","filler","i","filler1",0.85,15,"one_slider","Yes","Female","18","English and German",18.1159666666667,"S 118"
"1037",118,"N","A","NDA","D","professor",0.7,16,"one_slider","Yes","Female","18","English and German",18.1159666666667,"S 118"
"1038",118,"Y","I","YQI","Q","conductor",0.47,17,"one_slider","Yes","Female","18","English and German",18.1159666666667,"S 118"
"1039",118,"f","l","filler","i","filler2",0.88,18,"one_slider","Yes","Female","18","English and German",18.1159666666667,"S 118"
"1040",118,"N","I","NQI","Q","playwright",0.78,19,"one_slider","Yes","Female","18","English and German",18.1159666666667,"S 118"
"1041",118,"Y","A","YDA","D","troopleader",0.35,20,"one_slider","Yes","Female","18","English and German",18.1159666666667,"S 118"
"1042",118,"N","I","NDI","D","supervisor",0.74,21,"one_slider","Yes","Female","18","English and German",18.1159666666667,"S 118"
"1043",118,"N","I","NQI","Q","bartender",0.87,22,"one_slider","Yes","Female","18","English and German",18.1159666666667,"S 118"
"1044",118,"N","A","NDA","D","pianist",0.88,23,"one_slider","Yes","Female","18","English and German",18.1159666666667,"S 118"
"1045",118,"Y","A","YDA","D","chef",0.38,24,"one_slider","Yes","Female","18","English and German",18.1159666666667,"S 118"
"1046",118,"N","A","NQA","Q","travelagent",0.69,25,"one_slider","Yes","Female","18","English and German",18.1159666666667,"S 118"
"1047",118,"N","A","NDA","D","pilot",0.84,26,"one_slider","Yes","Female","18","English and German",18.1159666666667,"S 118"
"1048",118,"Y","A","YQA","Q","groom",0.92,27,"one_slider","Yes","Female","18","English and German",18.1159666666667,"S 118"
"1049",118,"f","l","filler","i","filler5",0.05,28,"one_slider","Yes","Female","18","English and German",18.1159666666667,"S 118"
"1050",118,"f","l","filler","i","filler6",0.02,29,"one_slider","Yes","Female","18","English and German",18.1159666666667,"S 118"
"1051",118,"f","l","filler","i","filler4",0.03,30,"one_slider","Yes","Female","18","English and German",18.1159666666667,"S 118"
"1052",118,"Y","I","YQI","Q","choreographer",0.91,31,"one_slider","Yes","Female","18","English and German",18.1159666666667,"S 118"
"1053",118,"Y","I","YQI","Q","dentist",0.82,32,"one_slider","Yes","Female","18","English and German",18.1159666666667,"S 118"
"1054",118,"Y","A","YQA","Q","priest",0.52,33,"one_slider","Yes","Female","18","English and German",18.1159666666667,"S 118"
"1055",118,"Y","I","YDI","D","stylist",0.77,34,"one_slider","Yes","Female","18","English and German",18.1159666666667,"S 118"
"1056",118,"Y","I","YDI","D","coach",0.94,35,"one_slider","Yes","Female","18","English and German",18.1159666666667,"S 118"
"1057",97,"","","","","",0.88,NA,"one_slider_practice","Yes","Other","19","English",9.16155,"S 97"
"1058",97,"","","","","",0.74,NA,"one_slider_practice","Yes","Other","19","English",9.16155,"S 97"
"1059",97,"N","A","NDA","D","dentist",0.5,6,"one_slider","Yes","Other","19","English",9.16155,"S 97"
"1060",97,"Y","I","YQI","Q","coach",0.38,7,"one_slider","Yes","Other","19","English",9.16155,"S 97"
"1061",97,"Y","A","YQA","Q","CEO",0.35,8,"one_slider","Yes","Other","19","English",9.16155,"S 97"
"1062",97,"N","I","NQI","Q","choreographer",0.18,9,"one_slider","Yes","Other","19","English",9.16155,"S 97"
"1063",97,"f","l","filler","i","filler3",0.71,10,"one_slider","Yes","Other","19","English",9.16155,"S 97"
"1064",97,"N","A","NQA","Q","groom",0.76,11,"one_slider","Yes","Other","19","English",9.16155,"S 97"
"1065",97,"Y","A","YQA","Q","pilot",0.46,12,"one_slider","Yes","Other","19","English",9.16155,"S 97"
"1066",97,"N","I","NDI","D","priest",0.93,13,"one_slider","Yes","Other","19","English",9.16155,"S 97"
"1067",97,"Y","A","YDA","D","fan",0.18,14,"one_slider","Yes","Other","19","English",9.16155,"S 97"
"1068",97,"N","A","NDA","D","scientist",0.9,15,"one_slider","Yes","Other","19","English",9.16155,"S 97"
"1069",97,"Y","I","YQI","Q","bartender",0.81,16,"one_slider","Yes","Other","19","English",9.16155,"S 97"
"1070",97,"N","I","NQI","Q","supervisor",0.95,17,"one_slider","Yes","Other","19","English",9.16155,"S 97"
"1071",97,"Y","A","YDA","D","professor",0.33,18,"one_slider","Yes","Other","19","English",9.16155,"S 97"
"1072",97,"Y","I","YDI","D","stylist",0.27,19,"one_slider","Yes","Other","19","English",9.16155,"S 97"
"1073",97,"N","I","NQI","Q","playwright",0.83,20,"one_slider","Yes","Other","19","English",9.16155,"S 97"
"1074",97,"N","A","NDA","D","conductor",0.91,21,"one_slider","Yes","Other","19","English",9.16155,"S 97"
"1075",97,"Y","A","YDA","D","artist",0.43,22,"one_slider","Yes","Other","19","English",9.16155,"S 97"
"1076",97,"Y","I","YQI","Q","travelagent",0.56,23,"one_slider","Yes","Other","19","English",9.16155,"S 97"
"1077",97,"N","A","NQA","Q","patient",1,24,"one_slider","Yes","Other","19","English",9.16155,"S 97"
"1078",97,"Y","A","YQA","Q","chef",0.31,25,"one_slider","Yes","Other","19","English",9.16155,"S 97"
"1079",97,"N","A","NQA","Q","troopleader",0.91,26,"one_slider","Yes","Other","19","English",9.16155,"S 97"
"1080",97,"Y","I","YDI","D","nutritionist",0.15,27,"one_slider","Yes","Other","19","English",9.16155,"S 97"
"1081",97,"N","I","NDI","D","pianist",0.89,28,"one_slider","Yes","Other","19","English",9.16155,"S 97"
"1082",97,"f","l","filler","i","filler6",0.14,29,"one_slider","Yes","Other","19","English",9.16155,"S 97"
"1083",97,"f","l","filler","i","filler2",0.87,30,"one_slider","Yes","Other","19","English",9.16155,"S 97"
"1084",97,"f","l","filler","i","filler5",0.88,31,"one_slider","Yes","Other","19","English",9.16155,"S 97"
"1085",97,"Y","I","YDI","D","doctor",0.17,32,"one_slider","Yes","Other","19","English",9.16155,"S 97"
"1086",97,"f","l","filler","i","filler1",0.87,33,"one_slider","Yes","Other","19","English",9.16155,"S 97"
"1087",97,"f","l","filler","i","filler4",0.03,34,"one_slider","Yes","Other","19","English",9.16155,"S 97"
"1088",97,"N","I","NDI","D","queen",0.84,35,"one_slider","Yes","Other","19","English",9.16155,"S 97"
"1089",100,"","","","","",0.71,NA,"one_slider_practice","Yes","Female","19","English",14.6787333333333,"S 100"
"1090",100,"","","","","",0.56,NA,"one_slider_practice","Yes","Female","19","English",14.6787333333333,"S 100"
"1091",100,"f","l","filler","i","filler3",0.41,6,"one_slider","Yes","Female","19","English",14.6787333333333,"S 100"
"1092",100,"Y","A","YDA","D","travelagent",0.35,7,"one_slider","Yes","Female","19","English",14.6787333333333,"S 100"
"1093",100,"f","l","filler","i","filler6",0,8,"one_slider","Yes","Female","19","English",14.6787333333333,"S 100"
"1094",100,"N","I","NQI","Q","priest",1,9,"one_slider","Yes","Female","19","English",14.6787333333333,"S 100"
"1095",100,"Y","A","YQA","Q","queen",0.24,10,"one_slider","Yes","Female","19","English",14.6787333333333,"S 100"
"1096",100,"Y","I","YQI","Q","groom",0.07,11,"one_slider","Yes","Female","19","English",14.6787333333333,"S 100"
"1097",100,"Y","I","YDI","D","fan",0.48,12,"one_slider","Yes","Female","19","English",14.6787333333333,"S 100"
"1098",100,"f","l","filler","i","filler2",0.68,13,"one_slider","Yes","Female","19","English",14.6787333333333,"S 100"
"1099",100,"Y","A","YQA","Q","professor",0.15,14,"one_slider","Yes","Female","19","English",14.6787333333333,"S 100"
"1100",100,"Y","I","YDI","D","chef",0.92,15,"one_slider","Yes","Female","19","English",14.6787333333333,"S 100"
"1101",100,"N","I","NDI","D","CEO",0.93,16,"one_slider","Yes","Female","19","English",14.6787333333333,"S 100"
"1102",100,"N","I","NQI","Q","pilot",1,17,"one_slider","Yes","Female","19","English",14.6787333333333,"S 100"
"1103",100,"N","A","NQA","Q","doctor",0.17,18,"one_slider","Yes","Female","19","English",14.6787333333333,"S 100"
"1104",100,"f","l","filler","i","filler1",0.8,19,"one_slider","Yes","Female","19","English",14.6787333333333,"S 100"
"1105",100,"N","A","NQA","Q","playwright",1,20,"one_slider","Yes","Female","19","English",14.6787333333333,"S 100"
"1106",100,"Y","I","YQI","Q","conductor",0.13,21,"one_slider","Yes","Female","19","English",14.6787333333333,"S 100"
"1107",100,"N","I","NDI","D","coach",0.94,22,"one_slider","Yes","Female","19","English",14.6787333333333,"S 100"
"1108",100,"N","A","NDA","D","choreographer",0.79,23,"one_slider","Yes","Female","19","English",14.6787333333333,"S 100"
"1109",100,"f","l","filler","i","filler5",0,24,"one_slider","Yes","Female","19","English",14.6787333333333,"S 100"
"1110",100,"N","A","NDA","D","supervisor",0,25,"one_slider","Yes","Female","19","English",14.6787333333333,"S 100"
"1111",100,"Y","A","YQA","Q","stylist",0.39,26,"one_slider","Yes","Female","19","English",14.6787333333333,"S 100"
"1112",100,"N","I","NQI","Q","patient",1,27,"one_slider","Yes","Female","19","English",14.6787333333333,"S 100"
"1113",100,"Y","A","YDA","D","bartender",0.23,28,"one_slider","Yes","Female","19","English",14.6787333333333,"S 100"
"1114",100,"N","I","NDI","D","pianist",0.13,29,"one_slider","Yes","Female","19","English",14.6787333333333,"S 100"
"1115",100,"Y","A","YDA","D","artist",0.68,30,"one_slider","Yes","Female","19","English",14.6787333333333,"S 100"
"1116",100,"Y","I","YQI","Q","troopleader",1,31,"one_slider","Yes","Female","19","English",14.6787333333333,"S 100"
"1117",100,"f","l","filler","i","filler4",0,32,"one_slider","Yes","Female","19","English",14.6787333333333,"S 100"
"1118",100,"Y","I","YDI","D","scientist",0.83,33,"one_slider","Yes","Female","19","English",14.6787333333333,"S 100"
"1119",100,"N","A","NQA","Q","nutritionist",1,34,"one_slider","Yes","Female","19","English",14.6787333333333,"S 100"
"1120",100,"N","A","NDA","D","dentist",1,35,"one_slider","Yes","Female","19","English",14.6787333333333,"S 100"
"11000",147,"","","","","",0.29,NA,"one_slider_practice","Confused","Female","20","Spanish",8.1252,"E 147"
"2401",147,"","","","","",0.95,NA,"one_slider_practice","Confused","Female","20","Spanish",8.1252,"E 147"
"31000",147,"N","I","NQI","Q","patient",0.93,6,"one_slider","Confused","Female","20","Spanish",8.1252,"E 147"
"41000",147,"Y","A","YQA","Q","travelagent",0.08,7,"one_slider","Confused","Female","20","Spanish",8.1252,"E 147"
"51000",147,"N","I","NQI","Q","nutritionist",0.41,8,"one_slider","Confused","Female","20","Spanish",8.1252,"E 147"
"6345",147,"N","A","NQA","Q","pilot",0.66,9,"one_slider","Confused","Female","20","Spanish",8.1252,"E 147"
"7100",147,"f","l","filler","i","filler3",0.94,10,"one_slider","Confused","Female","20","Spanish",8.1252,"E 147"
"8100",147,"Y","I","YQI","Q","chef",0.92,11,"one_slider","Confused","Female","20","Spanish",8.1252,"E 147"
"9100",147,"N","I","NDI","D","CEO",0.94,12,"one_slider","Confused","Female","20","Spanish",8.1252,"E 147"
"10100",147,"N","I","NDI","D","dentist",0.89,13,"one_slider","Confused","Female","20","Spanish",8.1252,"E 147"
"11100",147,"Y","A","YDA","D","conductor",0.33,14,"one_slider","Confused","Female","20","Spanish",8.1252,"E 147"
"12100",147,"N","A","NDA","D","playwright",0.45,15,"one_slider","Confused","Female","20","Spanish",8.1252,"E 147"
"13100",147,"f","l","filler","i","filler4",0.93,16,"one_slider","Confused","Female","20","Spanish",8.1252,"E 147"
"14100",147,"Y","A","YQA","Q","troopleader",0.42,17,"one_slider","Confused","Female","20","Spanish",8.1252,"E 147"
"15100",147,"Y","A","YDA","D","artist",0.95,18,"one_slider","Confused","Female","20","Spanish",8.1252,"E 147"
"16100",147,"N","A","NDA","D","priest",0.96,19,"one_slider","Confused","Female","20","Spanish",8.1252,"E 147"
"17100",147,"Y","A","YDA","D","professor",0.4,20,"one_slider","Confused","Female","20","Spanish",8.1252,"E 147"
"18100",147,"Y","I","YQI","Q","scientist",0.92,21,"one_slider","Confused","Female","20","Spanish",8.1252,"E 147"
"19100",147,"f","l","filler","i","filler6",0.07,22,"one_slider","Confused","Female","20","Spanish",8.1252,"E 147"
"20100",147,"f","l","filler","i","filler5",1,23,"one_slider","Confused","Female","20","Spanish",8.1252,"E 147"
"21100",147,"Y","I","YDI","D","fan",0.88,24,"one_slider","Confused","Female","20","Spanish",8.1252,"E 147"
"22100",147,"f","l","filler","i","filler1",0.96,25,"one_slider","Confused","Female","20","Spanish",8.1252,"E 147"
"23100",147,"Y","I","YQI","Q","supervisor",0.7,26,"one_slider","Confused","Female","20","Spanish",8.1252,"E 147"
"24100",147,"Y","I","YDI","D","choreographer",0.95,27,"one_slider","Confused","Female","20","Spanish",8.1252,"E 147"
"25100",147,"N","I","NDI","D","stylist",0.94,28,"one_slider","Confused","Female","20","Spanish",8.1252,"E 147"
"26100",147,"N","A","NQA","Q","pianist",0.97,29,"one_slider","Confused","Female","20","Spanish",8.1252,"E 147"
"27100",147,"N","I","NQI","Q","groom",0.99,30,"one_slider","Confused","Female","20","Spanish",8.1252,"E 147"
"28100",147,"f","l","filler","i","filler2",0.9,31,"one_slider","Confused","Female","20","Spanish",8.1252,"E 147"
"29100",147,"Y","A","YQA","Q","queen",0.98,32,"one_slider","Confused","Female","20","Spanish",8.1252,"E 147"
"30100",147,"N","A","NQA","Q","doctor",0.7,33,"one_slider","Confused","Female","20","Spanish",8.1252,"E 147"
"31100",147,"N","A","NDA","D","coach",0.94,34,"one_slider","Confused","Female","20","Spanish",8.1252,"E 147"
"32100",147,"Y","I","YDI","D","bartender",0.77,35,"one_slider","Confused","Female","20","Spanish",8.1252,"E 147"
"33100",424,"","","","","",1,NA,"one_slider_practice","Yes","Female","22","Tagalog",92.7593666666667,"E 424"
"34100",424,"","","","","",0.71,NA,"one_slider_practice","Yes","Female","22","Tagalog",92.7593666666667,"E 424"
"35100",424,"f","l","filler","i","filler3",0.94,6,"one_slider","Yes","Female","22","Tagalog",92.7593666666667,"E 424"
"36100",424,"Y","A","YDA","D","fan",0.24,7,"one_slider","Yes","Female","22","Tagalog",92.7593666666667,"E 424"
"37100",424,"Y","A","YQA","Q","dentist",0.33,8,"one_slider","Yes","Female","22","Tagalog",92.7593666666667,"E 424"
"38100",424,"Y","A","YQA","Q","travelagent",0.28,9,"one_slider","Yes","Female","22","Tagalog",92.7593666666667,"E 424"
"39100",424,"N","A","NDA","D","coach",0.44,10,"one_slider","Yes","Female","22","Tagalog",92.7593666666667,"E 424"
"40100",424,"f","l","filler","i","filler2",0.87,11,"one_slider","Yes","Female","22","Tagalog",92.7593666666667,"E 424"
"41100",424,"N","A","NDA","D","groom",1,12,"one_slider","Yes","Female","22","Tagalog",92.7593666666667,"E 424"
"42100",424,"Y","A","YDA","D","supervisor",0,13,"one_slider","Yes","Female","22","Tagalog",92.7593666666667,"E 424"
"43100",424,"N","I","NDI","D","priest",0.83,14,"one_slider","Yes","Female","22","Tagalog",92.7593666666667,"E 424"
"44100",424,"N","A","NQA","Q","pianist",0.96,15,"one_slider","Yes","Female","22","Tagalog",92.7593666666667,"E 424"
"45100",424,"N","I","NDI","D","doctor",0.3,16,"one_slider","Yes","Female","22","Tagalog",92.7593666666667,"E 424"
"46100",424,"f","l","filler","i","filler1",1,17,"one_slider","Yes","Female","22","Tagalog",92.7593666666667,"E 424"
"47100",424,"f","l","filler","i","filler6",0,18,"one_slider","Yes","Female","22","Tagalog",92.7593666666667,"E 424"
"48100",424,"N","I","NQI","Q","artist",0.95,19,"one_slider","Yes","Female","22","Tagalog",92.7593666666667,"E 424"
"49100",424,"N","I","NDI","D","professor",1,20,"one_slider","Yes","Female","22","Tagalog",92.7593666666667,"E 424"
"50100",424,"N","A","NQA","Q","scientist",1,21,"one_slider","Yes","Female","22","Tagalog",92.7593666666667,"E 424"
"51100",424,"Y","A","YQA","Q","choreographer",0.27,22,"one_slider","Yes","Female","22","Tagalog",92.7593666666667,"E 424"
"52100",424,"f","l","filler","i","filler5",0,23,"one_slider","Yes","Female","22","Tagalog",92.7593666666667,"E 424"
"53100",424,"Y","I","YDI","D","bartender",0.25,24,"one_slider","Yes","Female","22","Tagalog",92.7593666666667,"E 424"
"54100",424,"Y","A","YDA","D","stylist",0.9,25,"one_slider","Yes","Female","22","Tagalog",92.7593666666667,"E 424"
"55100",424,"Y","I","YDI","D","pilot",0.36,26,"one_slider","Yes","Female","22","Tagalog",92.7593666666667,"E 424"
"56100",424,"N","I","NQI","Q","CEO",0.72,27,"one_slider","Yes","Female","22","Tagalog",92.7593666666667,"E 424"
"57100",424,"Y","I","YQI","Q","conductor",0.9,28,"one_slider","Yes","Female","22","Tagalog",92.7593666666667,"E 424"
"58100",424,"Y","I","YDI","D","chef",1,29,"one_slider","Yes","Female","22","Tagalog",92.7593666666667,"E 424"
"59100",424,"f","l","filler","i","filler4",0.17,30,"one_slider","Yes","Female","22","Tagalog",92.7593666666667,"E 424"
"60100",424,"N","A","NDA","D","queen",1,31,"one_slider","Yes","Female","22","Tagalog",92.7593666666667,"E 424"
"61100",424,"N","A","NQA","Q","troopleader",0.81,32,"one_slider","Yes","Female","22","Tagalog",92.7593666666667,"E 424"
"62100",424,"Y","I","YQI","Q","playwright",0.69,33,"one_slider","Yes","Female","22","Tagalog",92.7593666666667,"E 424"
"6346",424,"Y","I","YQI","Q","patient",0.27,34,"one_slider","Yes","Female","22","Tagalog",92.7593666666667,"E 424"
"6410",424,"N","I","NQI","Q","nutritionist",0.84,35,"one_slider","Yes","Female","22","Tagalog",92.7593666666667,"E 424"
"6510",146,"","","","","",0.28,NA,"one_slider_practice","Yes","Female","19","English, Korean",3.60848333333333,"E 146"
"6610",146,"","","","","",0.38,NA,"one_slider_practice","Yes","Female","19","English, Korean",3.60848333333333,"E 146"
"6710",146,"Y","I","YDI","D","scientist",0.57,6,"one_slider","Yes","Female","19","English, Korean",3.60848333333333,"E 146"
"6810",146,"f","l","filler","i","filler1",0.5,7,"one_slider","Yes","Female","19","English, Korean",3.60848333333333,"E 146"
"6910",146,"N","A","NQA","Q","chef",0.67,8,"one_slider","Yes","Female","19","English, Korean",3.60848333333333,"E 146"
"7010",146,"N","I","NDI","D","dentist",0.64,9,"one_slider","Yes","Female","19","English, Korean",3.60848333333333,"E 146"
"7110",146,"Y","I","YDI","D","queen",0.65,10,"one_slider","Yes","Female","19","English, Korean",3.60848333333333,"E 146"
"7210",146,"f","l","filler","i","filler5",0.26,11,"one_slider","Yes","Female","19","English, Korean",3.60848333333333,"E 146"
"7310",146,"Y","A","YQA","Q","doctor",0.5,12,"one_slider","Yes","Female","19","English, Korean",3.60848333333333,"E 146"
"7410",146,"N","I","NDI","D","groom",0.69,13,"one_slider","Yes","Female","19","English, Korean",3.60848333333333,"E 146"
"7510",146,"f","l","filler","i","filler6",0.43,14,"one_slider","Yes","Female","19","English, Korean",3.60848333333333,"E 146"
"7610",146,"f","l","filler","i","filler2",0.2,15,"one_slider","Yes","Female","19","English, Korean",3.60848333333333,"E 146"
"7710",146,"Y","A","YDA","D","travelagent",0.24,16,"one_slider","Yes","Female","19","English, Korean",3.60848333333333,"E 146"
"7810",146,"N","I","NQI","Q","nutritionist",0.62,17,"one_slider","Yes","Female","19","English, Korean",3.60848333333333,"E 146"
"7910",146,"Y","I","YQI","Q","stylist",0.57,18,"one_slider","Yes","Female","19","English, Korean",3.60848333333333,"E 146"
"8010",146,"Y","I","YDI","D","troopleader",0.09,19,"one_slider","Yes","Female","19","English, Korean",3.60848333333333,"E 146"
"8110",146,"Y","A","YQA","Q","bartender",0.42,20,"one_slider","Yes","Female","19","English, Korean",3.60848333333333,"E 146"
"8210",146,"Y","A","YDA","D","artist",0.58,21,"one_slider","Yes","Female","19","English, Korean",3.60848333333333,"E 146"
"8310",146,"f","l","filler","i","filler3",0.89,22,"one_slider","Yes","Female","19","English, Korean",3.60848333333333,"E 146"
"8410",146,"Y","I","YQI","Q","CEO",0.28,23,"one_slider","Yes","Female","19","English, Korean",3.60848333333333,"E 146"
"8510",146,"Y","I","YQI","Q","patient",0.62,24,"one_slider","Yes","Female","19","English, Korean",3.60848333333333,"E 146"
"8610",146,"N","I","NDI","D","choreographer",0.44,25,"one_slider","Yes","Female","19","English, Korean",3.60848333333333,"E 146"
"8710",146,"N","I","NQI","Q","supervisor",0.3,26,"one_slider","Yes","Female","19","English, Korean",3.60848333333333,"E 146"
"8810",146,"N","A","NQA","Q","fan",0.3,27,"one_slider","Yes","Female","19","English, Korean",3.60848333333333,"E 146"
"8910",146,"N","A","NDA","D","playwright",0.51,28,"one_slider","Yes","Female","19","English, Korean",3.60848333333333,"E 146"
"9010",146,"N","A","NDA","D","pianist",0.57,29,"one_slider","Yes","Female","19","English, Korean",3.60848333333333,"E 146"
"9110",146,"N","I","NQI","Q","priest",0.55,30,"one_slider","Yes","Female","19","English, Korean",3.60848333333333,"E 146"
"9210",146,"Y","A","YQA","Q","conductor",0.25,31,"one_slider","Yes","Female","19","English, Korean",3.60848333333333,"E 146"
"9310",146,"f","l","filler","i","filler4",0.34,32,"one_slider","Yes","Female","19","English, Korean",3.60848333333333,"E 146"
"9410",146,"Y","A","YDA","D","pilot",0.31,33,"one_slider","Yes","Female","19","English, Korean",3.60848333333333,"E 146"
"9510",146,"N","A","NDA","D","coach",0.32,34,"one_slider","Yes","Female","19","English, Korean",3.60848333333333,"E 146"
"9610",146,"N","A","NQA","Q","professor",0.42,35,"one_slider","Yes","Female","19","English, Korean",3.60848333333333,"E 146"
"9710",174,"","","","","",0.64,NA,"one_slider_practice","Yes","Male","20","English",26.3283,"E 174"
"9810",174,"","","","","",1,NA,"one_slider_practice","Yes","Male","20","English",26.3283,"E 174"
"9910",174,"Y","A","YQA","Q","priest",0.11,6,"one_slider","Yes","Male","20","English",26.3283,"E 174"
"10010",174,"Y","A","YQA","Q","groom",0.13,7,"one_slider","Yes","Male","20","English",26.3283,"E 174"
"10110",174,"Y","A","YDA","D","pianist",0.55,8,"one_slider","Yes","Male","20","English",26.3283,"E 174"
"10210",174,"f","l","filler","i","filler3",0.89,9,"one_slider","Yes","Male","20","English",26.3283,"E 174"
"10310",174,"N","I","NQI","Q","CEO",0.7,10,"one_slider","Yes","Male","20","English",26.3283,"E 174"
"10410",174,"N","A","NDA","D","pilot",0.62,11,"one_slider","Yes","Male","20","English",26.3283,"E 174"
"10510",174,"Y","I","YQI","Q","stylist",0.82,12,"one_slider","Yes","Male","20","English",26.3283,"E 174"
"10610",174,"N","I","NDI","D","nutritionist",1,13,"one_slider","Yes","Male","20","English",26.3283,"E 174"
"10710",174,"N","A","NDA","D","patient",1,14,"one_slider","Yes","Male","20","English",26.3283,"E 174"
"10810",174,"N","A","NQA","Q","chef",0.83,15,"one_slider","Yes","Male","20","English",26.3283,"E 174"
"10910",174,"Y","A","YDA","D","troopleader",1,16,"one_slider","Yes","Male","20","English",26.3283,"E 174"
"11010",174,"N","A","NDA","D","dentist",1,17,"one_slider","Yes","Male","20","English",26.3283,"E 174"
"11110",174,"Y","I","YQI","Q","coach",0.21,18,"one_slider","Yes","Male","20","English",26.3283,"E 174"
"11210",174,"f","l","filler","i","filler4",0.35,19,"one_slider","Yes","Male","20","English",26.3283,"E 174"
"11310",174,"Y","I","YDI","D","queen",0.61,20,"one_slider","Yes","Male","20","English",26.3283,"E 174"
"11410",174,"N","I","NQI","Q","bartender",1,21,"one_slider","Yes","Male","20","English",26.3283,"E 174"
"11510",174,"N","I","NDI","D","scientist",1,22,"one_slider","Yes","Male","20","English",26.3283,"E 174"
"11610",174,"f","l","filler","i","filler2",0.21,23,"one_slider","Yes","Male","20","English",26.3283,"E 174"
"11710",174,"N","I","NDI","D","playwright",0.68,24,"one_slider","Yes","Male","20","English",26.3283,"E 174"
"11810",174,"Y","I","YQI","Q","travelagent",0.71,25,"one_slider","Yes","Male","20","English",26.3283,"E 174"
"11910",174,"Y","I","YDI","D","choreographer",0.74,26,"one_slider","Yes","Male","20","English",26.3283,"E 174"
"12010",174,"f","l","filler","i","filler1",1,27,"one_slider","Yes","Male","20","English",26.3283,"E 174"
"12110",174,"Y","I","YDI","D","artist",1,28,"one_slider","Yes","Male","20","English",26.3283,"E 174"
"12210",174,"Y","A","YQA","Q","conductor",0.22,29,"one_slider","Yes","Male","20","English",26.3283,"E 174"
"12310",174,"N","A","NQA","Q","supervisor",1,30,"one_slider","Yes","Male","20","English",26.3283,"E 174"
"12410",174,"N","I","NQI","Q","professor",0.91,31,"one_slider","Yes","Male","20","English",26.3283,"E 174"
"12510",174,"Y","A","YDA","D","fan",0.58,32,"one_slider","Yes","Male","20","English",26.3283,"E 174"
"12610",174,"f","l","filler","i","filler6",0,33,"one_slider","Yes","Male","20","English",26.3283,"E 174"
"12710",174,"f","l","filler","i","filler5",0,34,"one_slider","Yes","Male","20","English",26.3283,"E 174"
"12810",174,"N","A","NQA","Q","doctor",1,35,"one_slider","Yes","Male","20","English",26.3283,"E 174"
"12910",350,"","","","","",0.41,NA,"one_slider_practice","Confused","Female","19","spanish",20.1463666666667,"E 350"
"13010",350,"","","","","",0.68,NA,"one_slider_practice","Confused","Female","19","spanish",20.1463666666667,"E 350"
"13110",350,"Y","A","YDA","D","nutritionist",0.68,6,"one_slider","Confused","Female","19","spanish",20.1463666666667,"E 350"
"13210",350,"N","A","NDA","D","doctor",0.69,7,"one_slider","Confused","Female","19","spanish",20.1463666666667,"E 350"
"13310",350,"f","l","filler","i","filler4",0.87,8,"one_slider","Confused","Female","19","spanish",20.1463666666667,"E 350"
"13410",350,"Y","A","YQA","Q","bartender",0.93,9,"one_slider","Confused","Female","19","spanish",20.1463666666667,"E 350"
"13510",350,"Y","I","YDI","D","queen",0.94,10,"one_slider","Confused","Female","19","spanish",20.1463666666667,"E 350"
"13610",350,"f","l","filler","i","filler1",0.3,11,"one_slider","Confused","Female","19","spanish",20.1463666666667,"E 350"
"13710",350,"N","A","NDA","D","chef",0.84,12,"one_slider","Confused","Female","19","spanish",20.1463666666667,"E 350"
"13810",350,"Y","A","YDA","D","travelagent",0.5,13,"one_slider","Confused","Female","19","spanish",20.1463666666667,"E 350"
"13910",350,"N","I","NQI","Q","groom",0.63,14,"one_slider","Confused","Female","19","spanish",20.1463666666667,"E 350"
"14010",350,"Y","I","YQI","Q","supervisor",0.42,15,"one_slider","Confused","Female","19","spanish",20.1463666666667,"E 350"
"14110",350,"Y","I","YQI","Q","patient",0.6,16,"one_slider","Confused","Female","19","spanish",20.1463666666667,"E 350"
"14210",350,"N","I","NDI","D","professor",0.51,17,"one_slider","Confused","Female","19","spanish",20.1463666666667,"E 350"
"14310",350,"f","l","filler","i","filler5",0.13,18,"one_slider","Confused","Female","19","spanish",20.1463666666667,"E 350"
"14410",350,"N","I","NDI","D","playwright",0.77,19,"one_slider","Confused","Female","19","spanish",20.1463666666667,"E 350"
"14510",350,"Y","A","YDA","D","dentist",0.53,20,"one_slider","Confused","Female","19","spanish",20.1463666666667,"E 350"
"14610",350,"Y","A","YQA","Q","choreographer",0.79,21,"one_slider","Confused","Female","19","spanish",20.1463666666667,"E 350"
"14710",350,"f","l","filler","i","filler3",0.83,22,"one_slider","Confused","Female","19","spanish",20.1463666666667,"E 350"
"14810",350,"N","A","NDA","D","CEO",0.52,23,"one_slider","Confused","Female","19","spanish",20.1463666666667,"E 350"
"14910",350,"f","l","filler","i","filler6",0.73,24,"one_slider","Confused","Female","19","spanish",20.1463666666667,"E 350"
"15010",350,"N","A","NQA","Q","pilot",0.27,25,"one_slider","Confused","Female","19","spanish",20.1463666666667,"E 350"
"15110",350,"Y","A","YQA","Q","stylist",0.74,26,"one_slider","Confused","Female","19","spanish",20.1463666666667,"E 350"
"15210",350,"N","I","NQI","Q","troopleader",0.28,27,"one_slider","Confused","Female","19","spanish",20.1463666666667,"E 350"
"15310",350,"Y","I","YQI","Q","coach",0.69,28,"one_slider","Confused","Female","19","spanish",20.1463666666667,"E 350"
"15410",350,"f","l","filler","i","filler2",0.53,29,"one_slider","Confused","Female","19","spanish",20.1463666666667,"E 350"
"15510",350,"N","I","NDI","D","artist",0.86,30,"one_slider","Confused","Female","19","spanish",20.1463666666667,"E 350"
"15610",350,"N","I","NQI","Q","fan",0.95,31,"one_slider","Confused","Female","19","spanish",20.1463666666667,"E 350"
"15710",350,"Y","I","YDI","D","priest",0.31,32,"one_slider","Confused","Female","19","spanish",20.1463666666667,"E 350"
"15810",350,"N","A","NQA","Q","pianist",0.53,33,"one_slider","Confused","Female","19","spanish",20.1463666666667,"E 350"
"15910",350,"N","A","NQA","Q","scientist",0.92,34,"one_slider","Confused","Female","19","spanish",20.1463666666667,"E 350"
"16010",350,"Y","I","YDI","D","conductor",0.89,35,"one_slider","Confused","Female","19","spanish",20.1463666666667,"E 350"
"16110",527,"","","","","",0.94,NA,"one_slider_practice","Yes","Female","22","Vietnamese",12.8992833333333,"E 527"
"16210",527,"","","","","",0.34,NA,"one_slider_practice","Yes","Female","22","Vietnamese",12.8992833333333,"E 527"
"16310",527,"Y","I","YDI","D","queen",0.04,6,"one_slider","Yes","Female","22","Vietnamese",12.8992833333333,"E 527"
"16410",527,"Y","I","YDI","D","groom",0.39,7,"one_slider","Yes","Female","22","Vietnamese",12.8992833333333,"E 527"
"16510",527,"N","I","NQI","Q","coach",0.77,8,"one_slider","Yes","Female","22","Vietnamese",12.8992833333333,"E 527"
"16610",527,"f","l","filler","i","filler1",0.96,9,"one_slider","Yes","Female","22","Vietnamese",12.8992833333333,"E 527"
"16710",527,"N","A","NDA","D","stylist",0.78,10,"one_slider","Yes","Female","22","Vietnamese",12.8992833333333,"E 527"
"16810",527,"Y","A","YQA","Q","conductor",0.62,11,"one_slider","Yes","Female","22","Vietnamese",12.8992833333333,"E 527"
"16910",527,"Y","A","YQA","Q","travelagent",0.36,12,"one_slider","Yes","Female","22","Vietnamese",12.8992833333333,"E 527"
"17010",527,"N","I","NDI","D","scientist",0.98,13,"one_slider","Yes","Female","22","Vietnamese",12.8992833333333,"E 527"
"17110",527,"N","A","NQA","Q","choreographer",0.03,14,"one_slider","Yes","Female","22","Vietnamese",12.8992833333333,"E 527"
"17210",527,"Y","A","YDA","D","professor",0.94,15,"one_slider","Yes","Female","22","Vietnamese",12.8992833333333,"E 527"
"17310",527,"N","I","NDI","D","CEO",0.8,16,"one_slider","Yes","Female","22","Vietnamese",12.8992833333333,"E 527"
"17410",527,"Y","A","YDA","D","dentist",0.55,17,"one_slider","Yes","Female","22","Vietnamese",12.8992833333333,"E 527"
"17510",527,"Y","I","YQI","Q","pianist",0.03,18,"one_slider","Yes","Female","22","Vietnamese",12.8992833333333,"E 527"
"17610",527,"N","I","NDI","D","bartender",0.79,19,"one_slider","Yes","Female","22","Vietnamese",12.8992833333333,"E 527"
"17710",527,"f","l","filler","i","filler4",0.65,20,"one_slider","Yes","Female","22","Vietnamese",12.8992833333333,"E 527"
"17810",527,"N","I","NQI","Q","priest",0.85,21,"one_slider","Yes","Female","22","Vietnamese",12.8992833333333,"E 527"
"17910",527,"Y","I","YQI","Q","supervisor",0.73,22,"one_slider","Yes","Female","22","Vietnamese",12.8992833333333,"E 527"
"18010",527,"f","l","filler","i","filler6",0.71,23,"one_slider","Yes","Female","22","Vietnamese",12.8992833333333,"E 527"
"18110",527,"N","A","NQA","Q","artist",0.87,24,"one_slider","Yes","Female","22","Vietnamese",12.8992833333333,"E 527"
"18210",527,"Y","A","YDA","D","troopleader",0.69,25,"one_slider","Yes","Female","22","Vietnamese",12.8992833333333,"E 527"
"18310",527,"Y","A","YQA","Q","doctor",0.76,26,"one_slider","Yes","Female","22","Vietnamese",12.8992833333333,"E 527"
"18410",527,"N","A","NDA","D","nutritionist",0.66,27,"one_slider","Yes","Female","22","Vietnamese",12.8992833333333,"E 527"
"18510",527,"Y","I","YDI","D","fan",0.75,28,"one_slider","Yes","Female","22","Vietnamese",12.8992833333333,"E 527"
"18610",527,"f","l","filler","i","filler5",0.13,29,"one_slider","Yes","Female","22","Vietnamese",12.8992833333333,"E 527"
"18710",527,"Y","I","YQI","Q","chef",0.74,30,"one_slider","Yes","Female","22","Vietnamese",12.8992833333333,"E 527"
"18810",527,"f","l","filler","i","filler2",0.77,31,"one_slider","Yes","Female","22","Vietnamese",12.8992833333333,"E 527"
"18910",527,"N","I","NQI","Q","playwright",0.74,32,"one_slider","Yes","Female","22","Vietnamese",12.8992833333333,"E 527"
"19010",527,"N","A","NDA","D","pilot",0.77,33,"one_slider","Yes","Female","22","Vietnamese",12.8992833333333,"E 527"
"19110",527,"f","l","filler","i","filler3",0.84,34,"one_slider","Yes","Female","22","Vietnamese",12.8992833333333,"E 527"
"19210",527,"N","A","NQA","Q","patient",0.6,35,"one_slider","Yes","Female","22","Vietnamese",12.8992833333333,"E 527"
"19310",165,"","","","","",0.7,NA,"one_slider_practice","Yes","Male","22","Spanish, English",14.96425,"E 165"
"19410",165,"","","","","",1,NA,"one_slider_practice","Yes","Male","22","Spanish, English",14.96425,"E 165"
"19510",165,"f","l","filler","i","filler3",1,6,"one_slider","Yes","Male","22","Spanish, English",14.96425,"E 165"
"19610",165,"N","A","NQA","Q","CEO",0.95,7,"one_slider","Yes","Male","22","Spanish, English",14.96425,"E 165"
"19710",165,"f","l","filler","i","filler4",0.33,8,"one_slider","Yes","Male","22","Spanish, English",14.96425,"E 165"
"19810",165,"Y","I","YDI","D","chef",0.07,9,"one_slider","Yes","Male","22","Spanish, English",14.96425,"E 165"
"19910",165,"Y","I","YDI","D","patient",0.07,10,"one_slider","Yes","Male","22","Spanish, English",14.96425,"E 165"
"20010",165,"N","A","NDA","D","doctor",0.98,11,"one_slider","Yes","Male","22","Spanish, English",14.96425,"E 165"
"20110",165,"Y","A","YQA","Q","pilot",0.7,12,"one_slider","Yes","Male","22","Spanish, English",14.96425,"E 165"
"20210",165,"N","I","NQI","Q","coach",0.99,13,"one_slider","Yes","Male","22","Spanish, English",14.96425,"E 165"
"20310",165,"Y","A","YDA","D","troopleader",0.96,14,"one_slider","Yes","Male","22","Spanish, English",14.96425,"E 165"
"20410",165,"N","A","NQA","Q","professor",0.99,15,"one_slider","Yes","Male","22","Spanish, English",14.96425,"E 165"
"20510",165,"Y","A","YQA","Q","groom",0.96,16,"one_slider","Yes","Male","22","Spanish, English",14.96425,"E 165"
"20610",165,"Y","I","YQI","Q","pianist",0.44,17,"one_slider","Yes","Male","22","Spanish, English",14.96425,"E 165"
"20710",165,"f","l","filler","i","filler1",0.93,18,"one_slider","Yes","Male","22","Spanish, English",14.96425,"E 165"
"20810",165,"f","l","filler","i","filler5",0,19,"one_slider","Yes","Male","22","Spanish, English",14.96425,"E 165"
"20910",165,"Y","A","YDA","D","playwright",0.99,20,"one_slider","Yes","Male","22","Spanish, English",14.96425,"E 165"
"21010",165,"N","I","NDI","D","nutritionist",0.98,21,"one_slider","Yes","Male","22","Spanish, English",14.96425,"E 165"
"21110",165,"N","A","NQA","Q","supervisor",0.89,22,"one_slider","Yes","Male","22","Spanish, English",14.96425,"E 165"
"21210",165,"f","l","filler","i","filler2",1,23,"one_slider","Yes","Male","22","Spanish, English",14.96425,"E 165"
"21310",165,"Y","I","YDI","D","conductor",0,24,"one_slider","Yes","Male","22","Spanish, English",14.96425,"E 165"
"21410",165,"N","I","NDI","D","dentist",0,25,"one_slider","Yes","Male","22","Spanish, English",14.96425,"E 165"
"21510",165,"Y","I","YQI","Q","stylist",0.2,26,"one_slider","Yes","Male","22","Spanish, English",14.96425,"E 165"
"21610",165,"Y","A","YDA","D","choreographer",1,27,"one_slider","Yes","Male","22","Spanish, English",14.96425,"E 165"
"21710",165,"N","I","NDI","D","scientist",1,28,"one_slider","Yes","Male","22","Spanish, English",14.96425,"E 165"
"21810",165,"N","I","NQI","Q","priest",1,29,"one_slider","Yes","Male","22","Spanish, English",14.96425,"E 165"
"21910",165,"N","A","NDA","D","fan",1,30,"one_slider","Yes","Male","22","Spanish, English",14.96425,"E 165"
"22010",165,"Y","I","YQI","Q","queen",0.08,31,"one_slider","Yes","Male","22","Spanish, English",14.96425,"E 165"
"22110",165,"N","A","NDA","D","artist",0,32,"one_slider","Yes","Male","22","Spanish, English",14.96425,"E 165"
"22210",165,"f","l","filler","i","filler6",0,33,"one_slider","Yes","Male","22","Spanish, English",14.96425,"E 165"
"22310",165,"N","I","NQI","Q","travelagent",1,34,"one_slider","Yes","Male","22","Spanish, English",14.96425,"E 165"
"22410",165,"Y","A","YQA","Q","bartender",1,35,"one_slider","Yes","Male","22","Spanish, English",14.96425,"E 165"
"22510",183,"","","","","",0.77,NA,"one_slider_practice","Yes","Female","21","English",10.87085,"E 183"
"22610",183,"","","","","",0.96,NA,"one_slider_practice","Yes","Female","21","English",10.87085,"E 183"
"22710",183,"N","A","NDA","D","coach",0.96,6,"one_slider","Yes","Female","21","English",10.87085,"E 183"
"22810",183,"Y","A","YQA","Q","pilot",0.25,7,"one_slider","Yes","Female","21","English",10.87085,"E 183"
"22910",183,"Y","I","YQI","Q","doctor",0.28,8,"one_slider","Yes","Female","21","English",10.87085,"E 183"
"23010",183,"Y","I","YDI","D","priest",0.26,9,"one_slider","Yes","Female","21","English",10.87085,"E 183"
"23110",183,"N","A","NDA","D","bartender",0.84,10,"one_slider","Yes","Female","21","English",10.87085,"E 183"
"23210",183,"f","l","filler","i","filler4",0.27,11,"one_slider","Yes","Female","21","English",10.87085,"E 183"
"23310",183,"Y","A","YDA","D","dentist",0.28,12,"one_slider","Yes","Female","21","English",10.87085,"E 183"
"23410",183,"Y","A","YQA","Q","scientist",0.29,13,"one_slider","Yes","Female","21","English",10.87085,"E 183"
"23510",183,"Y","I","YQI","Q","CEO",0.26,14,"one_slider","Yes","Female","21","English",10.87085,"E 183"
"23610",183,"N","I","NDI","D","queen",0.96,15,"one_slider","Yes","Female","21","English",10.87085,"E 183"
"23710",183,"N","I","NDI","D","fan",0.76,16,"one_slider","Yes","Female","21","English",10.87085,"E 183"
"23810",183,"N","I","NQI","Q","troopleader",0.32,17,"one_slider","Yes","Female","21","English",10.87085,"E 183"
"23910",183,"Y","I","YQI","Q","stylist",0.39,18,"one_slider","Yes","Female","21","English",10.87085,"E 183"
"2402",183,"f","l","filler","i","filler5",0.03,19,"one_slider","Yes","Female","21","English",10.87085,"E 183"
"24110",183,"Y","A","YDA","D","groom",0.57,20,"one_slider","Yes","Female","21","English",10.87085,"E 183"
"24210",183,"N","I","NQI","Q","supervisor",0.67,21,"one_slider","Yes","Female","21","English",10.87085,"E 183"
"24310",183,"f","l","filler","i","filler2",0.94,22,"one_slider","Yes","Female","21","English",10.87085,"E 183"
"24410",183,"f","l","filler","i","filler3",0.97,23,"one_slider","Yes","Female","21","English",10.87085,"E 183"
"24510",183,"N","I","NDI","D","conductor",0.84,24,"one_slider","Yes","Female","21","English",10.87085,"E 183"
"24610",183,"Y","A","YDA","D","patient",0.4,25,"one_slider","Yes","Female","21","English",10.87085,"E 183"
"24710",183,"N","I","NQI","Q","professor",0.94,26,"one_slider","Yes","Female","21","English",10.87085,"E 183"
"24810",183,"N","A","NQA","Q","choreographer",0.75,27,"one_slider","Yes","Female","21","English",10.87085,"E 183"
"24910",183,"f","l","filler","i","filler6",0,28,"one_slider","Yes","Female","21","English",10.87085,"E 183"
"25010",183,"Y","A","YQA","Q","travelagent",0.58,29,"one_slider","Yes","Female","21","English",10.87085,"E 183"
"25110",183,"Y","I","YDI","D","pianist",0.8,30,"one_slider","Yes","Female","21","English",10.87085,"E 183"
"25210",183,"Y","I","YDI","D","artist",0.73,31,"one_slider","Yes","Female","21","English",10.87085,"E 183"
"25310",183,"N","A","NQA","Q","nutritionist",0.88,32,"one_slider","Yes","Female","21","English",10.87085,"E 183"
"25410",183,"N","A","NQA","Q","playwright",0.92,33,"one_slider","Yes","Female","21","English",10.87085,"E 183"
"25510",183,"N","A","NDA","D","chef",0.95,34,"one_slider","Yes","Female","21","English",10.87085,"E 183"
"25610",183,"f","l","filler","i","filler1",0.94,35,"one_slider","Yes","Female","21","English",10.87085,"E 183"
"25710",375,"","","","","",0.29,NA,"one_slider_practice","Yes","Female","21","English, Spanish",10.1241333333333,"E 375"
"25810",375,"","","","","",0.49,NA,"one_slider_practice","Yes","Female","21","English, Spanish",10.1241333333333,"E 375"
"25910",375,"Y","I","YDI","D","doctor",0.22,6,"one_slider","Yes","Female","21","English, Spanish",10.1241333333333,"E 375"
"26010",375,"f","l","filler","i","filler5",0,7,"one_slider","Yes","Female","21","English, Spanish",10.1241333333333,"E 375"
"26110",375,"Y","I","YDI","D","groom",0.68,8,"one_slider","Yes","Female","21","English, Spanish",10.1241333333333,"E 375"
"26210",375,"N","A","NDA","D","choreographer",0.35,9,"one_slider","Yes","Female","21","English, Spanish",10.1241333333333,"E 375"
"26310",375,"N","I","NDI","D","stylist",0.75,10,"one_slider","Yes","Female","21","English, Spanish",10.1241333333333,"E 375"
"26410",375,"N","I","NDI","D","conductor",1,11,"one_slider","Yes","Female","21","English, Spanish",10.1241333333333,"E 375"
"26510",375,"N","I","NQI","Q","bartender",0.38,12,"one_slider","Yes","Female","21","English, Spanish",10.1241333333333,"E 375"
"26610",375,"f","l","filler","i","filler1",1,13,"one_slider","Yes","Female","21","English, Spanish",10.1241333333333,"E 375"
"26710",375,"f","l","filler","i","filler3",0.67,14,"one_slider","Yes","Female","21","English, Spanish",10.1241333333333,"E 375"
"26810",375,"f","l","filler","i","filler2",1,15,"one_slider","Yes","Female","21","English, Spanish",10.1241333333333,"E 375"
"26910",375,"Y","A","YDA","D","coach",0.12,16,"one_slider","Yes","Female","21","English, Spanish",10.1241333333333,"E 375"
"27010",375,"Y","I","YQI","Q","pilot",0.65,17,"one_slider","Yes","Female","21","English, Spanish",10.1241333333333,"E 375"
"27110",375,"N","I","NQI","Q","scientist",1,18,"one_slider","Yes","Female","21","English, Spanish",10.1241333333333,"E 375"
"27210",375,"Y","A","YDA","D","patient",0.33,19,"one_slider","Yes","Female","21","English, Spanish",10.1241333333333,"E 375"
"27310",375,"Y","A","YQA","Q","fan",0.5,20,"one_slider","Yes","Female","21","English, Spanish",10.1241333333333,"E 375"
"27410",375,"N","A","NQA","Q","nutritionist",0.81,21,"one_slider","Yes","Female","21","English, Spanish",10.1241333333333,"E 375"
"27510",375,"N","A","NDA","D","priest",0.8,22,"one_slider","Yes","Female","21","English, Spanish",10.1241333333333,"E 375"
"27610",375,"N","I","NDI","D","queen",0.34,23,"one_slider","Yes","Female","21","English, Spanish",10.1241333333333,"E 375"
"27710",375,"Y","I","YQI","Q","CEO",0.17,24,"one_slider","Yes","Female","21","English, Spanish",10.1241333333333,"E 375"
"27810",375,"Y","I","YQI","Q","artist",0.67,25,"one_slider","Yes","Female","21","English, Spanish",10.1241333333333,"E 375"
"27910",375,"Y","A","YQA","Q","chef",0.26,26,"one_slider","Yes","Female","21","English, Spanish",10.1241333333333,"E 375"
"28010",375,"N","A","NQA","Q","professor",0.78,27,"one_slider","Yes","Female","21","English, Spanish",10.1241333333333,"E 375"
"28110",375,"N","I","NQI","Q","travelagent",0.75,28,"one_slider","Yes","Female","21","English, Spanish",10.1241333333333,"E 375"
"28210",375,"Y","I","YDI","D","supervisor",0,29,"one_slider","Yes","Female","21","English, Spanish",10.1241333333333,"E 375"
"28310",375,"f","l","filler","i","filler6",0,30,"one_slider","Yes","Female","21","English, Spanish",10.1241333333333,"E 375"
"28410",375,"f","l","filler","i","filler4",0,31,"one_slider","Yes","Female","21","English, Spanish",10.1241333333333,"E 375"
"28510",375,"Y","A","YDA","D","pianist",0.35,32,"one_slider","Yes","Female","21","English, Spanish",10.1241333333333,"E 375"
"28610",375,"N","A","NQA","Q","dentist",0.51,33,"one_slider","Yes","Female","21","English, Spanish",10.1241333333333,"E 375"
"28710",375,"N","A","NDA","D","playwright",0.65,34,"one_slider","Yes","Female","21","English, Spanish",10.1241333333333,"E 375"
"28810",375,"Y","A","YQA","Q","troopleader",0.26,35,"one_slider","Yes","Female","21","English, Spanish",10.1241333333333,"E 375"
"28910",225,"","","","","",0.94,NA,"one_slider_practice","Yes","Male","21","",10.82445,"E 225"
"29010",225,"","","","","",0.2,NA,"one_slider_practice","Yes","Male","21","",10.82445,"E 225"
"29110",225,"Y","A","YDA","D","pianist",0.28,6,"one_slider","Yes","Male","21","",10.82445,"E 225"
"29210",225,"N","A","NDA","D","artist",0.79,7,"one_slider","Yes","Male","21","",10.82445,"E 225"
"29310",225,"f","l","filler","i","filler5",0.07,8,"one_slider","Yes","Male","21","",10.82445,"E 225"
"29410",225,"f","l","filler","i","filler4",0.01,9,"one_slider","Yes","Male","21","",10.82445,"E 225"
"29510",225,"Y","I","YDI","D","professor",0.17,10,"one_slider","Yes","Male","21","",10.82445,"E 225"
"29610",225,"N","I","NDI","D","priest",0.8,11,"one_slider","Yes","Male","21","",10.82445,"E 225"
"29710",225,"N","I","NQI","Q","scientist",1,12,"one_slider","Yes","Male","21","",10.82445,"E 225"
"29810",225,"N","A","NQA","Q","stylist",0.79,13,"one_slider","Yes","Male","21","",10.82445,"E 225"
"29910",225,"f","l","filler","i","filler2",0.76,14,"one_slider","Yes","Male","21","",10.82445,"E 225"
"30010",225,"Y","A","YQA","Q","supervisor",0.1,15,"one_slider","Yes","Male","21","",10.82445,"E 225"
"30110",225,"Y","A","YQA","Q","chef",0.71,16,"one_slider","Yes","Male","21","",10.82445,"E 225"
"30210",225,"Y","I","YDI","D","choreographer",0.8,17,"one_slider","Yes","Male","21","",10.82445,"E 225"
"30310",225,"Y","A","YQA","Q","nutritionist",0.76,18,"one_slider","Yes","Male","21","",10.82445,"E 225"
"30410",225,"N","I","NQI","Q","conductor",0.45,19,"one_slider","Yes","Male","21","",10.82445,"E 225"
"30510",225,"N","I","NDI","D","playwright",0.37,20,"one_slider","Yes","Male","21","",10.82445,"E 225"
"30610",225,"N","I","NQI","Q","coach",0.91,21,"one_slider","Yes","Male","21","",10.82445,"E 225"
"30710",225,"Y","I","YQI","Q","travelagent",0.66,22,"one_slider","Yes","Male","21","",10.82445,"E 225"
"30810",225,"N","I","NDI","D","doctor",0.62,23,"one_slider","Yes","Male","21","",10.82445,"E 225"
"30910",225,"f","l","filler","i","filler3",0.79,24,"one_slider","Yes","Male","21","",10.82445,"E 225"
"31010",225,"N","A","NQA","Q","bartender",0.29,25,"one_slider","Yes","Male","21","",10.82445,"E 225"
"31110",225,"Y","I","YQI","Q","patient",0.19,26,"one_slider","Yes","Male","21","",10.82445,"E 225"
"31210",225,"N","A","NDA","D","queen",0.46,27,"one_slider","Yes","Male","21","",10.82445,"E 225"
"31310",225,"Y","I","YQI","Q","pilot",0.4,28,"one_slider","Yes","Male","21","",10.82445,"E 225"
"31410",225,"f","l","filler","i","filler1",0.47,29,"one_slider","Yes","Male","21","",10.82445,"E 225"
"31510",225,"N","A","NDA","D","troopleader",0.23,30,"one_slider","Yes","Male","21","",10.82445,"E 225"
"31610",225,"Y","A","YDA","D","CEO",0.07,31,"one_slider","Yes","Male","21","",10.82445,"E 225"
"31710",225,"Y","I","YDI","D","dentist",0.42,32,"one_slider","Yes","Male","21","",10.82445,"E 225"
"31810",225,"N","A","NQA","Q","fan",0.34,33,"one_slider","Yes","Male","21","",10.82445,"E 225"
"31910",225,"f","l","filler","i","filler6",0.05,34,"one_slider","Yes","Male","21","",10.82445,"E 225"
"32010",225,"Y","A","YDA","D","groom",0.27,35,"one_slider","Yes","Male","21","",10.82445,"E 225"
"32110",255,"","","","","",0.53,NA,"one_slider_practice","Yes","Female","22","Spanish",11.4976666666667,"E 255"
"32210",255,"","","","","",0.16,NA,"one_slider_practice","Yes","Female","22","Spanish",11.4976666666667,"E 255"
"32310",255,"Y","I","YDI","D","chef",0.15,6,"one_slider","Yes","Female","22","Spanish",11.4976666666667,"E 255"
"32410",255,"N","I","NQI","Q","troopleader",0.35,7,"one_slider","Yes","Female","22","Spanish",11.4976666666667,"E 255"
"32510",255,"N","A","NDA","D","dentist",0.56,8,"one_slider","Yes","Female","22","Spanish",11.4976666666667,"E 255"
"32610",255,"f","l","filler","i","filler2",0.8,9,"one_slider","Yes","Female","22","Spanish",11.4976666666667,"E 255"
"32710",255,"f","l","filler","i","filler1",0.8,10,"one_slider","Yes","Female","22","Spanish",11.4976666666667,"E 255"
"32810",255,"N","I","NDI","D","groom",0.13,11,"one_slider","Yes","Female","22","Spanish",11.4976666666667,"E 255"
"32910",255,"Y","I","YQI","Q","scientist",0.16,12,"one_slider","Yes","Female","22","Spanish",11.4976666666667,"E 255"
"33010",255,"Y","A","YDA","D","playwright",0.21,13,"one_slider","Yes","Female","22","Spanish",11.4976666666667,"E 255"
"33110",255,"N","A","NQA","Q","queen",0.79,14,"one_slider","Yes","Female","22","Spanish",11.4976666666667,"E 255"
"33210",255,"f","l","filler","i","filler3",0.88,15,"one_slider","Yes","Female","22","Spanish",11.4976666666667,"E 255"
"33310",255,"N","A","NDA","D","supervisor",0.84,16,"one_slider","Yes","Female","22","Spanish",11.4976666666667,"E 255"
"33410",255,"N","I","NDI","D","nutritionist",0.26,17,"one_slider","Yes","Female","22","Spanish",11.4976666666667,"E 255"
"33510",255,"N","I","NQI","Q","priest",0.81,18,"one_slider","Yes","Female","22","Spanish",11.4976666666667,"E 255"
"33610",255,"Y","A","YQA","Q","travelagent",0.15,19,"one_slider","Yes","Female","22","Spanish",11.4976666666667,"E 255"
"33710",255,"N","I","NDI","D","coach",0.82,20,"one_slider","Yes","Female","22","Spanish",11.4976666666667,"E 255"
"33810",255,"Y","A","YQA","Q","doctor",0.85,21,"one_slider","Yes","Female","22","Spanish",11.4976666666667,"E 255"
"33910",255,"N","A","NQA","Q","conductor",0.78,22,"one_slider","Yes","Female","22","Spanish",11.4976666666667,"E 255"
"34010",255,"N","A","NQA","Q","professor",0.7,23,"one_slider","Yes","Female","22","Spanish",11.4976666666667,"E 255"
"34110",255,"f","l","filler","i","filler6",0.14,24,"one_slider","Yes","Female","22","Spanish",11.4976666666667,"E 255"
"34210",255,"f","l","filler","i","filler4",0.81,25,"one_slider","Yes","Female","22","Spanish",11.4976666666667,"E 255"
"34310",255,"Y","I","YQI","Q","pianist",0.16,26,"one_slider","Yes","Female","22","Spanish",11.4976666666667,"E 255"
"34410",255,"Y","I","YDI","D","bartender",0.18,27,"one_slider","Yes","Female","22","Spanish",11.4976666666667,"E 255"
"34510",255,"Y","I","YDI","D","artist",0.25,28,"one_slider","Yes","Female","22","Spanish",11.4976666666667,"E 255"
"34610",255,"Y","A","YDA","D","stylist",0.11,29,"one_slider","Yes","Female","22","Spanish",11.4976666666667,"E 255"
"34710",255,"f","l","filler","i","filler5",0.12,30,"one_slider","Yes","Female","22","Spanish",11.4976666666667,"E 255"
"34810",255,"N","I","NQI","Q","pilot",0.81,31,"one_slider","Yes","Female","22","Spanish",11.4976666666667,"E 255"
"34910",255,"N","A","NDA","D","patient",0.88,32,"one_slider","Yes","Female","22","Spanish",11.4976666666667,"E 255"
"35010",255,"Y","A","YQA","Q","CEO",0.09,33,"one_slider","Yes","Female","22","Spanish",11.4976666666667,"E 255"
"35110",255,"Y","I","YQI","Q","choreographer",0.08,34,"one_slider","Yes","Female","22","Spanish",11.4976666666667,"E 255"
"35210",255,"Y","A","YDA","D","fan",0.1,35,"one_slider","Yes","Female","22","Spanish",11.4976666666667,"E 255"
"35310",143,"","","","","",0.82,NA,"one_slider_practice","Yes","Female","19","English, Korean",6.94903333333333,"E 143"
"35410",143,"","","","","",0.35,NA,"one_slider_practice","Yes","Female","19","English, Korean",6.94903333333333,"E 143"
"35510",143,"N","I","NDI","D","scientist",0.88,6,"one_slider","Yes","Female","19","English, Korean",6.94903333333333,"E 143"
"35610",143,"Y","A","YDA","D","bartender",0.43,7,"one_slider","Yes","Female","19","English, Korean",6.94903333333333,"E 143"
"35710",143,"N","A","NQA","Q","troopleader",0.25,8,"one_slider","Yes","Female","19","English, Korean",6.94903333333333,"E 143"
"35810",143,"Y","I","YQI","Q","professor",0.21,9,"one_slider","Yes","Female","19","English, Korean",6.94903333333333,"E 143"
"35910",143,"Y","I","YDI","D","priest",0.39,10,"one_slider","Yes","Female","19","English, Korean",6.94903333333333,"E 143"
"36010",143,"N","A","NDA","D","coach",0.5,11,"one_slider","Yes","Female","19","English, Korean",6.94903333333333,"E 143"
"36110",143,"f","l","filler","i","filler1",0.84,12,"one_slider","Yes","Female","19","English, Korean",6.94903333333333,"E 143"
"36210",143,"N","I","NDI","D","travelagent",0.14,13,"one_slider","Yes","Female","19","English, Korean",6.94903333333333,"E 143"
"36310",143,"N","A","NDA","D","chef",0.78,14,"one_slider","Yes","Female","19","English, Korean",6.94903333333333,"E 143"
"36410",143,"N","I","NQI","Q","groom",0.64,15,"one_slider","Yes","Female","19","English, Korean",6.94903333333333,"E 143"
"36510",143,"f","l","filler","i","filler6",0.36,16,"one_slider","Yes","Female","19","English, Korean",6.94903333333333,"E 143"
"36610",143,"N","A","NDA","D","pianist",0.2,17,"one_slider","Yes","Female","19","English, Korean",6.94903333333333,"E 143"
"36710",143,"f","l","filler","i","filler3",0.71,18,"one_slider","Yes","Female","19","English, Korean",6.94903333333333,"E 143"
"36810",143,"N","I","NQI","Q","playwright",0.27,19,"one_slider","Yes","Female","19","English, Korean",6.94903333333333,"E 143"
"36910",143,"Y","A","YDA","D","fan",0.23,20,"one_slider","Yes","Female","19","English, Korean",6.94903333333333,"E 143"
"37010",143,"Y","A","YQA","Q","choreographer",0.45,21,"one_slider","Yes","Female","19","English, Korean",6.94903333333333,"E 143"
"37110",143,"N","I","NQI","Q","supervisor",0.45,22,"one_slider","Yes","Female","19","English, Korean",6.94903333333333,"E 143"
"37210",143,"Y","I","YDI","D","patient",0.65,23,"one_slider","Yes","Female","19","English, Korean",6.94903333333333,"E 143"
"37310",143,"Y","A","YDA","D","dentist",0.42,24,"one_slider","Yes","Female","19","English, Korean",6.94903333333333,"E 143"
"37410",143,"f","l","filler","i","filler5",0.48,25,"one_slider","Yes","Female","19","English, Korean",6.94903333333333,"E 143"
"37510",143,"N","A","NQA","Q","stylist",0.3,26,"one_slider","Yes","Female","19","English, Korean",6.94903333333333,"E 143"
"37610",143,"Y","A","YQA","Q","queen",0.68,27,"one_slider","Yes","Female","19","English, Korean",6.94903333333333,"E 143"
"37710",143,"Y","A","YQA","Q","CEO",0.46,28,"one_slider","Yes","Female","19","English, Korean",6.94903333333333,"E 143"
"37810",143,"Y","I","YQI","Q","conductor",0.71,29,"one_slider","Yes","Female","19","English, Korean",6.94903333333333,"E 143"
"37910",143,"f","l","filler","i","filler2",0.44,30,"one_slider","Yes","Female","19","English, Korean",6.94903333333333,"E 143"
"38010",143,"Y","I","YDI","D","nutritionist",0.64,31,"one_slider","Yes","Female","19","English, Korean",6.94903333333333,"E 143"
"38110",143,"N","A","NQA","Q","pilot",0.31,32,"one_slider","Yes","Female","19","English, Korean",6.94903333333333,"E 143"
"38210",143,"N","I","NDI","D","doctor",0.68,33,"one_slider","Yes","Female","19","English, Korean",6.94903333333333,"E 143"
"38310",143,"f","l","filler","i","filler4",0.17,34,"one_slider","Yes","Female","19","English, Korean",6.94903333333333,"E 143"
"38410",143,"Y","I","YQI","Q","artist",0.79,35,"one_slider","Yes","Female","19","English, Korean",6.94903333333333,"E 143"
"38510",299,"","","","","",0.97,NA,"one_slider_practice","Yes","Female","18","English",10.5842,"E 299"
"38610",299,"","","","","",0.97,NA,"one_slider_practice","Yes","Female","18","English",10.5842,"E 299"
"38710",299,"N","A","NDA","D","dentist",0.7,6,"one_slider","Yes","Female","18","English",10.5842,"E 299"
"38810",299,"N","I","NQI","Q","groom",0.15,7,"one_slider","Yes","Female","18","English",10.5842,"E 299"
"38910",299,"Y","A","YDA","D","nutritionist",0.86,8,"one_slider","Yes","Female","18","English",10.5842,"E 299"
"39010",299,"f","l","filler","i","filler5",0.05,9,"one_slider","Yes","Female","18","English",10.5842,"E 299"
"39110",299,"N","A","NDA","D","scientist",0.93,10,"one_slider","Yes","Female","18","English",10.5842,"E 299"
"39210",299,"N","A","NQA","Q","playwright",0.87,11,"one_slider","Yes","Female","18","English",10.5842,"E 299"
"39310",299,"N","I","NQI","Q","patient",0.87,12,"one_slider","Yes","Female","18","English",10.5842,"E 299"
"39410",299,"Y","A","YDA","D","troopleader",0.48,13,"one_slider","Yes","Female","18","English",10.5842,"E 299"
"39510",299,"Y","I","YDI","D","pianist",0.11,14,"one_slider","Yes","Female","18","English",10.5842,"E 299"
"39610",299,"N","I","NQI","Q","pilot",0.66,15,"one_slider","Yes","Female","18","English",10.5842,"E 299"
"39710",299,"f","l","filler","i","filler3",0.85,16,"one_slider","Yes","Female","18","English",10.5842,"E 299"
"39810",299,"N","I","NDI","D","fan",1,17,"one_slider","Yes","Female","18","English",10.5842,"E 299"
"39910",299,"N","A","NQA","Q","CEO",0.86,18,"one_slider","Yes","Female","18","English",10.5842,"E 299"
"40010",299,"f","l","filler","i","filler4",0.07,19,"one_slider","Yes","Female","18","English",10.5842,"E 299"
"40110",299,"Y","I","YDI","D","queen",0.91,20,"one_slider","Yes","Female","18","English",10.5842,"E 299"
"40210",299,"Y","I","YDI","D","chef",0.94,21,"one_slider","Yes","Female","18","English",10.5842,"E 299"
"40310",299,"Y","A","YQA","Q","professor",0.3,22,"one_slider","Yes","Female","18","English",10.5842,"E 299"
"40410",299,"N","I","NDI","D","choreographer",0.89,23,"one_slider","Yes","Female","18","English",10.5842,"E 299"
"40510",299,"f","l","filler","i","filler1",0.95,24,"one_slider","Yes","Female","18","English",10.5842,"E 299"
"40610",299,"Y","I","YQI","Q","doctor",0.94,25,"one_slider","Yes","Female","18","English",10.5842,"E 299"
"40710",299,"Y","I","YQI","Q","bartender",0.48,26,"one_slider","Yes","Female","18","English",10.5842,"E 299"
"40810",299,"Y","A","YQA","Q","coach",0.94,27,"one_slider","Yes","Female","18","English",10.5842,"E 299"
"40910",299,"N","A","NQA","Q","stylist",0.43,28,"one_slider","Yes","Female","18","English",10.5842,"E 299"
"41010",299,"Y","A","YQA","Q","conductor",0.42,29,"one_slider","Yes","Female","18","English",10.5842,"E 299"
"41110",299,"N","A","NDA","D","artist",0.96,30,"one_slider","Yes","Female","18","English",10.5842,"E 299"
"41210",299,"N","I","NDI","D","priest",0.95,31,"one_slider","Yes","Female","18","English",10.5842,"E 299"
"41310",299,"Y","A","YDA","D","travelagent",0.92,32,"one_slider","Yes","Female","18","English",10.5842,"E 299"
"41410",299,"Y","I","YQI","Q","supervisor",0.9,33,"one_slider","Yes","Female","18","English",10.5842,"E 299"
"41510",299,"f","l","filler","i","filler6",0.14,34,"one_slider","Yes","Female","18","English",10.5842,"E 299"
"41610",299,"f","l","filler","i","filler2",0.76,35,"one_slider","Yes","Female","18","English",10.5842,"E 299"
"41710",504,"","","","","",0.98,NA,"one_slider_practice","Yes","Female","20","Chinese",10.5809833333333,"E 504"
"41810",504,"","","","","",1,NA,"one_slider_practice","Yes","Female","20","Chinese",10.5809833333333,"E 504"
"41910",504,"N","A","NDA","D","supervisor",0.16,6,"one_slider","Yes","Female","20","Chinese",10.5809833333333,"E 504"
"42010",504,"N","A","NQA","Q","nutritionist",0.76,7,"one_slider","Yes","Female","20","Chinese",10.5809833333333,"E 504"
"42110",504,"N","A","NDA","D","chef",0.29,8,"one_slider","Yes","Female","20","Chinese",10.5809833333333,"E 504"
"42210",504,"Y","A","YDA","D","professor",0,9,"one_slider","Yes","Female","20","Chinese",10.5809833333333,"E 504"
"42310",504,"f","l","filler","i","filler3",0.76,10,"one_slider","Yes","Female","20","Chinese",10.5809833333333,"E 504"
"42410",504,"Y","I","YQI","Q","choreographer",0.58,11,"one_slider","Yes","Female","20","Chinese",10.5809833333333,"E 504"
"42510",504,"N","A","NQA","Q","doctor",0.95,12,"one_slider","Yes","Female","20","Chinese",10.5809833333333,"E 504"
"42610",504,"f","l","filler","i","filler2",1,13,"one_slider","Yes","Female","20","Chinese",10.5809833333333,"E 504"
"42710",504,"Y","A","YQA","Q","coach",0.67,14,"one_slider","Yes","Female","20","Chinese",10.5809833333333,"E 504"
"42810",504,"N","I","NQI","Q","bartender",1,15,"one_slider","Yes","Female","20","Chinese",10.5809833333333,"E 504"
"42910",504,"f","l","filler","i","filler5",0,16,"one_slider","Yes","Female","20","Chinese",10.5809833333333,"E 504"
"43010",504,"N","A","NQA","Q","patient",0.77,17,"one_slider","Yes","Female","20","Chinese",10.5809833333333,"E 504"
"43110",504,"Y","A","YDA","D","priest",0.85,18,"one_slider","Yes","Female","20","Chinese",10.5809833333333,"E 504"
"43210",504,"Y","I","YDI","D","artist",0.82,19,"one_slider","Yes","Female","20","Chinese",10.5809833333333,"E 504"
"43310",504,"Y","I","YDI","D","pianist",0.5,20,"one_slider","Yes","Female","20","Chinese",10.5809833333333,"E 504"
"43410",504,"N","I","NDI","D","scientist",0.85,21,"one_slider","Yes","Female","20","Chinese",10.5809833333333,"E 504"
"43510",504,"N","I","NQI","Q","CEO",0.77,22,"one_slider","Yes","Female","20","Chinese",10.5809833333333,"E 504"
"43610",504,"N","A","NDA","D","stylist",0.88,23,"one_slider","Yes","Female","20","Chinese",10.5809833333333,"E 504"
"43710",504,"N","I","NDI","D","fan",1,24,"one_slider","Yes","Female","20","Chinese",10.5809833333333,"E 504"
"43810",504,"Y","I","YDI","D","queen",0.87,25,"one_slider","Yes","Female","20","Chinese",10.5809833333333,"E 504"
"43910",504,"f","l","filler","i","filler6",0.22,26,"one_slider","Yes","Female","20","Chinese",10.5809833333333,"E 504"
"44010",504,"Y","I","YQI","Q","pilot",0.9,27,"one_slider","Yes","Female","20","Chinese",10.5809833333333,"E 504"
"44110",504,"Y","I","YQI","Q","troopleader",0.83,28,"one_slider","Yes","Female","20","Chinese",10.5809833333333,"E 504"
"44210",504,"Y","A","YQA","Q","travelagent",0.22,29,"one_slider","Yes","Female","20","Chinese",10.5809833333333,"E 504"
"44310",504,"N","I","NDI","D","groom",0.68,30,"one_slider","Yes","Female","20","Chinese",10.5809833333333,"E 504"
"44410",504,"N","I","NQI","Q","playwright",0.86,31,"one_slider","Yes","Female","20","Chinese",10.5809833333333,"E 504"
"44510",504,"Y","A","YDA","D","dentist",0.23,32,"one_slider","Yes","Female","20","Chinese",10.5809833333333,"E 504"
"44610",504,"f","l","filler","i","filler1",1,33,"one_slider","Yes","Female","20","Chinese",10.5809833333333,"E 504"
"44710",504,"f","l","filler","i","filler4",0,34,"one_slider","Yes","Female","20","Chinese",10.5809833333333,"E 504"
"44810",504,"Y","A","YQA","Q","conductor",0.51,35,"one_slider","Yes","Female","20","Chinese",10.5809833333333,"E 504"
"44910",474,"","","","","",0.14,NA,"one_slider_practice","Confused","Female","21","Chinese",11.4368333333333,"E 474"
"45010",474,"","","","","",0.8,NA,"one_slider_practice","Confused","Female","21","Chinese",11.4368333333333,"E 474"
"45110",474,"N","A","NDA","D","nutritionist",0.31,6,"one_slider","Confused","Female","21","Chinese",11.4368333333333,"E 474"
"45210",474,"N","I","NDI","D","troopleader",0.77,7,"one_slider","Confused","Female","21","Chinese",11.4368333333333,"E 474"
"45310",474,"Y","A","YDA","D","playwright",0.48,8,"one_slider","Confused","Female","21","Chinese",11.4368333333333,"E 474"
"45410",474,"f","l","filler","i","filler3",0,9,"one_slider","Confused","Female","21","Chinese",11.4368333333333,"E 474"
"45510",474,"N","A","NDA","D","pianist",0.48,10,"one_slider","Confused","Female","21","Chinese",11.4368333333333,"E 474"
"45610",474,"Y","A","YQA","Q","CEO",0.53,11,"one_slider","Confused","Female","21","Chinese",11.4368333333333,"E 474"
"45710",474,"N","I","NQI","Q","queen",0.46,12,"one_slider","Confused","Female","21","Chinese",11.4368333333333,"E 474"
"45810",474,"N","I","NDI","D","coach",0.87,13,"one_slider","Confused","Female","21","Chinese",11.4368333333333,"E 474"
"45910",474,"Y","A","YQA","Q","chef",0.13,14,"one_slider","Confused","Female","21","Chinese",11.4368333333333,"E 474"
"46010",474,"N","I","NDI","D","artist",0.88,15,"one_slider","Confused","Female","21","Chinese",11.4368333333333,"E 474"
"46110",474,"f","l","filler","i","filler1",0.78,16,"one_slider","Confused","Female","21","Chinese",11.4368333333333,"E 474"
"46210",474,"f","l","filler","i","filler6",0.33,17,"one_slider","Confused","Female","21","Chinese",11.4368333333333,"E 474"
"46310",474,"N","A","NQA","Q","choreographer",0.71,18,"one_slider","Confused","Female","21","Chinese",11.4368333333333,"E 474"
"46410",474,"Y","I","YDI","D","supervisor",0.52,19,"one_slider","Confused","Female","21","Chinese",11.4368333333333,"E 474"
"46510",474,"Y","I","YQI","Q","fan",0.34,20,"one_slider","Confused","Female","21","Chinese",11.4368333333333,"E 474"
"46610",474,"Y","A","YDA","D","patient",0.76,21,"one_slider","Confused","Female","21","Chinese",11.4368333333333,"E 474"
"46710",474,"N","A","NDA","D","priest",0.78,22,"one_slider","Confused","Female","21","Chinese",11.4368333333333,"E 474"
"46810",474,"Y","I","YDI","D","groom",0.69,23,"one_slider","Confused","Female","21","Chinese",11.4368333333333,"E 474"
"46910",474,"Y","I","YQI","Q","doctor",0.65,24,"one_slider","Confused","Female","21","Chinese",11.4368333333333,"E 474"
"47010",474,"Y","A","YDA","D","pilot",0.08,25,"one_slider","Confused","Female","21","Chinese",11.4368333333333,"E 474"
"47110",474,"Y","I","YDI","D","dentist",0.27,26,"one_slider","Confused","Female","21","Chinese",11.4368333333333,"E 474"
"47210",474,"f","l","filler","i","filler2",0.19,27,"one_slider","Confused","Female","21","Chinese",11.4368333333333,"E 474"
"47310",474,"N","A","NQA","Q","scientist",0.46,28,"one_slider","Confused","Female","21","Chinese",11.4368333333333,"E 474"
"47410",474,"Y","A","YQA","Q","bartender",0.71,29,"one_slider","Confused","Female","21","Chinese",11.4368333333333,"E 474"
"47510",474,"N","A","NQA","Q","travelagent",0.44,30,"one_slider","Confused","Female","21","Chinese",11.4368333333333,"E 474"
"47610",474,"Y","I","YQI","Q","professor",0.5,31,"one_slider","Confused","Female","21","Chinese",11.4368333333333,"E 474"
"47710",474,"N","I","NQI","Q","conductor",0.51,32,"one_slider","Confused","Female","21","Chinese",11.4368333333333,"E 474"
"47810",474,"N","I","NQI","Q","stylist",0.67,33,"one_slider","Confused","Female","21","Chinese",11.4368333333333,"E 474"
"47910",474,"f","l","filler","i","filler5",0.3,34,"one_slider","Confused","Female","21","Chinese",11.4368333333333,"E 474"
"48010",474,"f","l","filler","i","filler4",1,35,"one_slider","Confused","Female","21","Chinese",11.4368333333333,"E 474"
"48110",231,"","","","","",0.84,NA,"one_slider_practice","Yes","Female","21","English",7.7525,"E 231"
"48210",231,"","","","","",0.11,NA,"one_slider_practice","Yes","Female","21","English",7.7525,"E 231"
"48310",231,"N","A","NDA","D","bartender",0.42,6,"one_slider","Yes","Female","21","English",7.7525,"E 231"
"48410",231,"N","A","NQA","Q","fan",0.88,7,"one_slider","Yes","Female","21","English",7.7525,"E 231"
"48510",231,"N","I","NDI","D","playwright",0.68,8,"one_slider","Yes","Female","21","English",7.7525,"E 231"
"48610",231,"Y","A","YDA","D","pianist",0.86,9,"one_slider","Yes","Female","21","English",7.7525,"E 231"
"48710",231,"f","l","filler","i","filler6",0.05,10,"one_slider","Yes","Female","21","English",7.7525,"E 231"
"48810",231,"Y","A","YDA","D","supervisor",0.2,11,"one_slider","Yes","Female","21","English",7.7525,"E 231"
"48910",231,"Y","A","YQA","Q","nutritionist",0.57,12,"one_slider","Yes","Female","21","English",7.7525,"E 231"
"49010",231,"f","l","filler","i","filler2",0.91,13,"one_slider","Yes","Female","21","English",7.7525,"E 231"
"49110",231,"N","A","NQA","Q","choreographer",0.58,14,"one_slider","Yes","Female","21","English",7.7525,"E 231"
"49210",231,"Y","I","YQI","Q","queen",0.73,15,"one_slider","Yes","Female","21","English",7.7525,"E 231"
"49310",231,"N","I","NQI","Q","scientist",0.93,16,"one_slider","Yes","Female","21","English",7.7525,"E 231"
"49410",231,"Y","I","YQI","Q","pilot",0.64,17,"one_slider","Yes","Female","21","English",7.7525,"E 231"
"49510",231,"N","I","NQI","Q","priest",0.95,18,"one_slider","Yes","Female","21","English",7.7525,"E 231"
"49610",231,"N","A","NQA","Q","groom",0.73,19,"one_slider","Yes","Female","21","English",7.7525,"E 231"
"49710",231,"N","I","NDI","D","artist",0.74,20,"one_slider","Yes","Female","21","English",7.7525,"E 231"
"49810",231,"f","l","filler","i","filler4",0.12,21,"one_slider","Yes","Female","21","English",7.7525,"E 231"
"49910",231,"N","I","NQI","Q","conductor",0.69,22,"one_slider","Yes","Female","21","English",7.7525,"E 231"
"50010",231,"N","A","NDA","D","stylist",0.68,23,"one_slider","Yes","Female","21","English",7.7525,"E 231"
"50110",231,"N","A","NDA","D","CEO",0.76,24,"one_slider","Yes","Female","21","English",7.7525,"E 231"
"50210",231,"Y","A","YQA","Q","professor",0.51,25,"one_slider","Yes","Female","21","English",7.7525,"E 231"
"50310",231,"f","l","filler","i","filler5",0.24,26,"one_slider","Yes","Female","21","English",7.7525,"E 231"
"50410",231,"Y","I","YDI","D","dentist",0.63,27,"one_slider","Yes","Female","21","English",7.7525,"E 231"
"50510",231,"N","I","NDI","D","doctor",0.69,28,"one_slider","Yes","Female","21","English",7.7525,"E 231"
"50610",231,"f","l","filler","i","filler3",0.82,29,"one_slider","Yes","Female","21","English",7.7525,"E 231"
"50710",231,"Y","I","YQI","Q","troopleader",0.89,30,"one_slider","Yes","Female","21","English",7.7525,"E 231"
"50810",231,"f","l","filler","i","filler1",0.8,31,"one_slider","Yes","Female","21","English",7.7525,"E 231"
"50910",231,"Y","I","YDI","D","coach",0.83,32,"one_slider","Yes","Female","21","English",7.7525,"E 231"
"51010",231,"Y","A","YQA","Q","patient",0.68,33,"one_slider","Yes","Female","21","English",7.7525,"E 231"
"51110",231,"Y","A","YDA","D","chef",0.79,34,"one_slider","Yes","Female","21","English",7.7525,"E 231"
"51210",231,"Y","I","YDI","D","travelagent",0.79,35,"one_slider","Yes","Female","21","English",7.7525,"E 231"
"51310",548,"","","","","",0.98,NA,"one_slider_practice","Yes","Female","20","English",13.1622,"E 548"
"51410",548,"","","","","",0.99,NA,"one_slider_practice","Yes","Female","20","English",13.1622,"E 548"
"51510",548,"Y","A","YDA","D","nutritionist",0.01,6,"one_slider","Yes","Female","20","English",13.1622,"E 548"
"51610",548,"Y","I","YQI","Q","fan",0.25,7,"one_slider","Yes","Female","20","English",13.1622,"E 548"
"51710",548,"Y","I","YQI","Q","chef",0.98,8,"one_slider","Yes","Female","20","English",13.1622,"E 548"
"51810",548,"N","I","NDI","D","stylist",0.9,9,"one_slider","Yes","Female","20","English",13.1622,"E 548"
"51910",548,"Y","I","YDI","D","professor",0.83,10,"one_slider","Yes","Female","20","English",13.1622,"E 548"
"52010",548,"N","I","NDI","D","troopleader",0.84,11,"one_slider","Yes","Female","20","English",13.1622,"E 548"
"52110",548,"N","A","NDA","D","queen",0.98,12,"one_slider","Yes","Female","20","English",13.1622,"E 548"
"52210",548,"Y","A","YQA","Q","choreographer",0.35,13,"one_slider","Yes","Female","20","English",13.1622,"E 548"
"52310",548,"N","A","NQA","Q","pianist",0.99,14,"one_slider","Yes","Female","20","English",13.1622,"E 548"
"52410",548,"Y","I","YQI","Q","scientist",0.97,15,"one_slider","Yes","Female","20","English",13.1622,"E 548"
"52510",548,"N","A","NDA","D","playwright",0.87,16,"one_slider","Yes","Female","20","English",13.1622,"E 548"
"52610",548,"N","A","NQA","Q","conductor",0.74,17,"one_slider","Yes","Female","20","English",13.1622,"E 548"
"52710",548,"N","A","NDA","D","bartender",0.56,18,"one_slider","Yes","Female","20","English",13.1622,"E 548"
"52810",548,"N","I","NQI","Q","doctor",0.99,19,"one_slider","Yes","Female","20","English",13.1622,"E 548"
"52910",548,"f","l","filler","i","filler3",0.99,20,"one_slider","Yes","Female","20","English",13.1622,"E 548"
"53010",548,"Y","I","YDI","D","supervisor",0.22,21,"one_slider","Yes","Female","20","English",13.1622,"E 548"
"53110",548,"Y","A","YQA","Q","travelagent",0.92,22,"one_slider","Yes","Female","20","English",13.1622,"E 548"
"53210",548,"f","l","filler","i","filler5",0.02,23,"one_slider","Yes","Female","20","English",13.1622,"E 548"
"53310",548,"f","l","filler","i","filler6",0.02,24,"one_slider","Yes","Female","20","English",13.1622,"E 548"
"53410",548,"N","I","NQI","Q","CEO",0.97,25,"one_slider","Yes","Female","20","English",13.1622,"E 548"
"53510",548,"N","I","NQI","Q","groom",0.9,26,"one_slider","Yes","Female","20","English",13.1622,"E 548"
"53610",548,"N","I","NDI","D","dentist",0.99,27,"one_slider","Yes","Female","20","English",13.1622,"E 548"
"53710",548,"N","A","NQA","Q","artist",0.96,28,"one_slider","Yes","Female","20","English",13.1622,"E 548"
"53810",548,"Y","A","YQA","Q","priest",0.98,29,"one_slider","Yes","Female","20","English",13.1622,"E 548"
"53910",548,"Y","A","YDA","D","coach",0.99,30,"one_slider","Yes","Female","20","English",13.1622,"E 548"
"54010",548,"Y","I","YDI","D","patient",0.97,31,"one_slider","Yes","Female","20","English",13.1622,"E 548"
"54110",548,"f","l","filler","i","filler1",0.35,32,"one_slider","Yes","Female","20","English",13.1622,"E 548"
"54210",548,"f","l","filler","i","filler4",0.12,33,"one_slider","Yes","Female","20","English",13.1622,"E 548"
"54310",548,"f","l","filler","i","filler2",0.76,34,"one_slider","Yes","Female","20","English",13.1622,"E 548"
"54410",548,"Y","A","YDA","D","pilot",0.53,35,"one_slider","Yes","Female","20","English",13.1622,"E 548"
"54510",496,"","","","","",0.6,NA,"one_slider_practice","Yes","Female","21","English",7.84043333333333,"E 496"
"54610",496,"","","","","",0.33,NA,"one_slider_practice","Yes","Female","21","English",7.84043333333333,"E 496"
"54710",496,"N","I","NQI","Q","fan",0.3,6,"one_slider","Yes","Female","21","English",7.84043333333333,"E 496"
"54810",496,"f","l","filler","i","filler5",0.45,7,"one_slider","Yes","Female","21","English",7.84043333333333,"E 496"
"54910",496,"Y","A","YDA","D","queen",0.68,8,"one_slider","Yes","Female","21","English",7.84043333333333,"E 496"
"55010",496,"f","l","filler","i","filler6",0.16,9,"one_slider","Yes","Female","21","English",7.84043333333333,"E 496"
"55110",496,"Y","I","YQI","Q","choreographer",0.48,10,"one_slider","Yes","Female","21","English",7.84043333333333,"E 496"
"55210",496,"Y","I","YQI","Q","dentist",0.37,11,"one_slider","Yes","Female","21","English",7.84043333333333,"E 496"
"55310",496,"N","I","NDI","D","groom",0.6,12,"one_slider","Yes","Female","21","English",7.84043333333333,"E 496"
"55410",496,"N","I","NDI","D","doctor",0.41,13,"one_slider","Yes","Female","21","English",7.84043333333333,"E 496"
"55510",496,"Y","A","YQA","Q","professor",0.53,14,"one_slider","Yes","Female","21","English",7.84043333333333,"E 496"
"55610",496,"N","I","NQI","Q","nutritionist",0.69,15,"one_slider","Yes","Female","21","English",7.84043333333333,"E 496"
"55710",496,"N","A","NQA","Q","troopleader",0.61,16,"one_slider","Yes","Female","21","English",7.84043333333333,"E 496"
"55810",496,"N","I","NQI","Q","pilot",0.68,17,"one_slider","Yes","Female","21","English",7.84043333333333,"E 496"
"55910",496,"f","l","filler","i","filler2",0.91,18,"one_slider","Yes","Female","21","English",7.84043333333333,"E 496"
"56010",496,"N","A","NQA","Q","supervisor",0.51,19,"one_slider","Yes","Female","21","English",7.84043333333333,"E 496"
"56110",496,"f","l","filler","i","filler1",1,20,"one_slider","Yes","Female","21","English",7.84043333333333,"E 496"
"56210",496,"Y","I","YDI","D","pianist",0.61,21,"one_slider","Yes","Female","21","English",7.84043333333333,"E 496"
"56310",496,"N","A","NQA","Q","playwright",0.68,22,"one_slider","Yes","Female","21","English",7.84043333333333,"E 496"
"56410",496,"Y","A","YDA","D","coach",0.16,23,"one_slider","Yes","Female","21","English",7.84043333333333,"E 496"
"56510",496,"Y","I","YQI","Q","patient",0.36,24,"one_slider","Yes","Female","21","English",7.84043333333333,"E 496"
"56610",496,"Y","A","YDA","D","CEO",0.76,25,"one_slider","Yes","Female","21","English",7.84043333333333,"E 496"
"56710",496,"N","A","NDA","D","scientist",0.61,26,"one_slider","Yes","Female","21","English",7.84043333333333,"E 496"
"56810",496,"Y","I","YDI","D","chef",0.7,27,"one_slider","Yes","Female","21","English",7.84043333333333,"E 496"
"56910",496,"N","A","NDA","D","conductor",0.36,28,"one_slider","Yes","Female","21","English",7.84043333333333,"E 496"
"57010",496,"f","l","filler","i","filler3",1,29,"one_slider","Yes","Female","21","English",7.84043333333333,"E 496"
"57110",496,"N","I","NDI","D","bartender",0.61,30,"one_slider","Yes","Female","21","English",7.84043333333333,"E 496"
"57210",496,"Y","A","YQA","Q","priest",0.77,31,"one_slider","Yes","Female","21","English",7.84043333333333,"E 496"
"57310",496,"Y","A","YQA","Q","artist",0.85,32,"one_slider","Yes","Female","21","English",7.84043333333333,"E 496"
"57410",496,"f","l","filler","i","filler4",0,33,"one_slider","Yes","Female","21","English",7.84043333333333,"E 496"
"57510",496,"Y","I","YDI","D","travelagent",0.54,34,"one_slider","Yes","Female","21","English",7.84043333333333,"E 496"
"57610",496,"N","A","NDA","D","stylist",0.35,35,"one_slider","Yes","Female","21","English",7.84043333333333,"E 496"
"57710",132,"","","","","",0.97,NA,"one_slider_practice","Yes","Female","21","English ",10.8210833333333,"E 132"
"57810",132,"","","","","",0.44,NA,"one_slider_practice","Yes","Female","21","English ",10.8210833333333,"E 132"
"57910",132,"N","A","NDA","D","chef",0.56,6,"one_slider","Yes","Female","21","English ",10.8210833333333,"E 132"
"58010",132,"Y","I","YDI","D","CEO",0.42,7,"one_slider","Yes","Female","21","English ",10.8210833333333,"E 132"
"58110",132,"N","A","NQA","Q","travelagent",0.87,8,"one_slider","Yes","Female","21","English ",10.8210833333333,"E 132"
"58210",132,"Y","A","YQA","Q","conductor",0.05,9,"one_slider","Yes","Female","21","English ",10.8210833333333,"E 132"
"58310",132,"N","A","NDA","D","choreographer",0.63,10,"one_slider","Yes","Female","21","English ",10.8210833333333,"E 132"
"58410",132,"Y","A","YDA","D","playwright",0.21,11,"one_slider","Yes","Female","21","English ",10.8210833333333,"E 132"
"58510",132,"N","I","NDI","D","coach",0.97,12,"one_slider","Yes","Female","21","English ",10.8210833333333,"E 132"
"58610",132,"N","I","NQI","Q","dentist",0.93,13,"one_slider","Yes","Female","21","English ",10.8210833333333,"E 132"
"58710",132,"Y","I","YDI","D","scientist",0.2,14,"one_slider","Yes","Female","21","English ",10.8210833333333,"E 132"
"58810",132,"N","A","NQA","Q","supervisor",0.95,15,"one_slider","Yes","Female","21","English ",10.8210833333333,"E 132"
"58910",132,"f","l","filler","i","filler3",0.96,16,"one_slider","Yes","Female","21","English ",10.8210833333333,"E 132"
"59010",132,"f","l","filler","i","filler4",0.92,17,"one_slider","Yes","Female","21","English ",10.8210833333333,"E 132"
"59110",132,"Y","A","YQA","Q","stylist",0.5,18,"one_slider","Yes","Female","21","English ",10.8210833333333,"E 132"
"59210",132,"N","A","NDA","D","fan",0.18,19,"one_slider","Yes","Female","21","English ",10.8210833333333,"E 132"
"59310",132,"Y","A","YQA","Q","patient",0.71,20,"one_slider","Yes","Female","21","English ",10.8210833333333,"E 132"
"59410",132,"N","I","NQI","Q","professor",0.8,21,"one_slider","Yes","Female","21","English ",10.8210833333333,"E 132"
"59510",132,"f","l","filler","i","filler6",0.03,22,"one_slider","Yes","Female","21","English ",10.8210833333333,"E 132"
"59610",132,"N","I","NDI","D","groom",1,23,"one_slider","Yes","Female","21","English ",10.8210833333333,"E 132"
"59710",132,"Y","A","YDA","D","bartender",0.65,24,"one_slider","Yes","Female","21","English ",10.8210833333333,"E 132"
"59810",132,"Y","I","YQI","Q","queen",0.61,25,"one_slider","Yes","Female","21","English ",10.8210833333333,"E 132"
"59910",132,"f","l","filler","i","filler2",0.84,26,"one_slider","Yes","Female","21","English ",10.8210833333333,"E 132"
"60010",132,"N","I","NQI","Q","doctor",0.97,27,"one_slider","Yes","Female","21","English ",10.8210833333333,"E 132"
"60110",132,"f","l","filler","i","filler5",0.02,28,"one_slider","Yes","Female","21","English ",10.8210833333333,"E 132"
"60210",132,"Y","I","YQI","Q","priest",0.83,29,"one_slider","Yes","Female","21","English ",10.8210833333333,"E 132"
"60310",132,"N","A","NQA","Q","pilot",0.97,30,"one_slider","Yes","Female","21","English ",10.8210833333333,"E 132"
"60410",132,"f","l","filler","i","filler1",0.99,31,"one_slider","Yes","Female","21","English ",10.8210833333333,"E 132"
"60510",132,"Y","I","YQI","Q","troopleader",0.14,32,"one_slider","Yes","Female","21","English ",10.8210833333333,"E 132"
"60610",132,"Y","I","YDI","D","artist",0.86,33,"one_slider","Yes","Female","21","English ",10.8210833333333,"E 132"
"60710",132,"Y","A","YDA","D","nutritionist",0.69,34,"one_slider","Yes","Female","21","English ",10.8210833333333,"E 132"
"60810",132,"N","I","NDI","D","pianist",0.03,35,"one_slider","Yes","Female","21","English ",10.8210833333333,"E 132"
"60910",467,"","","","","",0.98,NA,"one_slider_practice","Confused","Female","20","english",16.7315333333333,"E 467"
"61010",467,"","","","","",0.97,NA,"one_slider_practice","Confused","Female","20","english",16.7315333333333,"E 467"
"61110",467,"f","l","filler","i","filler4",0.01,6,"one_slider","Confused","Female","20","english",16.7315333333333,"E 467"
"61210",467,"f","l","filler","i","filler2",0.99,7,"one_slider","Confused","Female","20","english",16.7315333333333,"E 467"
"61310",467,"Y","A","YDA","D","coach",0.47,8,"one_slider","Confused","Female","20","english",16.7315333333333,"E 467"
"61410",467,"Y","A","YDA","D","scientist",0.03,9,"one_slider","Confused","Female","20","english",16.7315333333333,"E 467"
"61510",467,"N","A","NQA","Q","pilot",0.73,10,"one_slider","Confused","Female","20","english",16.7315333333333,"E 467"
"61610",467,"Y","A","YQA","Q","fan",0.06,11,"one_slider","Confused","Female","20","english",16.7315333333333,"E 467"
"61710",467,"N","I","NDI","D","doctor",0.66,12,"one_slider","Confused","Female","20","english",16.7315333333333,"E 467"
"61810",467,"N","I","NQI","Q","choreographer",0.17,13,"one_slider","Confused","Female","20","english",16.7315333333333,"E 467"
"61910",467,"Y","I","YDI","D","bartender",0.44,14,"one_slider","Confused","Female","20","english",16.7315333333333,"E 467"
"62010",467,"N","A","NDA","D","nutritionist",0.64,15,"one_slider","Confused","Female","20","english",16.7315333333333,"E 467"
"62110",467,"N","I","NDI","D","CEO",0.77,16,"one_slider","Confused","Female","20","english",16.7315333333333,"E 467"
"62210",467,"N","A","NDA","D","professor",0.7,17,"one_slider","Confused","Female","20","english",16.7315333333333,"E 467"
"62310",467,"N","A","NQA","Q","dentist",0.06,18,"one_slider","Confused","Female","20","english",16.7315333333333,"E 467"
"62410",467,"Y","I","YQI","Q","stylist",0.09,19,"one_slider","Confused","Female","20","english",16.7315333333333,"E 467"
"62510",467,"Y","I","YQI","Q","supervisor",0.11,20,"one_slider","Confused","Female","20","english",16.7315333333333,"E 467"
"62610",467,"N","I","NDI","D","pianist",0.86,21,"one_slider","Confused","Female","20","english",16.7315333333333,"E 467"
"62710",467,"N","A","NDA","D","priest",0.75,22,"one_slider","Confused","Female","20","english",16.7315333333333,"E 467"
"62810",467,"Y","I","YDI","D","troopleader",0.04,23,"one_slider","Confused","Female","20","english",16.7315333333333,"E 467"
"62910",467,"f","l","filler","i","filler3",0.93,24,"one_slider","Confused","Female","20","english",16.7315333333333,"E 467"
"63010",467,"f","l","filler","i","filler1",0.98,25,"one_slider","Confused","Female","20","english",16.7315333333333,"E 467"
"63110",467,"f","l","filler","i","filler6",0.06,26,"one_slider","Confused","Female","20","english",16.7315333333333,"E 467"
"63210",467,"N","A","NQA","Q","groom",0.13,27,"one_slider","Confused","Female","20","english",16.7315333333333,"E 467"
"63310",467,"Y","A","YDA","D","queen",0.93,28,"one_slider","Confused","Female","20","english",16.7315333333333,"E 467"
"6347",467,"Y","A","YQA","Q","patient",0.75,29,"one_slider","Confused","Female","20","english",16.7315333333333,"E 467"
"6351",467,"N","I","NQI","Q","playwright",0.13,30,"one_slider","Confused","Female","20","english",16.7315333333333,"E 467"
"6361",467,"Y","A","YQA","Q","chef",0.8,31,"one_slider","Confused","Female","20","english",16.7315333333333,"E 467"
"6371",467,"f","l","filler","i","filler5",0,32,"one_slider","Confused","Female","20","english",16.7315333333333,"E 467"
"6381",467,"N","I","NQI","Q","artist",0.88,33,"one_slider","Confused","Female","20","english",16.7315333333333,"E 467"
"6391",467,"Y","I","YQI","Q","conductor",0.51,34,"one_slider","Confused","Female","20","english",16.7315333333333,"E 467"
"6401",467,"Y","I","YDI","D","travelagent",0.46,35,"one_slider","Confused","Female","20","english",16.7315333333333,"E 467"
"6411",359,"","","","","",0.39,NA,"one_slider_practice","Yes","Male","20","English",14.9674166666667,"E 359"
"6421",359,"","","","","",0.42,NA,"one_slider_practice","Yes","Male","20","English",14.9674166666667,"E 359"
"6431",359,"Y","I","YQI","Q","doctor",0.68,6,"one_slider","Yes","Male","20","English",14.9674166666667,"E 359"
"6441",359,"f","l","filler","i","filler1",0.78,7,"one_slider","Yes","Male","20","English",14.9674166666667,"E 359"
"6451",359,"f","l","filler","i","filler3",0.55,8,"one_slider","Yes","Male","20","English",14.9674166666667,"E 359"
"6461",359,"f","l","filler","i","filler4",0.59,9,"one_slider","Yes","Male","20","English",14.9674166666667,"E 359"
"6471",359,"f","l","filler","i","filler6",0.18,10,"one_slider","Yes","Male","20","English",14.9674166666667,"E 359"
"6481",359,"Y","A","YDA","D","queen",0.76,11,"one_slider","Yes","Male","20","English",14.9674166666667,"E 359"
"6491",359,"Y","A","YQA","Q","playwright",0.4,12,"one_slider","Yes","Male","20","English",14.9674166666667,"E 359"
"6501",359,"Y","A","YDA","D","CEO",0.63,13,"one_slider","Yes","Male","20","English",14.9674166666667,"E 359"
"6511",359,"Y","A","YQA","Q","choreographer",0.63,14,"one_slider","Yes","Male","20","English",14.9674166666667,"E 359"
"6521",359,"f","l","filler","i","filler2",0.89,15,"one_slider","Yes","Male","20","English",14.9674166666667,"E 359"
"6531",359,"N","I","NQI","Q","coach",0.56,16,"one_slider","Yes","Male","20","English",14.9674166666667,"E 359"
"6541",359,"f","l","filler","i","filler5",0.57,17,"one_slider","Yes","Male","20","English",14.9674166666667,"E 359"
"6551",359,"Y","I","YDI","D","pilot",0.56,18,"one_slider","Yes","Male","20","English",14.9674166666667,"E 359"
"6561",359,"N","I","NQI","Q","professor",0.6,19,"one_slider","Yes","Male","20","English",14.9674166666667,"E 359"
"6571",359,"N","I","NQI","Q","pianist",0.45,20,"one_slider","Yes","Male","20","English",14.9674166666667,"E 359"
"6581",359,"N","I","NDI","D","supervisor",0.59,21,"one_slider","Yes","Male","20","English",14.9674166666667,"E 359"
"6591",359,"N","A","NQA","Q","stylist",0.27,22,"one_slider","Yes","Male","20","English",14.9674166666667,"E 359"
"6601",359,"N","I","NDI","D","troopleader",0.71,23,"one_slider","Yes","Male","20","English",14.9674166666667,"E 359"
"6611",359,"Y","A","YDA","D","bartender",0.26,24,"one_slider","Yes","Male","20","English",14.9674166666667,"E 359"
"6621",359,"N","A","NDA","D","fan",0.38,25,"one_slider","Yes","Male","20","English",14.9674166666667,"E 359"
"6631",359,"N","A","NQA","Q","groom",0.58,26,"one_slider","Yes","Male","20","English",14.9674166666667,"E 359"
"6641",359,"Y","I","YDI","D","chef",0.55,27,"one_slider","Yes","Male","20","English",14.9674166666667,"E 359"
"6651",359,"Y","I","YDI","D","nutritionist",0.51,28,"one_slider","Yes","Male","20","English",14.9674166666667,"E 359"
"6661",359,"Y","A","YQA","Q","conductor",0.52,29,"one_slider","Yes","Male","20","English",14.9674166666667,"E 359"
"6671",359,"N","A","NDA","D","patient",0.8,30,"one_slider","Yes","Male","20","English",14.9674166666667,"E 359"
"6681",359,"Y","I","YQI","Q","priest",0.74,31,"one_slider","Yes","Male","20","English",14.9674166666667,"E 359"
"6691",359,"N","A","NQA","Q","artist",0.56,32,"one_slider","Yes","Male","20","English",14.9674166666667,"E 359"
"6701",359,"Y","I","YQI","Q","dentist",0.57,33,"one_slider","Yes","Male","20","English",14.9674166666667,"E 359"
"6711",359,"N","I","NDI","D","travelagent",0.5,34,"one_slider","Yes","Male","20","English",14.9674166666667,"E 359"
"6721",359,"N","A","NDA","D","scientist",0.7,35,"one_slider","Yes","Male","20","English",14.9674166666667,"E 359"
"6731",390,"","","","","",0.98,NA,"one_slider_practice","Yes","Female","20","English",8.0784,"E 390"
"6741",390,"","","","","",0.96,NA,"one_slider_practice","Yes","Female","20","English",8.0784,"E 390"
"6751",390,"N","A","NQA","Q","travelagent",0.81,6,"one_slider","Yes","Female","20","English",8.0784,"E 390"
"6761",390,"N","A","NDA","D","pianist",0.99,7,"one_slider","Yes","Female","20","English",8.0784,"E 390"
"6771",390,"N","I","NDI","D","CEO",0.98,8,"one_slider","Yes","Female","20","English",8.0784,"E 390"
"6781",390,"Y","A","YQA","Q","fan",0.97,9,"one_slider","Yes","Female","20","English",8.0784,"E 390"
"6791",390,"Y","I","YQI","Q","dentist",0.41,10,"one_slider","Yes","Female","20","English",8.0784,"E 390"
"6801",390,"N","I","NQI","Q","professor",0.97,11,"one_slider","Yes","Female","20","English",8.0784,"E 390"
"6811",390,"Y","A","YDA","D","queen",0.95,12,"one_slider","Yes","Female","20","English",8.0784,"E 390"
"6821",390,"N","I","NQI","Q","choreographer",0.79,13,"one_slider","Yes","Female","20","English",8.0784,"E 390"
"6831",390,"Y","I","YDI","D","coach",0.98,14,"one_slider","Yes","Female","20","English",8.0784,"E 390"
"6841",390,"Y","I","YDI","D","conductor",0.35,15,"one_slider","Yes","Female","20","English",8.0784,"E 390"
"6851",390,"f","l","filler","i","filler5",0.03,16,"one_slider","Yes","Female","20","English",8.0784,"E 390"
"6861",390,"N","A","NDA","D","supervisor",0.12,17,"one_slider","Yes","Female","20","English",8.0784,"E 390"
"6871",390,"N","A","NDA","D","nutritionist",0.83,18,"one_slider","Yes","Female","20","English",8.0784,"E 390"
"6881",390,"Y","I","YDI","D","scientist",0.95,19,"one_slider","Yes","Female","20","English",8.0784,"E 390"
"6891",390,"N","I","NDI","D","chef",0.42,20,"one_slider","Yes","Female","20","English",8.0784,"E 390"
"6901",390,"f","l","filler","i","filler6",0.09,21,"one_slider","Yes","Female","20","English",8.0784,"E 390"
"6911",390,"N","I","NDI","D","groom",0.93,22,"one_slider","Yes","Female","20","English",8.0784,"E 390"
"6921",390,"Y","A","YQA","Q","playwright",0.3,23,"one_slider","Yes","Female","20","English",8.0784,"E 390"
"6931",390,"f","l","filler","i","filler3",0.89,24,"one_slider","Yes","Female","20","English",8.0784,"E 390"
"6941",390,"N","A","NQA","Q","doctor",0.73,25,"one_slider","Yes","Female","20","English",8.0784,"E 390"
"6951",390,"Y","I","YQI","Q","artist",1,26,"one_slider","Yes","Female","20","English",8.0784,"E 390"
"6961",390,"Y","I","YQI","Q","patient",0.96,27,"one_slider","Yes","Female","20","English",8.0784,"E 390"
"6971",390,"Y","A","YDA","D","troopleader",0.95,28,"one_slider","Yes","Female","20","English",8.0784,"E 390"
"6981",390,"f","l","filler","i","filler2",0.99,29,"one_slider","Yes","Female","20","English",8.0784,"E 390"
"6991",390,"Y","A","YQA","Q","stylist",0.47,30,"one_slider","Yes","Female","20","English",8.0784,"E 390"
"7001",390,"N","A","NQA","Q","pilot",0.12,31,"one_slider","Yes","Female","20","English",8.0784,"E 390"
"7011",390,"N","I","NQI","Q","priest",0.75,32,"one_slider","Yes","Female","20","English",8.0784,"E 390"
"7021",390,"Y","A","YDA","D","bartender",0.23,33,"one_slider","Yes","Female","20","English",8.0784,"E 390"
"7031",390,"f","l","filler","i","filler1",0.98,34,"one_slider","Yes","Female","20","English",8.0784,"E 390"
"7041",390,"f","l","filler","i","filler4",0.12,35,"one_slider","Yes","Female","20","English",8.0784,"E 390"
"7051",561,"","","","","",0.53,NA,"one_slider_practice","Yes","Female","19","english",13.0739,"E 561"
"7061",561,"","","","","",0.59,NA,"one_slider_practice","Yes","Female","19","english",13.0739,"E 561"
"7071",561,"f","l","filler","i","filler6",0.1,6,"one_slider","Yes","Female","19","english",13.0739,"E 561"
"7081",561,"Y","I","YQI","Q","nutritionist",0.3,7,"one_slider","Yes","Female","19","english",13.0739,"E 561"
"7091",561,"N","I","NQI","Q","professor",0.61,8,"one_slider","Yes","Female","19","english",13.0739,"E 561"
"7101",561,"Y","A","YDA","D","troopleader",0.09,9,"one_slider","Yes","Female","19","english",13.0739,"E 561"
"7111",561,"f","l","filler","i","filler2",0.94,10,"one_slider","Yes","Female","19","english",13.0739,"E 561"
"7121",561,"N","A","NDA","D","conductor",0.59,11,"one_slider","Yes","Female","19","english",13.0739,"E 561"
"7131",561,"N","I","NDI","D","stylist",0.67,12,"one_slider","Yes","Female","19","english",13.0739,"E 561"
"7141",561,"Y","A","YDA","D","choreographer",0.52,13,"one_slider","Yes","Female","19","english",13.0739,"E 561"
"7151",561,"N","A","NDA","D","supervisor",0.87,14,"one_slider","Yes","Female","19","english",13.0739,"E 561"
"7161",561,"N","I","NDI","D","scientist",1,15,"one_slider","Yes","Female","19","english",13.0739,"E 561"
"7171",561,"f","l","filler","i","filler3",0.88,16,"one_slider","Yes","Female","19","english",13.0739,"E 561"
"7181",561,"N","A","NDA","D","pilot",0.5,17,"one_slider","Yes","Female","19","english",13.0739,"E 561"
"7191",561,"Y","I","YQI","Q","fan",0.63,18,"one_slider","Yes","Female","19","english",13.0739,"E 561"
"7201",561,"Y","I","YDI","D","groom",0.25,19,"one_slider","Yes","Female","19","english",13.0739,"E 561"
"7211",561,"N","I","NDI","D","dentist",0.88,20,"one_slider","Yes","Female","19","english",13.0739,"E 561"
"7221",561,"N","A","NQA","Q","playwright",0.82,21,"one_slider","Yes","Female","19","english",13.0739,"E 561"
"7231",561,"f","l","filler","i","filler1",0.91,22,"one_slider","Yes","Female","19","english",13.0739,"E 561"
"7241",561,"N","A","NQA","Q","coach",0.7,23,"one_slider","Yes","Female","19","english",13.0739,"E 561"
"7251",561,"Y","A","YQA","Q","priest",0.28,24,"one_slider","Yes","Female","19","english",13.0739,"E 561"
"7261",561,"f","l","filler","i","filler4",0.4,25,"one_slider","Yes","Female","19","english",13.0739,"E 561"
"7271",561,"Y","I","YDI","D","chef",0.02,26,"one_slider","Yes","Female","19","english",13.0739,"E 561"
"7281",561,"Y","A","YDA","D","pianist",0.28,27,"one_slider","Yes","Female","19","english",13.0739,"E 561"
"7291",561,"N","I","NQI","Q","doctor",0.7,28,"one_slider","Yes","Female","19","english",13.0739,"E 561"
"7301",561,"Y","A","YQA","Q","CEO",0.72,29,"one_slider","Yes","Female","19","english",13.0739,"E 561"
"7311",561,"f","l","filler","i","filler5",0.33,30,"one_slider","Yes","Female","19","english",13.0739,"E 561"
"7321",561,"N","A","NQA","Q","travelagent",0.35,31,"one_slider","Yes","Female","19","english",13.0739,"E 561"
"7331",561,"Y","I","YDI","D","patient",0.72,32,"one_slider","Yes","Female","19","english",13.0739,"E 561"
"7341",561,"Y","A","YQA","Q","queen",0.75,33,"one_slider","Yes","Female","19","english",13.0739,"E 561"
"7351",561,"N","I","NQI","Q","bartender",0.77,34,"one_slider","Yes","Female","19","english",13.0739,"E 561"
"7361",561,"Y","I","YQI","Q","artist",0.77,35,"one_slider","Yes","Female","19","english",13.0739,"E 561"
"7371",155,"","","","","",0.42,NA,"one_slider_practice","Yes","Female","21","Chinese",15.51185,"E 155"
"7381",155,"","","","","",0.91,NA,"one_slider_practice","Yes","Female","21","Chinese",15.51185,"E 155"
"7391",155,"N","A","NQA","Q","patient",0.23,6,"one_slider","Yes","Female","21","Chinese",15.51185,"E 155"
"7401",155,"Y","I","YQI","Q","travelagent",0.19,7,"one_slider","Yes","Female","21","Chinese",15.51185,"E 155"
"7411",155,"N","I","NDI","D","fan",0.16,8,"one_slider","Yes","Female","21","Chinese",15.51185,"E 155"
"7421",155,"N","I","NQI","Q","nutritionist",0.32,9,"one_slider","Yes","Female","21","Chinese",15.51185,"E 155"
"7431",155,"N","A","NDA","D","supervisor",0.52,10,"one_slider","Yes","Female","21","Chinese",15.51185,"E 155"
"7441",155,"Y","I","YDI","D","artist",0.21,11,"one_slider","Yes","Female","21","Chinese",15.51185,"E 155"
"7451",155,"N","I","NQI","Q","coach",0.3,12,"one_slider","Yes","Female","21","Chinese",15.51185,"E 155"
"7461",155,"f","l","filler","i","filler2",0.16,13,"one_slider","Yes","Female","21","Chinese",15.51185,"E 155"
"7471",155,"Y","A","YDA","D","priest",0.47,14,"one_slider","Yes","Female","21","Chinese",15.51185,"E 155"
"7481",155,"N","I","NQI","Q","troopleader",0.18,15,"one_slider","Yes","Female","21","Chinese",15.51185,"E 155"
"7491",155,"N","A","NDA","D","pilot",0.32,16,"one_slider","Yes","Female","21","Chinese",15.51185,"E 155"
"7501",155,"N","A","NDA","D","playwright",0.28,17,"one_slider","Yes","Female","21","Chinese",15.51185,"E 155"
"7511",155,"N","A","NQA","Q","CEO",0.08,18,"one_slider","Yes","Female","21","Chinese",15.51185,"E 155"
"7521",155,"Y","A","YQA","Q","queen",0.67,19,"one_slider","Yes","Female","21","Chinese",15.51185,"E 155"
"7531",155,"Y","I","YDI","D","doctor",0.24,20,"one_slider","Yes","Female","21","Chinese",15.51185,"E 155"
"7541",155,"Y","A","YDA","D","pianist",0.47,21,"one_slider","Yes","Female","21","Chinese",15.51185,"E 155"
"7551",155,"Y","I","YQI","Q","bartender",0.71,22,"one_slider","Yes","Female","21","Chinese",15.51185,"E 155"
"7561",155,"N","A","NQA","Q","dentist",0.17,23,"one_slider","Yes","Female","21","Chinese",15.51185,"E 155"
"7571",155,"f","l","filler","i","filler6",0.48,24,"one_slider","Yes","Female","21","Chinese",15.51185,"E 155"
"7581",155,"N","I","NDI","D","choreographer",0.1,25,"one_slider","Yes","Female","21","Chinese",15.51185,"E 155"
"7591",155,"f","l","filler","i","filler3",0.11,26,"one_slider","Yes","Female","21","Chinese",15.51185,"E 155"
"7601",155,"f","l","filler","i","filler5",0.35,27,"one_slider","Yes","Female","21","Chinese",15.51185,"E 155"
"7611",155,"Y","I","YDI","D","scientist",0.28,28,"one_slider","Yes","Female","21","Chinese",15.51185,"E 155"
"7621",155,"Y","A","YQA","Q","conductor",0.29,29,"one_slider","Yes","Female","21","Chinese",15.51185,"E 155"
"7631",155,"f","l","filler","i","filler4",0.11,30,"one_slider","Yes","Female","21","Chinese",15.51185,"E 155"
"7641",155,"Y","A","YQA","Q","professor",0.13,31,"one_slider","Yes","Female","21","Chinese",15.51185,"E 155"
"7651",155,"Y","I","YQI","Q","chef",0.12,32,"one_slider","Yes","Female","21","Chinese",15.51185,"E 155"
"7661",155,"Y","A","YDA","D","stylist",0.34,33,"one_slider","Yes","Female","21","Chinese",15.51185,"E 155"
"7671",155,"N","I","NDI","D","groom",0.23,34,"one_slider","Yes","Female","21","Chinese",15.51185,"E 155"
"7681",155,"f","l","filler","i","filler1",0.62,35,"one_slider","Yes","Female","21","Chinese",15.51185,"E 155"
"7691",517,"","","","","",0.99,NA,"one_slider_practice","Yes","Female","20","Spanish",266.55925,"E 517"
"7701",517,"","","","","",0.97,NA,"one_slider_practice","Yes","Female","20","Spanish",266.55925,"E 517"
"7711",517,"N","A","NDA","D","scientist",0.22,6,"one_slider","Yes","Female","20","Spanish",266.55925,"E 517"
"7721",517,"f","l","filler","i","filler4",0.02,7,"one_slider","Yes","Female","20","Spanish",266.55925,"E 517"
"7731",517,"Y","A","YQA","Q","nutritionist",0.95,8,"one_slider","Yes","Female","20","Spanish",266.55925,"E 517"
"7741",517,"Y","I","YQI","Q","doctor",0.1,9,"one_slider","Yes","Female","20","Spanish",266.55925,"E 517"
"7751",517,"Y","I","YDI","D","dentist",0.97,10,"one_slider","Yes","Female","20","Spanish",266.55925,"E 517"
"7761",517,"N","I","NQI","Q","CEO",0.09,11,"one_slider","Yes","Female","20","Spanish",266.55925,"E 517"
"7771",517,"N","I","NQI","Q","priest",0.9,12,"one_slider","Yes","Female","20","Spanish",266.55925,"E 517"
"7781",517,"Y","A","YDA","D","troopleader",0.64,13,"one_slider","Yes","Female","20","Spanish",266.55925,"E 517"
"7791",517,"f","l","filler","i","filler3",0.91,14,"one_slider","Yes","Female","20","Spanish",266.55925,"E 517"
"7801",517,"Y","I","YDI","D","professor",0.52,15,"one_slider","Yes","Female","20","Spanish",266.55925,"E 517"
"7811",517,"N","A","NDA","D","fan",0.87,16,"one_slider","Yes","Female","20","Spanish",266.55925,"E 517"
"7821",517,"N","I","NQI","Q","stylist",0.94,17,"one_slider","Yes","Female","20","Spanish",266.55925,"E 517"
"7831",517,"Y","A","YQA","Q","supervisor",0.07,18,"one_slider","Yes","Female","20","Spanish",266.55925,"E 517"
"7841",517,"N","I","NDI","D","choreographer",0.86,19,"one_slider","Yes","Female","20","Spanish",266.55925,"E 517"
"7851",517,"f","l","filler","i","filler2",0.91,20,"one_slider","Yes","Female","20","Spanish",266.55925,"E 517"
"7861",517,"N","I","NDI","D","pilot",0.9,21,"one_slider","Yes","Female","20","Spanish",266.55925,"E 517"
"7871",517,"N","A","NQA","Q","conductor",0.88,22,"one_slider","Yes","Female","20","Spanish",266.55925,"E 517"
"7881",517,"Y","I","YQI","Q","patient",0.92,23,"one_slider","Yes","Female","20","Spanish",266.55925,"E 517"
"7891",517,"N","A","NQA","Q","travelagent",0.5,24,"one_slider","Yes","Female","20","Spanish",266.55925,"E 517"
"7901",517,"N","I","NDI","D","chef",0.87,25,"one_slider","Yes","Female","20","Spanish",266.55925,"E 517"
"7911",517,"Y","I","YDI","D","playwright",0.88,26,"one_slider","Yes","Female","20","Spanish",266.55925,"E 517"
"7921",517,"Y","I","YQI","Q","coach",0.89,27,"one_slider","Yes","Female","20","Spanish",266.55925,"E 517"
"7931",517,"f","l","filler","i","filler1",0.96,28,"one_slider","Yes","Female","20","Spanish",266.55925,"E 517"
"7941",517,"Y","A","YDA","D","pianist",0.92,29,"one_slider","Yes","Female","20","Spanish",266.55925,"E 517"
"7951",517,"N","A","NQA","Q","artist",0.92,30,"one_slider","Yes","Female","20","Spanish",266.55925,"E 517"
"7961",517,"N","A","NDA","D","queen",0.99,31,"one_slider","Yes","Female","20","Spanish",266.55925,"E 517"
"7971",517,"Y","A","YDA","D","bartender",0.91,32,"one_slider","Yes","Female","20","Spanish",266.55925,"E 517"
"7981",517,"Y","A","YQA","Q","groom",0.23,33,"one_slider","Yes","Female","20","Spanish",266.55925,"E 517"
"7991",517,"f","l","filler","i","filler6",0.95,34,"one_slider","Yes","Female","20","Spanish",266.55925,"E 517"
"8001",517,"f","l","filler","i","filler5",0.05,35,"one_slider","Yes","Female","20","Spanish",266.55925,"E 517"
"8011",169,"","","","","",0.83,NA,"one_slider_practice","No","Female","19","Spanish",10.8039,"E 169"
"8021",169,"","","","","",0.78,NA,"one_slider_practice","No","Female","19","Spanish",10.8039,"E 169"
"8031",169,"N","I","NDI","D","patient",1,6,"one_slider","No","Female","19","Spanish",10.8039,"E 169"
"8041",169,"f","l","filler","i","filler4",0.14,7,"one_slider","No","Female","19","Spanish",10.8039,"E 169"
"8051",169,"Y","I","YQI","Q","troopleader",0.61,8,"one_slider","No","Female","19","Spanish",10.8039,"E 169"
"8061",169,"Y","I","YDI","D","choreographer",0.63,9,"one_slider","No","Female","19","Spanish",10.8039,"E 169"
"8071",169,"N","A","NDA","D","queen",0.67,10,"one_slider","No","Female","19","Spanish",10.8039,"E 169"
"8081",169,"f","l","filler","i","filler3",0.77,11,"one_slider","No","Female","19","Spanish",10.8039,"E 169"
"8091",169,"Y","A","YQA","Q","groom",0.27,12,"one_slider","No","Female","19","Spanish",10.8039,"E 169"
"8101",169,"Y","A","YDA","D","playwright",0.51,13,"one_slider","No","Female","19","Spanish",10.8039,"E 169"
"8111",169,"N","A","NQA","Q","professor",0.82,14,"one_slider","No","Female","19","Spanish",10.8039,"E 169"
"8121",169,"N","A","NQA","Q","pilot",0.75,15,"one_slider","No","Female","19","Spanish",10.8039,"E 169"
"8131",169,"N","I","NQI","Q","dentist",0.74,16,"one_slider","No","Female","19","Spanish",10.8039,"E 169"
"8141",169,"N","A","NDA","D","nutritionist",0.78,17,"one_slider","No","Female","19","Spanish",10.8039,"E 169"
"8151",169,"N","A","NDA","D","CEO",0.78,18,"one_slider","No","Female","19","Spanish",10.8039,"E 169"
"8161",169,"f","l","filler","i","filler2",0.86,19,"one_slider","No","Female","19","Spanish",10.8039,"E 169"
"8171",169,"Y","A","YDA","D","travelagent",0.28,20,"one_slider","No","Female","19","Spanish",10.8039,"E 169"
"8181",169,"Y","I","YQI","Q","scientist",0.84,21,"one_slider","No","Female","19","Spanish",10.8039,"E 169"
"8191",169,"f","l","filler","i","filler1",0.91,22,"one_slider","No","Female","19","Spanish",10.8039,"E 169"
"8201",169,"N","I","NQI","Q","pianist",0.79,23,"one_slider","No","Female","19","Spanish",10.8039,"E 169"
"8211",169,"f","l","filler","i","filler6",0.08,24,"one_slider","No","Female","19","Spanish",10.8039,"E 169"
"8221",169,"N","A","NQA","Q","priest",0.89,25,"one_slider","No","Female","19","Spanish",10.8039,"E 169"
"8231",169,"Y","A","YQA","Q","fan",0.83,26,"one_slider","No","Female","19","Spanish",10.8039,"E 169"
"8241",169,"Y","I","YDI","D","chef",0.39,27,"one_slider","No","Female","19","Spanish",10.8039,"E 169"
"8251",169,"N","I","NDI","D","bartender",0.66,28,"one_slider","No","Female","19","Spanish",10.8039,"E 169"
"8261",169,"N","I","NQI","Q","artist",0.93,29,"one_slider","No","Female","19","Spanish",10.8039,"E 169"
"8271",169,"Y","A","YDA","D","stylist",0.72,30,"one_slider","No","Female","19","Spanish",10.8039,"E 169"
"8281",169,"Y","I","YDI","D","conductor",0.64,31,"one_slider","No","Female","19","Spanish",10.8039,"E 169"
"8291",169,"f","l","filler","i","filler5",0.29,32,"one_slider","No","Female","19","Spanish",10.8039,"E 169"
"8301",169,"N","I","NDI","D","supervisor",0.43,33,"one_slider","No","Female","19","Spanish",10.8039,"E 169"
"8311",169,"Y","I","YQI","Q","coach",0.57,34,"one_slider","No","Female","19","Spanish",10.8039,"E 169"
"8321",169,"Y","A","YQA","Q","doctor",0.72,35,"one_slider","No","Female","19","Spanish",10.8039,"E 169"
"8331",331,"","","","","",0.95,NA,"one_slider_practice","Yes","Female","21","English and Spanish",13.6599833333333,"E 331"
"8341",331,"","","","","",1,NA,"one_slider_practice","Yes","Female","21","English and Spanish",13.6599833333333,"E 331"
"8351",331,"Y","A","YDA","D","priest",0.5,6,"one_slider","Yes","Female","21","English and Spanish",13.6599833333333,"E 331"
"8361",331,"N","A","NDA","D","patient",1,7,"one_slider","Yes","Female","21","English and Spanish",13.6599833333333,"E 331"
"8371",331,"N","A","NQA","Q","playwright",0.34,8,"one_slider","Yes","Female","21","English and Spanish",13.6599833333333,"E 331"
"8381",331,"N","A","NDA","D","troopleader",1,9,"one_slider","Yes","Female","21","English and Spanish",13.6599833333333,"E 331"
"8391",331,"N","A","NQA","Q","artist",1,10,"one_slider","Yes","Female","21","English and Spanish",13.6599833333333,"E 331"
"8401",331,"N","I","NQI","Q","queen",1,11,"one_slider","Yes","Female","21","English and Spanish",13.6599833333333,"E 331"
"8411",331,"N","I","NDI","D","stylist",0.77,12,"one_slider","Yes","Female","21","English and Spanish",13.6599833333333,"E 331"
"8421",331,"Y","I","YDI","D","nutritionist",0.09,13,"one_slider","Yes","Female","21","English and Spanish",13.6599833333333,"E 331"
"8431",331,"f","l","filler","i","filler5",0,14,"one_slider","Yes","Female","21","English and Spanish",13.6599833333333,"E 331"
"8441",331,"f","l","filler","i","filler2",1,15,"one_slider","Yes","Female","21","English and Spanish",13.6599833333333,"E 331"
"8451",331,"Y","A","YQA","Q","CEO",0.6,16,"one_slider","Yes","Female","21","English and Spanish",13.6599833333333,"E 331"
"8461",331,"Y","I","YDI","D","travelagent",0.46,17,"one_slider","Yes","Female","21","English and Spanish",13.6599833333333,"E 331"
"8471",331,"f","l","filler","i","filler4",0.03,18,"one_slider","Yes","Female","21","English and Spanish",13.6599833333333,"E 331"
"8481",331,"N","I","NQI","Q","pilot",1,19,"one_slider","Yes","Female","21","English and Spanish",13.6599833333333,"E 331"
"8491",331,"Y","A","YQA","Q","groom",1,20,"one_slider","Yes","Female","21","English and Spanish",13.6599833333333,"E 331"
"8501",331,"Y","I","YQI","Q","chef",0.73,21,"one_slider","Yes","Female","21","English and Spanish",13.6599833333333,"E 331"
"8511",331,"Y","I","YQI","Q","bartender",0.4,22,"one_slider","Yes","Female","21","English and Spanish",13.6599833333333,"E 331"
"8521",331,"N","A","NQA","Q","pianist",0.99,23,"one_slider","Yes","Female","21","English and Spanish",13.6599833333333,"E 331"
"8531",331,"f","l","filler","i","filler1",1,24,"one_slider","Yes","Female","21","English and Spanish",13.6599833333333,"E 331"
"8541",331,"Y","A","YDA","D","doctor",0.69,25,"one_slider","Yes","Female","21","English and Spanish",13.6599833333333,"E 331"
"8551",331,"Y","A","YDA","D","coach",1,26,"one_slider","Yes","Female","21","English and Spanish",13.6599833333333,"E 331"
"8561",331,"N","A","NDA","D","conductor",1,27,"one_slider","Yes","Female","21","English and Spanish",13.6599833333333,"E 331"
"8571",331,"Y","I","YDI","D","fan",0.26,28,"one_slider","Yes","Female","21","English and Spanish",13.6599833333333,"E 331"
"8581",331,"N","I","NDI","D","choreographer",1,29,"one_slider","Yes","Female","21","English and Spanish",13.6599833333333,"E 331"
"8591",331,"Y","I","YQI","Q","professor",0.45,30,"one_slider","Yes","Female","21","English and Spanish",13.6599833333333,"E 331"
"8601",331,"f","l","filler","i","filler3",1,31,"one_slider","Yes","Female","21","English and Spanish",13.6599833333333,"E 331"
"8611",331,"N","I","NDI","D","scientist",1,32,"one_slider","Yes","Female","21","English and Spanish",13.6599833333333,"E 331"
"8621",331,"f","l","filler","i","filler6",0.03,33,"one_slider","Yes","Female","21","English and Spanish",13.6599833333333,"E 331"
"8631",331,"Y","A","YQA","Q","supervisor",0,34,"one_slider","Yes","Female","21","English and Spanish",13.6599833333333,"E 331"
"8641",331,"N","I","NQI","Q","dentist",1,35,"one_slider","Yes","Female","21","English and Spanish",13.6599833333333,"E 331"
"8651",399,"","","","","",0.72,NA,"one_slider_practice","Yes","Male","24","English and Spanish",10.5059166666667,"E 399"
"8661",399,"","","","","",0.63,NA,"one_slider_practice","Yes","Male","24","English and Spanish",10.5059166666667,"E 399"
"8671",399,"Y","A","YDA","D","scientist",0.32,6,"one_slider","Yes","Male","24","English and Spanish",10.5059166666667,"E 399"
"8681",399,"Y","I","YDI","D","fan",0.48,7,"one_slider","Yes","Male","24","English and Spanish",10.5059166666667,"E 399"
"8691",399,"N","I","NDI","D","chef",0.42,8,"one_slider","Yes","Male","24","English and Spanish",10.5059166666667,"E 399"
"8701",399,"Y","I","YQI","Q","choreographer",0.56,9,"one_slider","Yes","Male","24","English and Spanish",10.5059166666667,"E 399"
"8711",399,"N","A","NDA","D","bartender",0.56,10,"one_slider","Yes","Male","24","English and Spanish",10.5059166666667,"E 399"
"8721",399,"f","l","filler","i","filler4",0.47,11,"one_slider","Yes","Male","24","English and Spanish",10.5059166666667,"E 399"
"8731",399,"N","A","NQA","Q","priest",0.66,12,"one_slider","Yes","Male","24","English and Spanish",10.5059166666667,"E 399"
"8741",399,"N","A","NDA","D","professor",0.69,13,"one_slider","Yes","Male","24","English and Spanish",10.5059166666667,"E 399"
"8751",399,"Y","A","YDA","D","patient",0.7,14,"one_slider","Yes","Male","24","English and Spanish",10.5059166666667,"E 399"
"8761",399,"Y","A","YQA","Q","stylist",0.38,15,"one_slider","Yes","Male","24","English and Spanish",10.5059166666667,"E 399"
"8771",399,"f","l","filler","i","filler5",0.6,16,"one_slider","Yes","Male","24","English and Spanish",10.5059166666667,"E 399"
"8781",399,"f","l","filler","i","filler2",0.67,17,"one_slider","Yes","Male","24","English and Spanish",10.5059166666667,"E 399"
"8791",399,"Y","A","YQA","Q","queen",0.8,18,"one_slider","Yes","Male","24","English and Spanish",10.5059166666667,"E 399"
"8801",399,"N","I","NQI","Q","artist",0.74,19,"one_slider","Yes","Male","24","English and Spanish",10.5059166666667,"E 399"
"8811",399,"Y","I","YDI","D","nutritionist",0.71,20,"one_slider","Yes","Male","24","English and Spanish",10.5059166666667,"E 399"
"8821",399,"Y","I","YDI","D","supervisor",0.32,21,"one_slider","Yes","Male","24","English and Spanish",10.5059166666667,"E 399"
"8831",399,"N","I","NDI","D","playwright",0.71,22,"one_slider","Yes","Male","24","English and Spanish",10.5059166666667,"E 399"
"8841",399,"Y","A","YQA","Q","conductor",0.45,23,"one_slider","Yes","Male","24","English and Spanish",10.5059166666667,"E 399"
"8851",399,"N","A","NQA","Q","dentist",0.51,24,"one_slider","Yes","Male","24","English and Spanish",10.5059166666667,"E 399"
"8861",399,"f","l","filler","i","filler3",0.65,25,"one_slider","Yes","Male","24","English and Spanish",10.5059166666667,"E 399"
"8871",399,"Y","I","YQI","Q","coach",0.64,26,"one_slider","Yes","Male","24","English and Spanish",10.5059166666667,"E 399"
"8881",399,"N","I","NDI","D","pilot",0.71,27,"one_slider","Yes","Male","24","English and Spanish",10.5059166666667,"E 399"
"8891",399,"f","l","filler","i","filler1",0.77,28,"one_slider","Yes","Male","24","English and Spanish",10.5059166666667,"E 399"
"8901",399,"N","A","NDA","D","groom",0.71,29,"one_slider","Yes","Male","24","English and Spanish",10.5059166666667,"E 399"
"8911",399,"Y","A","YDA","D","doctor",0.78,30,"one_slider","Yes","Male","24","English and Spanish",10.5059166666667,"E 399"
"8921",399,"N","A","NQA","Q","pianist",0.77,31,"one_slider","Yes","Male","24","English and Spanish",10.5059166666667,"E 399"
"8931",399,"f","l","filler","i","filler6",0.17,32,"one_slider","Yes","Male","24","English and Spanish",10.5059166666667,"E 399"
"8941",399,"N","I","NQI","Q","troopleader",0.7,33,"one_slider","Yes","Male","24","English and Spanish",10.5059166666667,"E 399"
"8951",399,"N","I","NQI","Q","travelagent",0.84,34,"one_slider","Yes","Male","24","English and Spanish",10.5059166666667,"E 399"
"8961",399,"Y","I","YQI","Q","CEO",0.27,35,"one_slider","Yes","Male","24","English and Spanish",10.5059166666667,"E 399"
"8971",525,"","","","","",0.32,NA,"one_slider_practice","Confused","Female","19","english ",68.1094666666667,"E 525"
"8981",525,"","","","","",0.38,NA,"one_slider_practice","Confused","Female","19","english ",68.1094666666667,"E 525"
"8991",525,"N","A","NQA","Q","professor",0.12,6,"one_slider","Confused","Female","19","english ",68.1094666666667,"E 525"
"9001",525,"Y","A","YQA","Q","groom",0.6,7,"one_slider","Confused","Female","19","english ",68.1094666666667,"E 525"
"9011",525,"N","A","NQA","Q","travelagent",0.57,8,"one_slider","Confused","Female","19","english ",68.1094666666667,"E 525"
"9021",525,"Y","A","YDA","D","nutritionist",0.48,9,"one_slider","Confused","Female","19","english ",68.1094666666667,"E 525"
"9031",525,"f","l","filler","i","filler4",0.51,10,"one_slider","Confused","Female","19","english ",68.1094666666667,"E 525"
"9041",525,"f","l","filler","i","filler5",0.5,11,"one_slider","Confused","Female","19","english ",68.1094666666667,"E 525"
"9051",525,"Y","I","YDI","D","stylist",0.45,12,"one_slider","Confused","Female","19","english ",68.1094666666667,"E 525"
"9061",525,"Y","A","YQA","Q","conductor",0.51,13,"one_slider","Confused","Female","19","english ",68.1094666666667,"E 525"
"9071",525,"N","I","NDI","D","doctor",0.47,14,"one_slider","Confused","Female","19","english ",68.1094666666667,"E 525"
"9081",525,"Y","I","YQI","Q","playwright",0.46,15,"one_slider","Confused","Female","19","english ",68.1094666666667,"E 525"
"9091",525,"N","A","NDA","D","fan",0.5,16,"one_slider","Confused","Female","19","english ",68.1094666666667,"E 525"
"9101",525,"N","A","NQA","Q","supervisor",0.48,17,"one_slider","Confused","Female","19","english ",68.1094666666667,"E 525"
"9111",525,"f","l","filler","i","filler6",0.5,18,"one_slider","Confused","Female","19","english ",68.1094666666667,"E 525"
"9121",525,"Y","I","YQI","Q","pianist",0.44,19,"one_slider","Confused","Female","19","english ",68.1094666666667,"E 525"
"9131",525,"Y","I","YDI","D","bartender",0.5,20,"one_slider","Confused","Female","19","english ",68.1094666666667,"E 525"
"9141",525,"Y","A","YQA","Q","chef",0.52,21,"one_slider","Confused","Female","19","english ",68.1094666666667,"E 525"
"9151",525,"Y","I","YQI","Q","pilot",0.47,22,"one_slider","Confused","Female","19","english ",68.1094666666667,"E 525"
"9161",525,"Y","A","YDA","D","coach",0.5,23,"one_slider","Confused","Female","19","english ",68.1094666666667,"E 525"
"9171",525,"f","l","filler","i","filler2",0.49,24,"one_slider","Confused","Female","19","english ",68.1094666666667,"E 525"
"9181",525,"N","A","NDA","D","CEO",0.5,25,"one_slider","Confused","Female","19","english ",68.1094666666667,"E 525"
"9191",525,"Y","I","YDI","D","patient",0.49,26,"one_slider","Confused","Female","19","english ",68.1094666666667,"E 525"
"9201",525,"N","I","NQI","Q","dentist",0.47,27,"one_slider","Confused","Female","19","english ",68.1094666666667,"E 525"
"9211",525,"f","l","filler","i","filler3",0.5,28,"one_slider","Confused","Female","19","english ",68.1094666666667,"E 525"
"9221",525,"N","I","NQI","Q","choreographer",0.46,29,"one_slider","Confused","Female","19","english ",68.1094666666667,"E 525"
"9231",525,"N","I","NQI","Q","queen",0.52,30,"one_slider","Confused","Female","19","english ",68.1094666666667,"E 525"
"9241",525,"f","l","filler","i","filler1",0.42,31,"one_slider","Confused","Female","19","english ",68.1094666666667,"E 525"
"9251",525,"Y","A","YDA","D","priest",0.48,32,"one_slider","Confused","Female","19","english ",68.1094666666667,"E 525"
"9261",525,"N","A","NDA","D","troopleader",0.47,33,"one_slider","Confused","Female","19","english ",68.1094666666667,"E 525"
"9271",525,"N","I","NDI","D","artist",0.51,34,"one_slider","Confused","Female","19","english ",68.1094666666667,"E 525"
"9281",525,"N","I","NDI","D","scientist",0.47,35,"one_slider","Confused","Female","19","english ",68.1094666666667,"E 525"
"9291",260,"","","","","",0.2,NA,"one_slider_practice","Confused","Female","21","Chinese",13.3115666666667,"E 260"
"9301",260,"","","","","",1,NA,"one_slider_practice","Confused","Female","21","Chinese",13.3115666666667,"E 260"
"9311",260,"Y","I","YDI","D","artist",0.95,6,"one_slider","Confused","Female","21","Chinese",13.3115666666667,"E 260"
"9321",260,"N","I","NQI","Q","nutritionist",0.14,7,"one_slider","Confused","Female","21","Chinese",13.3115666666667,"E 260"
"9331",260,"Y","A","YQA","Q","playwright",0.11,8,"one_slider","Confused","Female","21","Chinese",13.3115666666667,"E 260"
"9341",260,"Y","I","YQI","Q","travelagent",0.24,9,"one_slider","Confused","Female","21","Chinese",13.3115666666667,"E 260"
"9351",260,"N","I","NQI","Q","doctor",0.48,10,"one_slider","Confused","Female","21","Chinese",13.3115666666667,"E 260"
"9361",260,"f","l","filler","i","filler6",0.55,11,"one_slider","Confused","Female","21","Chinese",13.3115666666667,"E 260"
"9371",260,"Y","I","YQI","Q","priest",0.47,12,"one_slider","Confused","Female","21","Chinese",13.3115666666667,"E 260"
"9381",260,"N","A","NQA","Q","bartender",0.26,13,"one_slider","Confused","Female","21","Chinese",13.3115666666667,"E 260"
"9391",260,"Y","A","YQA","Q","professor",0.28,14,"one_slider","Confused","Female","21","Chinese",13.3115666666667,"E 260"
"9401",260,"Y","I","YDI","D","choreographer",0.3,15,"one_slider","Confused","Female","21","Chinese",13.3115666666667,"E 260"
"9411",260,"Y","A","YQA","Q","pianist",0.07,16,"one_slider","Confused","Female","21","Chinese",13.3115666666667,"E 260"
"9421",260,"f","l","filler","i","filler5",0.41,17,"one_slider","Confused","Female","21","Chinese",13.3115666666667,"E 260"
"9431",260,"f","l","filler","i","filler4",0.39,18,"one_slider","Confused","Female","21","Chinese",13.3115666666667,"E 260"
"9441",260,"N","I","NQI","Q","coach",0.73,19,"one_slider","Confused","Female","21","Chinese",13.3115666666667,"E 260"
"9451",260,"N","A","NQA","Q","chef",0.23,20,"one_slider","Confused","Female","21","Chinese",13.3115666666667,"E 260"
"9461",260,"N","A","NDA","D","fan",0.77,21,"one_slider","Confused","Female","21","Chinese",13.3115666666667,"E 260"
"9471",260,"f","l","filler","i","filler1",0.26,22,"one_slider","Confused","Female","21","Chinese",13.3115666666667,"E 260"
"9481",260,"N","A","NDA","D","scientist",0.65,23,"one_slider","Confused","Female","21","Chinese",13.3115666666667,"E 260"
"9491",260,"Y","I","YQI","Q","conductor",0.2,24,"one_slider","Confused","Female","21","Chinese",13.3115666666667,"E 260"
"9501",260,"N","I","NDI","D","CEO",0.44,25,"one_slider","Confused","Female","21","Chinese",13.3115666666667,"E 260"
"9511",260,"Y","A","YDA","D","stylist",0.13,26,"one_slider","Confused","Female","21","Chinese",13.3115666666667,"E 260"
"9521",260,"N","I","NDI","D","patient",0.63,27,"one_slider","Confused","Female","21","Chinese",13.3115666666667,"E 260"
"9531",260,"N","A","NDA","D","pilot",0.32,28,"one_slider","Confused","Female","21","Chinese",13.3115666666667,"E 260"
"9541",260,"Y","A","YDA","D","groom",0.72,29,"one_slider","Confused","Female","21","Chinese",13.3115666666667,"E 260"
"9551",260,"N","A","NQA","Q","dentist",0.52,30,"one_slider","Confused","Female","21","Chinese",13.3115666666667,"E 260"
"9561",260,"N","I","NDI","D","supervisor",0.25,31,"one_slider","Confused","Female","21","Chinese",13.3115666666667,"E 260"
"9571",260,"f","l","filler","i","filler3",0.77,32,"one_slider","Confused","Female","21","Chinese",13.3115666666667,"E 260"
"9581",260,"f","l","filler","i","filler2",0.72,33,"one_slider","Confused","Female","21","Chinese",13.3115666666667,"E 260"
"9591",260,"Y","I","YDI","D","queen",0.61,34,"one_slider","Confused","Female","21","Chinese",13.3115666666667,"E 260"
"9601",260,"Y","A","YDA","D","troopleader",0.6,35,"one_slider","Confused","Female","21","Chinese",13.3115666666667,"E 260"
"9611",582,"","","","","",0.49,NA,"one_slider_practice","Yes","Male","20","Mandarin ",8.6936,"E 582"
"9621",582,"","","","","",0.37,NA,"one_slider_practice","Yes","Male","20","Mandarin ",8.6936,"E 582"
"9631",582,"N","I","NQI","Q","dentist",0.31,6,"one_slider","Yes","Male","20","Mandarin ",8.6936,"E 582"
"9641",582,"Y","A","YDA","D","playwright",0.52,7,"one_slider","Yes","Male","20","Mandarin ",8.6936,"E 582"
"9651",582,"f","l","filler","i","filler2",0.8,8,"one_slider","Yes","Male","20","Mandarin ",8.6936,"E 582"
"9661",582,"Y","I","YQI","Q","chef",0.79,9,"one_slider","Yes","Male","20","Mandarin ",8.6936,"E 582"
"9671",582,"Y","A","YDA","D","artist",0.49,10,"one_slider","Yes","Male","20","Mandarin ",8.6936,"E 582"
"9681",582,"N","I","NDI","D","stylist",0.7,11,"one_slider","Yes","Male","20","Mandarin ",8.6936,"E 582"
"9691",582,"N","I","NDI","D","conductor",0.84,12,"one_slider","Yes","Male","20","Mandarin ",8.6936,"E 582"
"9701",582,"N","A","NQA","Q","CEO",0.95,13,"one_slider","Yes","Male","20","Mandarin ",8.6936,"E 582"
"9711",582,"N","I","NDI","D","troopleader",0.84,14,"one_slider","Yes","Male","20","Mandarin ",8.6936,"E 582"
"9721",582,"N","A","NQA","Q","choreographer",0.89,15,"one_slider","Yes","Male","20","Mandarin ",8.6936,"E 582"
"9731",582,"N","I","NQI","Q","professor",0.79,16,"one_slider","Yes","Male","20","Mandarin ",8.6936,"E 582"
"9741",582,"N","A","NDA","D","bartender",0.77,17,"one_slider","Yes","Male","20","Mandarin ",8.6936,"E 582"
"9751",582,"Y","A","YDA","D","travelagent",0.75,18,"one_slider","Yes","Male","20","Mandarin ",8.6936,"E 582"
"9761",582,"Y","A","YQA","Q","nutritionist",0.3,19,"one_slider","Yes","Male","20","Mandarin ",8.6936,"E 582"
"9771",582,"Y","I","YQI","Q","coach",0.43,20,"one_slider","Yes","Male","20","Mandarin ",8.6936,"E 582"
"9781",582,"f","l","filler","i","filler5",0.63,21,"one_slider","Yes","Male","20","Mandarin ",8.6936,"E 582"
"9791",582,"f","l","filler","i","filler4",0.85,22,"one_slider","Yes","Male","20","Mandarin ",8.6936,"E 582"
"9801",582,"f","l","filler","i","filler3",0.75,23,"one_slider","Yes","Male","20","Mandarin ",8.6936,"E 582"
"9811",582,"Y","I","YDI","D","scientist",0.46,24,"one_slider","Yes","Male","20","Mandarin ",8.6936,"E 582"
"9821",582,"Y","I","YDI","D","supervisor",0.83,25,"one_slider","Yes","Male","20","Mandarin ",8.6936,"E 582"
"9831",582,"N","A","NDA","D","priest",0.76,26,"one_slider","Yes","Male","20","Mandarin ",8.6936,"E 582"
"9841",582,"Y","I","YDI","D","doctor",0.62,27,"one_slider","Yes","Male","20","Mandarin ",8.6936,"E 582"
"9851",582,"N","I","NQI","Q","patient",0.85,28,"one_slider","Yes","Male","20","Mandarin ",8.6936,"E 582"
"9861",582,"Y","A","YQA","Q","queen",0.95,29,"one_slider","Yes","Male","20","Mandarin ",8.6936,"E 582"
"9871",582,"N","A","NQA","Q","fan",0.38,30,"one_slider","Yes","Male","20","Mandarin ",8.6936,"E 582"
"9881",582,"f","l","filler","i","filler6",0.6,31,"one_slider","Yes","Male","20","Mandarin ",8.6936,"E 582"
"9891",582,"N","A","NDA","D","pianist",0.79,32,"one_slider","Yes","Male","20","Mandarin ",8.6936,"E 582"
"9901",582,"Y","A","YQA","Q","groom",0.35,33,"one_slider","Yes","Male","20","Mandarin ",8.6936,"E 582"
"9911",582,"f","l","filler","i","filler1",0.85,34,"one_slider","Yes","Male","20","Mandarin ",8.6936,"E 582"
"9921",582,"Y","I","YQI","Q","pilot",0.78,35,"one_slider","Yes","Male","20","Mandarin ",8.6936,"E 582"
"9931",280,"","","","","",0.75,NA,"one_slider_practice","Yes","Female","20","english",68.5426,"E 280"
"9941",280,"","","","","",0.5,NA,"one_slider_practice","Yes","Female","20","english",68.5426,"E 280"
"9951",280,"Y","I","YQI","Q","groom",0,6,"one_slider","Yes","Female","20","english",68.5426,"E 280"
"9961",280,"Y","I","YDI","D","fan",0.66,7,"one_slider","Yes","Female","20","english",68.5426,"E 280"
"9971",280,"Y","A","YDA","D","priest",0.72,8,"one_slider","Yes","Female","20","english",68.5426,"E 280"
"9981",280,"f","l","filler","i","filler1",0.58,9,"one_slider","Yes","Female","20","english",68.5426,"E 280"
"9991",280,"N","A","NQA","Q","choreographer",0.6,10,"one_slider","Yes","Female","20","english",68.5426,"E 280"
"10001",280,"f","l","filler","i","filler6",0.33,11,"one_slider","Yes","Female","20","english",68.5426,"E 280"
"10011",280,"N","A","NDA","D","troopleader",0.84,12,"one_slider","Yes","Female","20","english",68.5426,"E 280"
"10021",280,"N","I","NQI","Q","playwright",0.9,13,"one_slider","Yes","Female","20","english",68.5426,"E 280"
"10031",280,"f","l","filler","i","filler2",0.93,14,"one_slider","Yes","Female","20","english",68.5426,"E 280"
"10041",280,"Y","I","YQI","Q","doctor",0.93,15,"one_slider","Yes","Female","20","english",68.5426,"E 280"
"10051",280,"Y","A","YDA","D","conductor",0.63,16,"one_slider","Yes","Female","20","english",68.5426,"E 280"
"10061",280,"Y","I","YDI","D","nutritionist",0.8,17,"one_slider","Yes","Female","20","english",68.5426,"E 280"
"10071",280,"Y","A","YQA","Q","scientist",0.88,18,"one_slider","Yes","Female","20","english",68.5426,"E 280"
"10081",280,"N","A","NDA","D","travelagent",0.66,19,"one_slider","Yes","Female","20","english",68.5426,"E 280"
"10091",280,"N","I","NDI","D","artist",0.48,20,"one_slider","Yes","Female","20","english",68.5426,"E 280"
"10101",280,"Y","I","YDI","D","CEO",0.39,21,"one_slider","Yes","Female","20","english",68.5426,"E 280"
"10111",280,"N","I","NDI","D","supervisor",0.64,22,"one_slider","Yes","Female","20","english",68.5426,"E 280"
"10121",280,"N","I","NDI","D","professor",0.92,23,"one_slider","Yes","Female","20","english",68.5426,"E 280"
"10131",280,"N","I","NQI","Q","patient",0.85,24,"one_slider","Yes","Female","20","english",68.5426,"E 280"
"10141",280,"f","l","filler","i","filler4",0.74,25,"one_slider","Yes","Female","20","english",68.5426,"E 280"
"10151",280,"N","I","NQI","Q","bartender",0.4,26,"one_slider","Yes","Female","20","english",68.5426,"E 280"
"10161",280,"N","A","NQA","Q","queen",0.95,27,"one_slider","Yes","Female","20","english",68.5426,"E 280"
"10171",280,"Y","I","YQI","Q","pianist",0.14,28,"one_slider","Yes","Female","20","english",68.5426,"E 280"
"10181",280,"N","A","NQA","Q","pilot",0.7,29,"one_slider","Yes","Female","20","english",68.5426,"E 280"
"10191",280,"f","l","filler","i","filler5",0.87,30,"one_slider","Yes","Female","20","english",68.5426,"E 280"
"10201",280,"Y","A","YQA","Q","coach",0.47,31,"one_slider","Yes","Female","20","english",68.5426,"E 280"
"10211",280,"Y","A","YDA","D","dentist",0.47,32,"one_slider","Yes","Female","20","english",68.5426,"E 280"
"10221",280,"f","l","filler","i","filler3",0.88,33,"one_slider","Yes","Female","20","english",68.5426,"E 280"
"10231",280,"Y","A","YQA","Q","stylist",0.68,34,"one_slider","Yes","Female","20","english",68.5426,"E 280"
"10241",280,"N","A","NDA","D","chef",0.69,35,"one_slider","Yes","Female","20","english",68.5426,"E 280"
"10251",286,"","","","","",0.92,NA,"one_slider_practice","Yes","Female","20","Spanish",5.54206666666667,"E 286"
"10261",286,"","","","","",0.8,NA,"one_slider_practice","Yes","Female","20","Spanish",5.54206666666667,"E 286"
"10271",286,"Y","I","YQI","Q","choreographer",0.2,6,"one_slider","Yes","Female","20","Spanish",5.54206666666667,"E 286"
"10281",286,"Y","I","YDI","D","stylist",0.85,7,"one_slider","Yes","Female","20","Spanish",5.54206666666667,"E 286"
"10291",286,"Y","I","YDI","D","bartender",0.83,8,"one_slider","Yes","Female","20","Spanish",5.54206666666667,"E 286"
"10301",286,"Y","A","YQA","Q","travelagent",0.96,9,"one_slider","Yes","Female","20","Spanish",5.54206666666667,"E 286"
"10311",286,"Y","A","YDA","D","scientist",0.81,10,"one_slider","Yes","Female","20","Spanish",5.54206666666667,"E 286"
"10321",286,"f","l","filler","i","filler6",0.16,11,"one_slider","Yes","Female","20","Spanish",5.54206666666667,"E 286"
"10331",286,"Y","I","YDI","D","professor",0.46,12,"one_slider","Yes","Female","20","Spanish",5.54206666666667,"E 286"
"10341",286,"Y","A","YDA","D","doctor",0.97,13,"one_slider","Yes","Female","20","Spanish",5.54206666666667,"E 286"
"10351",286,"f","l","filler","i","filler5",0.48,14,"one_slider","Yes","Female","20","Spanish",5.54206666666667,"E 286"
"10361",286,"N","I","NDI","D","groom",1,15,"one_slider","Yes","Female","20","Spanish",5.54206666666667,"E 286"
"10371",286,"Y","A","YDA","D","nutritionist",0,16,"one_slider","Yes","Female","20","Spanish",5.54206666666667,"E 286"
"10381",286,"N","A","NDA","D","priest",1,17,"one_slider","Yes","Female","20","Spanish",5.54206666666667,"E 286"
"10391",286,"f","l","filler","i","filler4",0.85,18,"one_slider","Yes","Female","20","Spanish",5.54206666666667,"E 286"
"10401",286,"N","A","NDA","D","pianist",0.58,19,"one_slider","Yes","Female","20","Spanish",5.54206666666667,"E 286"
"10411",286,"N","I","NDI","D","coach",0.81,20,"one_slider","Yes","Female","20","Spanish",5.54206666666667,"E 286"
"10421",286,"N","I","NQI","Q","conductor",0.25,21,"one_slider","Yes","Female","20","Spanish",5.54206666666667,"E 286"
"10431",286,"N","I","NDI","D","playwright",0.23,22,"one_slider","Yes","Female","20","Spanish",5.54206666666667,"E 286"
"10441",286,"Y","I","YQI","Q","chef",0.89,23,"one_slider","Yes","Female","20","Spanish",5.54206666666667,"E 286"
"10451",286,"f","l","filler","i","filler2",0.55,24,"one_slider","Yes","Female","20","Spanish",5.54206666666667,"E 286"
"10461",286,"f","l","filler","i","filler1",0.85,25,"one_slider","Yes","Female","20","Spanish",5.54206666666667,"E 286"
"10471",286,"N","I","NQI","Q","CEO",0.71,26,"one_slider","Yes","Female","20","Spanish",5.54206666666667,"E 286"
"10481",286,"N","A","NQA","Q","troopleader",0.47,27,"one_slider","Yes","Female","20","Spanish",5.54206666666667,"E 286"
"10491",286,"Y","I","YQI","Q","dentist",0.21,28,"one_slider","Yes","Female","20","Spanish",5.54206666666667,"E 286"
"10501",286,"Y","A","YQA","Q","pilot",0.56,29,"one_slider","Yes","Female","20","Spanish",5.54206666666667,"E 286"
"10511",286,"Y","A","YQA","Q","fan",0.78,30,"one_slider","Yes","Female","20","Spanish",5.54206666666667,"E 286"
"10521",286,"f","l","filler","i","filler3",0.18,31,"one_slider","Yes","Female","20","Spanish",5.54206666666667,"E 286"
"10531",286,"N","A","NDA","D","supervisor",0.54,32,"one_slider","Yes","Female","20","Spanish",5.54206666666667,"E 286"
"10541",286,"N","A","NQA","Q","patient",0.72,33,"one_slider","Yes","Female","20","Spanish",5.54206666666667,"E 286"
"10551",286,"N","I","NQI","Q","artist",0.79,34,"one_slider","Yes","Female","20","Spanish",5.54206666666667,"E 286"
"10561",286,"N","A","NQA","Q","queen",0.83,35,"one_slider","Yes","Female","20","Spanish",5.54206666666667,"E 286"
"10571",457,"","","","","",0.87,NA,"one_slider_practice","Yes","Female","21","Thai and English",12.0612833333333,"E 457"
"10581",457,"","","","","",0.22,NA,"one_slider_practice","Yes","Female","21","Thai and English",12.0612833333333,"E 457"
"10591",457,"N","I","NDI","D","dentist",0.54,6,"one_slider","Yes","Female","21","Thai and English",12.0612833333333,"E 457"
"10601",457,"N","I","NDI","D","pilot",0.56,7,"one_slider","Yes","Female","21","Thai and English",12.0612833333333,"E 457"
"10611",457,"Y","I","YDI","D","fan",0.3,8,"one_slider","Yes","Female","21","Thai and English",12.0612833333333,"E 457"
"10621",457,"f","l","filler","i","filler4",0.14,9,"one_slider","Yes","Female","21","Thai and English",12.0612833333333,"E 457"
"10631",457,"Y","A","YDA","D","nutritionist",0.36,10,"one_slider","Yes","Female","21","Thai and English",12.0612833333333,"E 457"
"10641",457,"Y","I","YDI","D","doctor",0.88,11,"one_slider","Yes","Female","21","Thai and English",12.0612833333333,"E 457"
"10651",457,"N","I","NDI","D","groom",0.69,12,"one_slider","Yes","Female","21","Thai and English",12.0612833333333,"E 457"
"10661",457,"Y","A","YDA","D","conductor",0.82,13,"one_slider","Yes","Female","21","Thai and English",12.0612833333333,"E 457"
"10671",457,"N","A","NDA","D","playwright",0.62,14,"one_slider","Yes","Female","21","Thai and English",12.0612833333333,"E 457"
"10681",457,"Y","I","YQI","Q","bartender",0.76,15,"one_slider","Yes","Female","21","Thai and English",12.0612833333333,"E 457"
"10691",457,"f","l","filler","i","filler2",0.88,16,"one_slider","Yes","Female","21","Thai and English",12.0612833333333,"E 457"
"10701",457,"Y","I","YQI","Q","CEO",0.19,17,"one_slider","Yes","Female","21","Thai and English",12.0612833333333,"E 457"
"10711",457,"N","A","NQA","Q","patient",0.92,18,"one_slider","Yes","Female","21","Thai and English",12.0612833333333,"E 457"
"10721",457,"f","l","filler","i","filler6",0.17,19,"one_slider","Yes","Female","21","Thai and English",12.0612833333333,"E 457"
"10731",457,"N","A","NDA","D","artist",0.39,20,"one_slider","Yes","Female","21","Thai and English",12.0612833333333,"E 457"
"10741",457,"N","I","NQI","Q","scientist",0.72,21,"one_slider","Yes","Female","21","Thai and English",12.0612833333333,"E 457"
"10751",457,"Y","A","YDA","D","professor",0.68,22,"one_slider","Yes","Female","21","Thai and English",12.0612833333333,"E 457"
"10761",457,"f","l","filler","i","filler1",0.83,23,"one_slider","Yes","Female","21","Thai and English",12.0612833333333,"E 457"
"10771",457,"Y","A","YQA","Q","troopleader",0.83,24,"one_slider","Yes","Female","21","Thai and English",12.0612833333333,"E 457"
"10781",457,"Y","A","YQA","Q","travelagent",0.32,25,"one_slider","Yes","Female","21","Thai and English",12.0612833333333,"E 457"
"10791",457,"f","l","filler","i","filler5",0.78,26,"one_slider","Yes","Female","21","Thai and English",12.0612833333333,"E 457"
"10801",457,"N","I","NQI","Q","stylist",0.81,27,"one_slider","Yes","Female","21","Thai and English",12.0612833333333,"E 457"
"10811",457,"Y","I","YDI","D","queen",0.8,28,"one_slider","Yes","Female","21","Thai and English",12.0612833333333,"E 457"
"10821",457,"Y","A","YQA","Q","choreographer",0.74,29,"one_slider","Yes","Female","21","Thai and English",12.0612833333333,"E 457"
"10831",457,"N","A","NQA","Q","supervisor",0.71,30,"one_slider","Yes","Female","21","Thai and English",12.0612833333333,"E 457"
"10841",457,"f","l","filler","i","filler3",0.85,31,"one_slider","Yes","Female","21","Thai and English",12.0612833333333,"E 457"
"10851",457,"N","I","NQI","Q","priest",0.92,32,"one_slider","Yes","Female","21","Thai and English",12.0612833333333,"E 457"
"10861",457,"N","A","NDA","D","pianist",0.74,33,"one_slider","Yes","Female","21","Thai and English",12.0612833333333,"E 457"
"10871",457,"N","A","NQA","Q","coach",0.89,34,"one_slider","Yes","Female","21","Thai and English",12.0612833333333,"E 457"
"10881",457,"Y","I","YQI","Q","chef",0.48,35,"one_slider","Yes","Female","21","Thai and English",12.0612833333333,"E 457"
"10891",386,"","","","","",0.85,NA,"one_slider_practice","Confused","",NA,"",3.60066666666667,"E 386"
"10901",386,"","","","","",0.72,NA,"one_slider_practice","Confused","",NA,"",3.60066666666667,"E 386"
"10911",386,"f","l","filler","i","filler1",0.94,6,"one_slider","Confused","",NA,"",3.60066666666667,"E 386"
"10921",386,"N","A","NQA","Q","supervisor",0.1,7,"one_slider","Confused","",NA,"",3.60066666666667,"E 386"
"10931",386,"Y","A","YDA","D","professor",0.85,8,"one_slider","Confused","",NA,"",3.60066666666667,"E 386"
"10941",386,"f","l","filler","i","filler2",0.94,9,"one_slider","Confused","",NA,"",3.60066666666667,"E 386"
"10951",386,"N","A","NDA","D","chef",0.49,10,"one_slider","Confused","",NA,"",3.60066666666667,"E 386"
"10961",386,"N","I","NQI","Q","artist",0.87,11,"one_slider","Confused","",NA,"",3.60066666666667,"E 386"
"10971",386,"N","A","NQA","Q","stylist",0.67,12,"one_slider","Confused","",NA,"",3.60066666666667,"E 386"
"10981",386,"Y","I","YQI","Q","troopleader",0.81,13,"one_slider","Confused","",NA,"",3.60066666666667,"E 386"
"10991",386,"N","I","NQI","Q","travelagent",0.54,14,"one_slider","Confused","",NA,"",3.60066666666667,"E 386"
"11001",386,"N","I","NDI","D","pilot",0.53,15,"one_slider","Confused","",NA,"",3.60066666666667,"E 386"
"11011",386,"f","l","filler","i","filler5",0.71,16,"one_slider","Confused","",NA,"",3.60066666666667,"E 386"
"11021",386,"Y","I","YQI","Q","groom",0.56,17,"one_slider","Confused","",NA,"",3.60066666666667,"E 386"
"11031",386,"Y","I","YDI","D","nutritionist",0.27,18,"one_slider","Confused","",NA,"",3.60066666666667,"E 386"
"11041",386,"Y","A","YQA","Q","doctor",0.67,19,"one_slider","Confused","",NA,"",3.60066666666667,"E 386"
"11051",386,"Y","I","YQI","Q","dentist",0.31,20,"one_slider","Confused","",NA,"",3.60066666666667,"E 386"
"11061",386,"Y","A","YDA","D","CEO",0.67,21,"one_slider","Confused","",NA,"",3.60066666666667,"E 386"
"11071",386,"f","l","filler","i","filler3",0.48,22,"one_slider","Confused","",NA,"",3.60066666666667,"E 386"
"11081",386,"Y","I","YDI","D","conductor",0.67,23,"one_slider","Confused","",NA,"",3.60066666666667,"E 386"
"11091",386,"N","A","NQA","Q","fan",0.59,24,"one_slider","Confused","",NA,"",3.60066666666667,"E 386"
"11101",386,"N","A","NDA","D","scientist",0.46,25,"one_slider","Confused","",NA,"",3.60066666666667,"E 386"
"11111",386,"f","l","filler","i","filler4",0.69,26,"one_slider","Confused","",NA,"",3.60066666666667,"E 386"
"11121",386,"N","I","NDI","D","pianist",0.54,27,"one_slider","Confused","",NA,"",3.60066666666667,"E 386"
"11131",386,"f","l","filler","i","filler6",0.71,28,"one_slider","Confused","",NA,"",3.60066666666667,"E 386"
"11141",386,"Y","A","YQA","Q","patient",0.29,29,"one_slider","Confused","",NA,"",3.60066666666667,"E 386"
"11151",386,"N","I","NQI","Q","queen",0.54,30,"one_slider","Confused","",NA,"",3.60066666666667,"E 386"
"11161",386,"Y","A","YQA","Q","playwright",0.45,31,"one_slider","Confused","",NA,"",3.60066666666667,"E 386"
"11171",386,"Y","A","YDA","D","coach",0.53,32,"one_slider","Confused","",NA,"",3.60066666666667,"E 386"
"11181",386,"N","I","NDI","D","bartender",0.5,33,"one_slider","Confused","",NA,"",3.60066666666667,"E 386"
"11191",386,"N","A","NDA","D","choreographer",0.52,34,"one_slider","Confused","",NA,"",3.60066666666667,"E 386"
"11201",386,"Y","I","YDI","D","priest",0.57,35,"one_slider","Confused","",NA,"",3.60066666666667,"E 386"
"1121",522,"","","","","",0.82,NA,"one_slider_practice","Yes","Female","20","English",7.73338333333333,"E 522"
"1122",522,"","","","","",0.65,NA,"one_slider_practice","Yes","Female","20","English",7.73338333333333,"E 522"
"1123",522,"Y","I","YQI","Q","supervisor",0.95,6,"one_slider","Yes","Female","20","English",7.73338333333333,"E 522"
"1124",522,"Y","A","YQA","Q","pianist",0.93,7,"one_slider","Yes","Female","20","English",7.73338333333333,"E 522"
"1125",522,"f","l","filler","i","filler5",0.7,8,"one_slider","Yes","Female","20","English",7.73338333333333,"E 522"
"1126",522,"N","I","NDI","D","playwright",0.62,9,"one_slider","Yes","Female","20","English",7.73338333333333,"E 522"
"1127",522,"Y","A","YDA","D","doctor",0.94,10,"one_slider","Yes","Female","20","English",7.73338333333333,"E 522"
"1128",522,"Y","A","YQA","Q","pilot",0.94,11,"one_slider","Yes","Female","20","English",7.73338333333333,"E 522"
"1129",522,"Y","A","YQA","Q","chef",0.97,12,"one_slider","Yes","Female","20","English",7.73338333333333,"E 522"
"1130",522,"f","l","filler","i","filler6",0.94,13,"one_slider","Yes","Female","20","English",7.73338333333333,"E 522"
"1131",522,"N","A","NQA","Q","CEO",0.84,14,"one_slider","Yes","Female","20","English",7.73338333333333,"E 522"
"1132",522,"Y","A","YDA","D","troopleader",0.87,15,"one_slider","Yes","Female","20","English",7.73338333333333,"E 522"
"1133",522,"Y","I","YDI","D","nutritionist",0.93,16,"one_slider","Yes","Female","20","English",7.73338333333333,"E 522"
"1134",522,"f","l","filler","i","filler2",0.81,17,"one_slider","Yes","Female","20","English",7.73338333333333,"E 522"
"1135",522,"Y","I","YDI","D","scientist",0.73,18,"one_slider","Yes","Female","20","English",7.73338333333333,"E 522"
"1136",522,"Y","I","YDI","D","coach",0.77,19,"one_slider","Yes","Female","20","English",7.73338333333333,"E 522"
"1137",522,"N","A","NQA","Q","groom",0.45,20,"one_slider","Yes","Female","20","English",7.73338333333333,"E 522"
"1138",522,"Y","I","YQI","Q","travelagent",0.66,21,"one_slider","Yes","Female","20","English",7.73338333333333,"E 522"
"1139",522,"N","I","NDI","D","bartender",0.53,22,"one_slider","Yes","Female","20","English",7.73338333333333,"E 522"
"1140",522,"N","A","NQA","Q","queen",0.78,23,"one_slider","Yes","Female","20","English",7.73338333333333,"E 522"
"1141",522,"N","A","NDA","D","priest",0.96,24,"one_slider","Yes","Female","20","English",7.73338333333333,"E 522"
"1142",522,"N","I","NQI","Q","patient",0.89,25,"one_slider","Yes","Female","20","English",7.73338333333333,"E 522"
"1143",522,"N","I","NQI","Q","choreographer",0.93,26,"one_slider","Yes","Female","20","English",7.73338333333333,"E 522"
"1144",522,"f","l","filler","i","filler4",0.94,27,"one_slider","Yes","Female","20","English",7.73338333333333,"E 522"
"1145",522,"f","l","filler","i","filler1",0.3,28,"one_slider","Yes","Female","20","English",7.73338333333333,"E 522"
"1146",522,"Y","I","YQI","Q","dentist",0.98,29,"one_slider","Yes","Female","20","English",7.73338333333333,"E 522"
"1147",522,"Y","A","YDA","D","fan",0.5,30,"one_slider","Yes","Female","20","English",7.73338333333333,"E 522"
"1148",522,"f","l","filler","i","filler3",0.95,31,"one_slider","Yes","Female","20","English",7.73338333333333,"E 522"
"1149",522,"N","A","NDA","D","stylist",0.58,32,"one_slider","Yes","Female","20","English",7.73338333333333,"E 522"
"1150",522,"N","A","NDA","D","artist",0.47,33,"one_slider","Yes","Female","20","English",7.73338333333333,"E 522"
"1151",522,"N","I","NQI","Q","professor",0.69,34,"one_slider","Yes","Female","20","English",7.73338333333333,"E 522"
"1152",522,"N","I","NDI","D","conductor",0.43,35,"one_slider","Yes","Female","20","English",7.73338333333333,"E 522"
"1153",305,"","","","","",0.44,NA,"one_slider_practice","Yes","Female","21","English ",12.8249,"E 305"
"1154",305,"","","","","",0.68,NA,"one_slider_practice","Yes","Female","21","English ",12.8249,"E 305"
"1155",305,"f","l","filler","i","filler4",0.03,6,"one_slider","Yes","Female","21","English ",12.8249,"E 305"
"1156",305,"f","l","filler","i","filler5",0.43,7,"one_slider","Yes","Female","21","English ",12.8249,"E 305"
"1157",305,"f","l","filler","i","filler3",0.73,8,"one_slider","Yes","Female","21","English ",12.8249,"E 305"
"1158",305,"Y","A","YQA","Q","bartender",0.28,9,"one_slider","Yes","Female","21","English ",12.8249,"E 305"
"1159",305,"Y","A","YDA","D","stylist",0.93,10,"one_slider","Yes","Female","21","English ",12.8249,"E 305"
"1160",305,"Y","I","YQI","Q","playwright",0.71,11,"one_slider","Yes","Female","21","English ",12.8249,"E 305"
"1161",305,"f","l","filler","i","filler2",0.98,12,"one_slider","Yes","Female","21","English ",12.8249,"E 305"
"1162",305,"N","A","NQA","Q","groom",0.95,13,"one_slider","Yes","Female","21","English ",12.8249,"E 305"
"1163",305,"Y","I","YDI","D","dentist",0.91,14,"one_slider","Yes","Female","21","English ",12.8249,"E 305"
"1164",305,"Y","I","YQI","Q","scientist",0.91,15,"one_slider","Yes","Female","21","English ",12.8249,"E 305"
"1165",305,"N","A","NDA","D","choreographer",0.69,16,"one_slider","Yes","Female","21","English ",12.8249,"E 305"
"1166",305,"Y","A","YDA","D","professor",0.67,17,"one_slider","Yes","Female","21","English ",12.8249,"E 305"
"1167",305,"N","A","NQA","Q","coach",0.92,18,"one_slider","Yes","Female","21","English ",12.8249,"E 305"
"1168",305,"N","A","NDA","D","nutritionist",0.9,19,"one_slider","Yes","Female","21","English ",12.8249,"E 305"
"1169",305,"Y","I","YDI","D","chef",0.68,20,"one_slider","Yes","Female","21","English ",12.8249,"E 305"
"1170",305,"Y","A","YQA","Q","conductor",0.84,21,"one_slider","Yes","Female","21","English ",12.8249,"E 305"
"1171",305,"Y","I","YDI","D","priest",0.88,22,"one_slider","Yes","Female","21","English ",12.8249,"E 305"
"1172",305,"f","l","filler","i","filler1",0.95,23,"one_slider","Yes","Female","21","English ",12.8249,"E 305"
"1173",305,"N","A","NDA","D","supervisor",0.83,24,"one_slider","Yes","Female","21","English ",12.8249,"E 305"
"1174",305,"Y","A","YDA","D","queen",0.31,25,"one_slider","Yes","Female","21","English ",12.8249,"E 305"
"1175",305,"N","I","NDI","D","troopleader",0.04,26,"one_slider","Yes","Female","21","English ",12.8249,"E 305"
"1176",305,"N","I","NQI","Q","artist",0.95,27,"one_slider","Yes","Female","21","English ",12.8249,"E 305"
"1177",305,"N","I","NDI","D","fan",0.65,28,"one_slider","Yes","Female","21","English ",12.8249,"E 305"
"1178",305,"N","I","NQI","Q","pianist",0.95,29,"one_slider","Yes","Female","21","English ",12.8249,"E 305"
"1179",305,"Y","I","YQI","Q","travelagent",0.76,30,"one_slider","Yes","Female","21","English ",12.8249,"E 305"
"1180",305,"N","I","NQI","Q","patient",0.96,31,"one_slider","Yes","Female","21","English ",12.8249,"E 305"
"1181",305,"Y","A","YQA","Q","CEO",0.39,32,"one_slider","Yes","Female","21","English ",12.8249,"E 305"
"1182",305,"N","I","NDI","D","doctor",0.58,33,"one_slider","Yes","Female","21","English ",12.8249,"E 305"
"1183",305,"N","A","NQA","Q","pilot",0.73,34,"one_slider","Yes","Female","21","English ",12.8249,"E 305"
"1184",305,"f","l","filler","i","filler6",0.31,35,"one_slider","Yes","Female","21","English ",12.8249,"E 305"
"1185",489,"","","","","",1,NA,"one_slider_practice","Yes","Male","20","English",8.35658333333333,"E 489"
"1186",489,"","","","","",0.41,NA,"one_slider_practice","Yes","Male","20","English",8.35658333333333,"E 489"
"1187",489,"f","l","filler","i","filler2",0.61,6,"one_slider","Yes","Male","20","English",8.35658333333333,"E 489"
"1188",489,"Y","I","YDI","D","dentist",0.2,7,"one_slider","Yes","Male","20","English",8.35658333333333,"E 489"
"1189",489,"Y","A","YDA","D","CEO",0.78,8,"one_slider","Yes","Male","20","English",8.35658333333333,"E 489"
"1190",489,"Y","I","YDI","D","fan",0.24,9,"one_slider","Yes","Male","20","English",8.35658333333333,"E 489"
"1191",489,"N","A","NQA","Q","artist",1,10,"one_slider","Yes","Male","20","English",8.35658333333333,"E 489"
"1192",489,"f","l","filler","i","filler3",1,11,"one_slider","Yes","Male","20","English",8.35658333333333,"E 489"
"1193",489,"Y","A","YQA","Q","travelagent",0.52,12,"one_slider","Yes","Male","20","English",8.35658333333333,"E 489"
"1194",489,"N","I","NQI","Q","troopleader",0.51,13,"one_slider","Yes","Male","20","English",8.35658333333333,"E 489"
"1195",489,"N","I","NDI","D","stylist",0.29,14,"one_slider","Yes","Male","20","English",8.35658333333333,"E 489"
"1196",489,"N","I","NQI","Q","supervisor",0.25,15,"one_slider","Yes","Male","20","English",8.35658333333333,"E 489"
"1197",489,"Y","A","YQA","Q","chef",0.76,16,"one_slider","Yes","Male","20","English",8.35658333333333,"E 489"
"1198",489,"N","I","NQI","Q","scientist",1,17,"one_slider","Yes","Male","20","English",8.35658333333333,"E 489"
"1199",489,"N","I","NDI","D","conductor",0.67,18,"one_slider","Yes","Male","20","English",8.35658333333333,"E 489"
"1200",489,"f","l","filler","i","filler6",0.3,19,"one_slider","Yes","Male","20","English",8.35658333333333,"E 489"
"1201",489,"f","l","filler","i","filler5",0,20,"one_slider","Yes","Male","20","English",8.35658333333333,"E 489"
"1202",489,"N","A","NQA","Q","doctor",0.53,21,"one_slider","Yes","Male","20","English",8.35658333333333,"E 489"
"1203",489,"Y","I","YQI","Q","playwright",0.58,22,"one_slider","Yes","Male","20","English",8.35658333333333,"E 489"
"1204",489,"f","l","filler","i","filler1",0.26,23,"one_slider","Yes","Male","20","English",8.35658333333333,"E 489"
"1205",489,"N","I","NDI","D","choreographer",0.19,24,"one_slider","Yes","Male","20","English",8.35658333333333,"E 489"
"1206",489,"Y","I","YDI","D","nutritionist",0.17,25,"one_slider","Yes","Male","20","English",8.35658333333333,"E 489"
"1207",489,"N","A","NDA","D","patient",0.73,26,"one_slider","Yes","Male","20","English",8.35658333333333,"E 489"
"1208",489,"Y","A","YDA","D","priest",0.32,27,"one_slider","Yes","Male","20","English",8.35658333333333,"E 489"
"1209",489,"N","A","NDA","D","groom",0.47,28,"one_slider","Yes","Male","20","English",8.35658333333333,"E 489"
"1210",489,"Y","I","YQI","Q","professor",0.79,29,"one_slider","Yes","Male","20","English",8.35658333333333,"E 489"
"1211",489,"N","A","NDA","D","bartender",0.3,30,"one_slider","Yes","Male","20","English",8.35658333333333,"E 489"
"1212",489,"N","A","NQA","Q","queen",0.77,31,"one_slider","Yes","Male","20","English",8.35658333333333,"E 489"
"1213",489,"Y","A","YQA","Q","pianist",0.4,32,"one_slider","Yes","Male","20","English",8.35658333333333,"E 489"
"1214",489,"Y","A","YDA","D","pilot",0.14,33,"one_slider","Yes","Male","20","English",8.35658333333333,"E 489"
"1215",489,"f","l","filler","i","filler4",0.49,34,"one_slider","Yes","Male","20","English",8.35658333333333,"E 489"
"1216",489,"Y","I","YQI","Q","coach",0.4,35,"one_slider","Yes","Male","20","English",8.35658333333333,"E 489"
"1217",579,"","","","","",1,NA,"one_slider_practice","Yes","Female","20","english/spanish",11.609,"E 579"
"1218",579,"","","","","",0.88,NA,"one_slider_practice","Yes","Female","20","english/spanish",11.609,"E 579"
"1219",579,"N","A","NQA","Q","pianist",0.88,6,"one_slider","Yes","Female","20","english/spanish",11.609,"E 579"
"1220",579,"f","l","filler","i","filler5",1,7,"one_slider","Yes","Female","20","english/spanish",11.609,"E 579"
"1221",579,"N","A","NQA","Q","queen",1,8,"one_slider","Yes","Female","20","english/spanish",11.609,"E 579"
"1222",579,"Y","A","YDA","D","fan",0.82,9,"one_slider","Yes","Female","20","english/spanish",11.609,"E 579"
"1223",579,"f","l","filler","i","filler3",1,10,"one_slider","Yes","Female","20","english/spanish",11.609,"E 579"
"1224",579,"N","I","NQI","Q","nutritionist",0.5,11,"one_slider","Yes","Female","20","english/spanish",11.609,"E 579"
"1225",579,"f","l","filler","i","filler2",1,12,"one_slider","Yes","Female","20","english/spanish",11.609,"E 579"
"1226",579,"Y","I","YDI","D","chef",1,13,"one_slider","Yes","Female","20","english/spanish",11.609,"E 579"
"1227",579,"N","I","NQI","Q","dentist",1,14,"one_slider","Yes","Female","20","english/spanish",11.609,"E 579"
"1228",579,"Y","A","YDA","D","doctor",1,15,"one_slider","Yes","Female","20","english/spanish",11.609,"E 579"
"1229",579,"Y","I","YQI","Q","pilot",0.74,16,"one_slider","Yes","Female","20","english/spanish",11.609,"E 579"
"1230",579,"N","A","NQA","Q","scientist",0.16,17,"one_slider","Yes","Female","20","english/spanish",11.609,"E 579"
"1231",579,"N","A","NDA","D","professor",1,18,"one_slider","Yes","Female","20","english/spanish",11.609,"E 579"
"1232",579,"N","I","NDI","D","troopleader",0.27,19,"one_slider","Yes","Female","20","english/spanish",11.609,"E 579"
"1233",579,"N","I","NQI","Q","conductor",0.49,20,"one_slider","Yes","Female","20","english/spanish",11.609,"E 579"
"1234",579,"N","I","NDI","D","groom",0.19,21,"one_slider","Yes","Female","20","english/spanish",11.609,"E 579"
"1235",579,"Y","I","YQI","Q","stylist",0.41,22,"one_slider","Yes","Female","20","english/spanish",11.609,"E 579"
"1236",579,"Y","A","YQA","Q","playwright",1,23,"one_slider","Yes","Female","20","english/spanish",11.609,"E 579"
"1237",579,"f","l","filler","i","filler4",0.5,24,"one_slider","Yes","Female","20","english/spanish",11.609,"E 579"
"1238",579,"f","l","filler","i","filler1",0.89,25,"one_slider","Yes","Female","20","english/spanish",11.609,"E 579"
"1239",579,"f","l","filler","i","filler6",0.17,26,"one_slider","Yes","Female","20","english/spanish",11.609,"E 579"
"1240",579,"N","A","NDA","D","choreographer",0.29,27,"one_slider","Yes","Female","20","english/spanish",11.609,"E 579"
"1241",579,"Y","I","YDI","D","patient",0.47,28,"one_slider","Yes","Female","20","english/spanish",11.609,"E 579"
"1242",579,"N","A","NDA","D","bartender",1,29,"one_slider","Yes","Female","20","english/spanish",11.609,"E 579"
"1243",579,"Y","A","YDA","D","priest",1,30,"one_slider","Yes","Female","20","english/spanish",11.609,"E 579"
"1244",579,"Y","A","YQA","Q","artist",0.15,31,"one_slider","Yes","Female","20","english/spanish",11.609,"E 579"
"1245",579,"N","I","NDI","D","travelagent",0.48,32,"one_slider","Yes","Female","20","english/spanish",11.609,"E 579"
"1246",579,"Y","A","YQA","Q","CEO",0.87,33,"one_slider","Yes","Female","20","english/spanish",11.609,"E 579"
"1247",579,"Y","I","YDI","D","supervisor",0.72,34,"one_slider","Yes","Female","20","english/spanish",11.609,"E 579"
"1248",579,"Y","I","YQI","Q","coach",0.31,35,"one_slider","Yes","Female","20","english/spanish",11.609,"E 579"
"1249",462,"","","","","",0.8,NA,"one_slider_practice","Yes","Female","21","Spanish",13.6171166666667,"E 462"
"1250",462,"","","","","",0.69,NA,"one_slider_practice","Yes","Female","21","Spanish",13.6171166666667,"E 462"
"1251",462,"f","l","filler","i","filler2",0.88,6,"one_slider","Yes","Female","21","Spanish",13.6171166666667,"E 462"
"1252",462,"N","A","NQA","Q","playwright",0.14,7,"one_slider","Yes","Female","21","Spanish",13.6171166666667,"E 462"
"1253",462,"Y","A","YQA","Q","nutritionist",0.19,8,"one_slider","Yes","Female","21","Spanish",13.6171166666667,"E 462"
"1254",462,"N","A","NDA","D","conductor",0.84,9,"one_slider","Yes","Female","21","Spanish",13.6171166666667,"E 462"
"1255",462,"Y","A","YQA","Q","scientist",0.83,10,"one_slider","Yes","Female","21","Spanish",13.6171166666667,"E 462"
"1256",462,"Y","I","YDI","D","travelagent",0.26,11,"one_slider","Yes","Female","21","Spanish",13.6171166666667,"E 462"
"1257",462,"N","I","NQI","Q","artist",0.85,12,"one_slider","Yes","Female","21","Spanish",13.6171166666667,"E 462"
"1258",462,"Y","I","YQI","Q","chef",0.82,13,"one_slider","Yes","Female","21","Spanish",13.6171166666667,"E 462"
"1259",462,"Y","I","YDI","D","queen",0.64,14,"one_slider","Yes","Female","21","Spanish",13.6171166666667,"E 462"
"1260",462,"Y","I","YDI","D","choreographer",0.92,15,"one_slider","Yes","Female","21","Spanish",13.6171166666667,"E 462"
"1261",462,"N","I","NQI","Q","pilot",0.66,16,"one_slider","Yes","Female","21","Spanish",13.6171166666667,"E 462"
"1262",462,"N","A","NDA","D","coach",0.94,17,"one_slider","Yes","Female","21","Spanish",13.6171166666667,"E 462"
"1263",462,"f","l","filler","i","filler6",0.34,18,"one_slider","Yes","Female","21","Spanish",13.6171166666667,"E 462"
"1264",462,"N","A","NDA","D","patient",0.79,19,"one_slider","Yes","Female","21","Spanish",13.6171166666667,"E 462"
"1265",462,"N","I","NQI","Q","troopleader",0.89,20,"one_slider","Yes","Female","21","Spanish",13.6171166666667,"E 462"
"1266",462,"N","I","NDI","D","doctor",0.79,21,"one_slider","Yes","Female","21","Spanish",13.6171166666667,"E 462"
"1267",462,"f","l","filler","i","filler3",0.34,22,"one_slider","Yes","Female","21","Spanish",13.6171166666667,"E 462"
"1268",462,"N","I","NDI","D","bartender",0.81,23,"one_slider","Yes","Female","21","Spanish",13.6171166666667,"E 462"
"1269",462,"Y","A","YDA","D","professor",0.81,24,"one_slider","Yes","Female","21","Spanish",13.6171166666667,"E 462"
"1270",462,"f","l","filler","i","filler4",0.38,25,"one_slider","Yes","Female","21","Spanish",13.6171166666667,"E 462"
"1271",462,"Y","A","YDA","D","CEO",0.23,26,"one_slider","Yes","Female","21","Spanish",13.6171166666667,"E 462"
"1272",462,"N","A","NQA","Q","dentist",0.88,27,"one_slider","Yes","Female","21","Spanish",13.6171166666667,"E 462"
"1273",462,"f","l","filler","i","filler5",0.26,28,"one_slider","Yes","Female","21","Spanish",13.6171166666667,"E 462"
"1274",462,"N","A","NQA","Q","stylist",0.64,29,"one_slider","Yes","Female","21","Spanish",13.6171166666667,"E 462"
"1275",462,"Y","A","YDA","D","priest",0.92,30,"one_slider","Yes","Female","21","Spanish",13.6171166666667,"E 462"
"1276",462,"Y","I","YQI","Q","fan",0.71,31,"one_slider","Yes","Female","21","Spanish",13.6171166666667,"E 462"
"1277",462,"N","I","NDI","D","pianist",0.16,32,"one_slider","Yes","Female","21","Spanish",13.6171166666667,"E 462"
"1278",462,"Y","I","YQI","Q","supervisor",0.79,33,"one_slider","Yes","Female","21","Spanish",13.6171166666667,"E 462"
"1279",462,"f","l","filler","i","filler1",0.91,34,"one_slider","Yes","Female","21","Spanish",13.6171166666667,"E 462"
"1280",462,"Y","A","YQA","Q","groom",0.88,35,"one_slider","Yes","Female","21","Spanish",13.6171166666667,"E 462"
"1281",229,"","","","","",1,NA,"one_slider_practice","Yes","Male","23","English",8.54356666666667,"E 229"
"1282",229,"","","","","",1,NA,"one_slider_practice","Yes","Male","23","English",8.54356666666667,"E 229"
"1283",229,"f","l","filler","i","filler6",0,6,"one_slider","Yes","Male","23","English",8.54356666666667,"E 229"
"1284",229,"Y","A","YDA","D","doctor",1,7,"one_slider","Yes","Male","23","English",8.54356666666667,"E 229"
"1285",229,"f","l","filler","i","filler4",0,8,"one_slider","Yes","Male","23","English",8.54356666666667,"E 229"
"1286",229,"Y","A","YQA","Q","conductor",0.29,9,"one_slider","Yes","Male","23","English",8.54356666666667,"E 229"
"1287",229,"N","I","NQI","Q","priest",1,10,"one_slider","Yes","Male","23","English",8.54356666666667,"E 229"
"1288",229,"Y","A","YDA","D","travelagent",0.78,11,"one_slider","Yes","Male","23","English",8.54356666666667,"E 229"
"1289",229,"Y","A","YDA","D","pianist",1,12,"one_slider","Yes","Male","23","English",8.54356666666667,"E 229"
"1290",229,"N","A","NDA","D","chef",1,13,"one_slider","Yes","Male","23","English",8.54356666666667,"E 229"
"1291",229,"N","I","NQI","Q","dentist",1,14,"one_slider","Yes","Male","23","English",8.54356666666667,"E 229"
"1292",229,"f","l","filler","i","filler3",1,15,"one_slider","Yes","Male","23","English",8.54356666666667,"E 229"
"1293",229,"Y","I","YQI","Q","CEO",0.69,16,"one_slider","Yes","Male","23","English",8.54356666666667,"E 229"
"1294",229,"N","A","NQA","Q","fan",1,17,"one_slider","Yes","Male","23","English",8.54356666666667,"E 229"
"1295",229,"N","I","NQI","Q","queen",1,18,"one_slider","Yes","Male","23","English",8.54356666666667,"E 229"
"1296",229,"Y","I","YQI","Q","scientist",1,19,"one_slider","Yes","Male","23","English",8.54356666666667,"E 229"
"1297",229,"N","A","NDA","D","artist",0.22,20,"one_slider","Yes","Male","23","English",8.54356666666667,"E 229"
"1298",229,"f","l","filler","i","filler1",1,21,"one_slider","Yes","Male","23","English",8.54356666666667,"E 229"
"1299",229,"f","l","filler","i","filler5",1,22,"one_slider","Yes","Male","23","English",8.54356666666667,"E 229"
"1300",229,"Y","I","YDI","D","nutritionist",1,23,"one_slider","Yes","Male","23","English",8.54356666666667,"E 229"
"1301",229,"Y","A","YQA","Q","supervisor",1,24,"one_slider","Yes","Male","23","English",8.54356666666667,"E 229"
"1302",229,"N","A","NQA","Q","groom",1,25,"one_slider","Yes","Male","23","English",8.54356666666667,"E 229"
"1303",229,"N","A","NDA","D","playwright",0.68,26,"one_slider","Yes","Male","23","English",8.54356666666667,"E 229"
"1304",229,"Y","I","YDI","D","professor",1,27,"one_slider","Yes","Male","23","English",8.54356666666667,"E 229"
"1305",229,"N","A","NQA","Q","patient",1,28,"one_slider","Yes","Male","23","English",8.54356666666667,"E 229"
"1306",229,"Y","I","YQI","Q","pilot",0.86,29,"one_slider","Yes","Male","23","English",8.54356666666667,"E 229"
"1307",229,"Y","A","YQA","Q","bartender",1,30,"one_slider","Yes","Male","23","English",8.54356666666667,"E 229"
"1308",229,"f","l","filler","i","filler2",1,31,"one_slider","Yes","Male","23","English",8.54356666666667,"E 229"
"1309",229,"N","I","NDI","D","troopleader",0.84,32,"one_slider","Yes","Male","23","English",8.54356666666667,"E 229"
"1310",229,"N","I","NDI","D","stylist",1,33,"one_slider","Yes","Male","23","English",8.54356666666667,"E 229"
"1311",229,"N","I","NDI","D","coach",1,34,"one_slider","Yes","Male","23","English",8.54356666666667,"E 229"
"1312",229,"Y","I","YDI","D","choreographer",1,35,"one_slider","Yes","Male","23","English",8.54356666666667,"E 229"
"1313",269,"","","","","",0.84,NA,"one_slider_practice","Yes","Female","20","Spanish",23.9298333333333,"E 269"
"1314",269,"","","","","",0.97,NA,"one_slider_practice","Yes","Female","20","Spanish",23.9298333333333,"E 269"
"1315",269,"Y","I","YQI","Q","priest",0.67,6,"one_slider","Yes","Female","20","Spanish",23.9298333333333,"E 269"
"1316",269,"N","A","NQA","Q","coach",0.83,7,"one_slider","Yes","Female","20","Spanish",23.9298333333333,"E 269"
"1317",269,"f","l","filler","i","filler6",0.16,8,"one_slider","Yes","Female","20","Spanish",23.9298333333333,"E 269"
"1318",269,"N","A","NDA","D","chef",0.82,9,"one_slider","Yes","Female","20","Spanish",23.9298333333333,"E 269"
"1319",269,"N","A","NDA","D","pilot",0.94,10,"one_slider","Yes","Female","20","Spanish",23.9298333333333,"E 269"
"1320",269,"N","I","NQI","Q","stylist",0.56,11,"one_slider","Yes","Female","20","Spanish",23.9298333333333,"E 269"
"1321",269,"N","I","NQI","Q","CEO",0.96,12,"one_slider","Yes","Female","20","Spanish",23.9298333333333,"E 269"
"1322",269,"N","A","NQA","Q","scientist",0.97,13,"one_slider","Yes","Female","20","Spanish",23.9298333333333,"E 269"
"1323",269,"f","l","filler","i","filler1",0.9,14,"one_slider","Yes","Female","20","Spanish",23.9298333333333,"E 269"
"1324",269,"Y","A","YQA","Q","bartender",0.53,15,"one_slider","Yes","Female","20","Spanish",23.9298333333333,"E 269"
"1325",269,"f","l","filler","i","filler2",0.72,16,"one_slider","Yes","Female","20","Spanish",23.9298333333333,"E 269"
"1326",269,"Y","I","YDI","D","troopleader",0.88,17,"one_slider","Yes","Female","20","Spanish",23.9298333333333,"E 269"
"1327",269,"N","I","NQI","Q","dentist",0.4,18,"one_slider","Yes","Female","20","Spanish",23.9298333333333,"E 269"
"1328",269,"f","l","filler","i","filler5",0.04,19,"one_slider","Yes","Female","20","Spanish",23.9298333333333,"E 269"
"1329",269,"Y","A","YDA","D","supervisor",0.42,20,"one_slider","Yes","Female","20","Spanish",23.9298333333333,"E 269"
"1330",269,"Y","I","YQI","Q","playwright",0.35,21,"one_slider","Yes","Female","20","Spanish",23.9298333333333,"E 269"
"1331",269,"Y","I","YDI","D","choreographer",0.68,22,"one_slider","Yes","Female","20","Spanish",23.9298333333333,"E 269"
"1332",269,"N","A","NQA","Q","artist",0.93,23,"one_slider","Yes","Female","20","Spanish",23.9298333333333,"E 269"
"1333",269,"Y","A","YDA","D","patient",0.9,24,"one_slider","Yes","Female","20","Spanish",23.9298333333333,"E 269"
"1334",269,"Y","A","YQA","Q","queen",0.91,25,"one_slider","Yes","Female","20","Spanish",23.9298333333333,"E 269"
"1335",269,"f","l","filler","i","filler4",0.11,26,"one_slider","Yes","Female","20","Spanish",23.9298333333333,"E 269"
"1336",269,"Y","I","YQI","Q","pianist",0.9,27,"one_slider","Yes","Female","20","Spanish",23.9298333333333,"E 269"
"1337",269,"N","I","NDI","D","groom",0.32,28,"one_slider","Yes","Female","20","Spanish",23.9298333333333,"E 269"
"1338",269,"Y","A","YDA","D","nutritionist",0.91,29,"one_slider","Yes","Female","20","Spanish",23.9298333333333,"E 269"
"1339",269,"Y","A","YQA","Q","professor",0.78,30,"one_slider","Yes","Female","20","Spanish",23.9298333333333,"E 269"
"1340",269,"N","A","NDA","D","conductor",0.48,31,"one_slider","Yes","Female","20","Spanish",23.9298333333333,"E 269"
"1341",269,"Y","I","YDI","D","doctor",0.61,32,"one_slider","Yes","Female","20","Spanish",23.9298333333333,"E 269"
"1342",269,"N","I","NDI","D","travelagent",0.71,33,"one_slider","Yes","Female","20","Spanish",23.9298333333333,"E 269"
"1343",269,"N","I","NDI","D","fan",0.98,34,"one_slider","Yes","Female","20","Spanish",23.9298333333333,"E 269"
"1344",269,"f","l","filler","i","filler3",0.85,35,"one_slider","Yes","Female","20","Spanish",23.9298333333333,"E 269"
"1345",508,"","","","","",1,NA,"one_slider_practice","Confused","Female","19","Japanese",24.4114666666667,"E 508"
"1346",508,"","","","","",1,NA,"one_slider_practice","Confused","Female","19","Japanese",24.4114666666667,"E 508"
"1347",508,"Y","A","YDA","D","CEO",0.62,6,"one_slider","Confused","Female","19","Japanese",24.4114666666667,"E 508"
"1348",508,"f","l","filler","i","filler3",0.59,7,"one_slider","Confused","Female","19","Japanese",24.4114666666667,"E 508"
"1349",508,"N","A","NDA","D","bartender",1,8,"one_slider","Confused","Female","19","Japanese",24.4114666666667,"E 508"
"1350",508,"N","A","NQA","Q","fan",1,9,"one_slider","Confused","Female","19","Japanese",24.4114666666667,"E 508"
"1351",508,"f","l","filler","i","filler1",1,10,"one_slider","Confused","Female","19","Japanese",24.4114666666667,"E 508"
"1352",508,"Y","A","YQA","Q","priest",1,11,"one_slider","Confused","Female","19","Japanese",24.4114666666667,"E 508"
"1353",508,"Y","I","YDI","D","dentist",0.35,12,"one_slider","Confused","Female","19","Japanese",24.4114666666667,"E 508"
"1354",508,"N","A","NQA","Q","pilot",0.9,13,"one_slider","Confused","Female","19","Japanese",24.4114666666667,"E 508"
"1355",508,"N","I","NDI","D","conductor",0.49,14,"one_slider","Confused","Female","19","Japanese",24.4114666666667,"E 508"
"1356",508,"Y","A","YDA","D","pianist",0.28,15,"one_slider","Confused","Female","19","Japanese",24.4114666666667,"E 508"
"1357",508,"N","A","NQA","Q","playwright",1,16,"one_slider","Confused","Female","19","Japanese",24.4114666666667,"E 508"
"1358",508,"f","l","filler","i","filler2",0.74,17,"one_slider","Confused","Female","19","Japanese",24.4114666666667,"E 508"
"1359",508,"N","A","NDA","D","doctor",0.72,18,"one_slider","Confused","Female","19","Japanese",24.4114666666667,"E 508"
"1360",508,"f","l","filler","i","filler4",0.68,19,"one_slider","Confused","Female","19","Japanese",24.4114666666667,"E 508"
"1361",508,"Y","I","YDI","D","coach",0.19,20,"one_slider","Confused","Female","19","Japanese",24.4114666666667,"E 508"
"1362",508,"N","I","NQI","Q","travelagent",0.32,21,"one_slider","Confused","Female","19","Japanese",24.4114666666667,"E 508"
"1363",508,"Y","I","YQI","Q","stylist",0.87,22,"one_slider","Confused","Female","19","Japanese",24.4114666666667,"E 508"
"1364",508,"Y","I","YQI","Q","scientist",0.77,23,"one_slider","Confused","Female","19","Japanese",24.4114666666667,"E 508"
"1365",508,"N","I","NDI","D","professor",0.36,24,"one_slider","Confused","Female","19","Japanese",24.4114666666667,"E 508"
"1366",508,"Y","A","YQA","Q","choreographer",0.99,25,"one_slider","Confused","Female","19","Japanese",24.4114666666667,"E 508"
"1367",508,"Y","A","YQA","Q","groom",0.99,26,"one_slider","Confused","Female","19","Japanese",24.4114666666667,"E 508"
"1368",508,"f","l","filler","i","filler6",0.48,27,"one_slider","Confused","Female","19","Japanese",24.4114666666667,"E 508"
"1369",508,"N","I","NQI","Q","troopleader",0.95,28,"one_slider","Confused","Female","19","Japanese",24.4114666666667,"E 508"
"1370",508,"Y","I","YQI","Q","queen",0.96,29,"one_slider","Confused","Female","19","Japanese",24.4114666666667,"E 508"
"1371",508,"f","l","filler","i","filler5",0.66,30,"one_slider","Confused","Female","19","Japanese",24.4114666666667,"E 508"
"1372",508,"N","A","NDA","D","artist",0.91,31,"one_slider","Confused","Female","19","Japanese",24.4114666666667,"E 508"
"1373",508,"Y","A","YDA","D","chef",0.69,32,"one_slider","Confused","Female","19","Japanese",24.4114666666667,"E 508"
"1374",508,"N","I","NQI","Q","nutritionist",0.97,33,"one_slider","Confused","Female","19","Japanese",24.4114666666667,"E 508"
"1375",508,"Y","I","YDI","D","patient",0.6,34,"one_slider","Confused","Female","19","Japanese",24.4114666666667,"E 508"
"1376",508,"N","I","NDI","D","supervisor",0.15,35,"one_slider","Confused","Female","19","Japanese",24.4114666666667,"E 508"
"1377",441,"","","","","",0.41,NA,"one_slider_practice","Yes","Female","25","English",10.3989166666667,"E 441"
"1378",441,"","","","","",0.74,NA,"one_slider_practice","Yes","Female","25","English",10.3989166666667,"E 441"
"1379",441,"N","I","NQI","Q","bartender",0.34,6,"one_slider","Yes","Female","25","English",10.3989166666667,"E 441"
"1380",441,"f","l","filler","i","filler2",0.61,7,"one_slider","Yes","Female","25","English",10.3989166666667,"E 441"
"1381",441,"f","l","filler","i","filler4",0.16,8,"one_slider","Yes","Female","25","English",10.3989166666667,"E 441"
"1382",441,"Y","I","YQI","Q","nutritionist",0.37,9,"one_slider","Yes","Female","25","English",10.3989166666667,"E 441"
"1383",441,"N","I","NDI","D","travelagent",0.39,10,"one_slider","Yes","Female","25","English",10.3989166666667,"E 441"
"1384",441,"Y","I","YDI","D","fan",0.31,11,"one_slider","Yes","Female","25","English",10.3989166666667,"E 441"
"1385",441,"f","l","filler","i","filler5",0.29,12,"one_slider","Yes","Female","25","English",10.3989166666667,"E 441"
"1386",441,"N","A","NDA","D","CEO",0.39,13,"one_slider","Yes","Female","25","English",10.3989166666667,"E 441"
"1387",441,"N","I","NQI","Q","dentist",0.5,14,"one_slider","Yes","Female","25","English",10.3989166666667,"E 441"
"1388",441,"Y","A","YQA","Q","priest",0.53,15,"one_slider","Yes","Female","25","English",10.3989166666667,"E 441"
"1389",441,"N","I","NQI","Q","chef",0.62,16,"one_slider","Yes","Female","25","English",10.3989166666667,"E 441"
"1390",441,"Y","I","YQI","Q","professor",0.51,17,"one_slider","Yes","Female","25","English",10.3989166666667,"E 441"
"1391",441,"N","A","NQA","Q","choreographer",0.58,18,"one_slider","Yes","Female","25","English",10.3989166666667,"E 441"
"1392",441,"Y","A","YDA","D","supervisor",0.56,19,"one_slider","Yes","Female","25","English",10.3989166666667,"E 441"
"1393",441,"Y","I","YQI","Q","queen",0.39,20,"one_slider","Yes","Female","25","English",10.3989166666667,"E 441"
"1394",441,"Y","I","YDI","D","artist",0.52,21,"one_slider","Yes","Female","25","English",10.3989166666667,"E 441"
"1395",441,"Y","A","YQA","Q","conductor",0.66,22,"one_slider","Yes","Female","25","English",10.3989166666667,"E 441"
"1396",441,"Y","A","YDA","D","playwright",0.64,23,"one_slider","Yes","Female","25","English",10.3989166666667,"E 441"
"1397",441,"N","A","NQA","Q","pilot",0.71,24,"one_slider","Yes","Female","25","English",10.3989166666667,"E 441"
"1398",441,"Y","A","YQA","Q","coach",0.75,25,"one_slider","Yes","Female","25","English",10.3989166666667,"E 441"
"1399",441,"Y","I","YDI","D","stylist",0.67,26,"one_slider","Yes","Female","25","English",10.3989166666667,"E 441"
"1400",441,"N","A","NDA","D","patient",0.83,27,"one_slider","Yes","Female","25","English",10.3989166666667,"E 441"
"1401",441,"f","l","filler","i","filler6",0.14,28,"one_slider","Yes","Female","25","English",10.3989166666667,"E 441"
"1402",441,"N","A","NDA","D","pianist",0.76,29,"one_slider","Yes","Female","25","English",10.3989166666667,"E 441"
"1403",441,"f","l","filler","i","filler1",0.86,30,"one_slider","Yes","Female","25","English",10.3989166666667,"E 441"
"1404",441,"N","I","NDI","D","doctor",0.61,31,"one_slider","Yes","Female","25","English",10.3989166666667,"E 441"
"1405",441,"f","l","filler","i","filler3",0.79,32,"one_slider","Yes","Female","25","English",10.3989166666667,"E 441"
"1406",441,"Y","A","YDA","D","scientist",0.65,33,"one_slider","Yes","Female","25","English",10.3989166666667,"E 441"
"1407",441,"N","A","NQA","Q","groom",0.89,34,"one_slider","Yes","Female","25","English",10.3989166666667,"E 441"
"1408",441,"N","I","NDI","D","troopleader",0.96,35,"one_slider","Yes","Female","25","English",10.3989166666667,"E 441"
"1409",389,"","","","","",0.71,NA,"one_slider_practice","","",NA,"",3.87655,"E 389"
"1410",389,"","","","","",0.91,NA,"one_slider_practice","","",NA,"",3.87655,"E 389"
"1411",389,"Y","I","YQI","Q","fan",0.73,6,"one_slider","","",NA,"",3.87655,"E 389"
"1412",389,"N","I","NDI","D","travelagent",0.37,7,"one_slider","","",NA,"",3.87655,"E 389"
"1413",389,"f","l","filler","i","filler2",0.83,8,"one_slider","","",NA,"",3.87655,"E 389"
"1414",389,"N","I","NQI","Q","groom",0.43,9,"one_slider","","",NA,"",3.87655,"E 389"
"1415",389,"f","l","filler","i","filler4",0.64,10,"one_slider","","",NA,"",3.87655,"E 389"
"1416",389,"Y","I","YDI","D","artist",0.74,11,"one_slider","","",NA,"",3.87655,"E 389"
"1417",389,"N","I","NQI","Q","coach",0.87,12,"one_slider","","",NA,"",3.87655,"E 389"
"1418",389,"N","I","NDI","D","pianist",0.91,13,"one_slider","","",NA,"",3.87655,"E 389"
"1419",389,"Y","I","YQI","Q","conductor",0.63,14,"one_slider","","",NA,"",3.87655,"E 389"
"1420",389,"N","A","NDA","D","queen",0.57,15,"one_slider","","",NA,"",3.87655,"E 389"
"1421",389,"Y","I","YQI","Q","choreographer",0.79,16,"one_slider","","",NA,"",3.87655,"E 389"
"1422",389,"N","A","NQA","Q","nutritionist",0.88,17,"one_slider","","",NA,"",3.87655,"E 389"
"1423",389,"N","A","NDA","D","doctor",0.81,18,"one_slider","","",NA,"",3.87655,"E 389"
"1424",389,"Y","A","YDA","D","professor",0.19,19,"one_slider","","",NA,"",3.87655,"E 389"
"1425",389,"Y","A","YQA","Q","chef",0.5,20,"one_slider","","",NA,"",3.87655,"E 389"
"1426",389,"Y","A","YDA","D","dentist",0.67,21,"one_slider","","",NA,"",3.87655,"E 389"
"1427",389,"N","A","NQA","Q","playwright",0.74,22,"one_slider","","",NA,"",3.87655,"E 389"
"1428",389,"Y","A","YDA","D","CEO",0.69,23,"one_slider","","",NA,"",3.87655,"E 389"
"1429",389,"N","A","NDA","D","bartender",0.48,24,"one_slider","","",NA,"",3.87655,"E 389"
"1430",389,"N","I","NDI","D","troopleader",0.79,25,"one_slider","","",NA,"",3.87655,"E 389"
"1431",389,"Y","A","YQA","Q","stylist",0.75,26,"one_slider","","",NA,"",3.87655,"E 389"
"1432",389,"f","l","filler","i","filler5",0.81,27,"one_slider","","",NA,"",3.87655,"E 389"
"1433",389,"N","I","NQI","Q","scientist",0.65,28,"one_slider","","",NA,"",3.87655,"E 389"
"1434",389,"f","l","filler","i","filler1",0.65,29,"one_slider","","",NA,"",3.87655,"E 389"
"1435",389,"f","l","filler","i","filler3",0.79,30,"one_slider","","",NA,"",3.87655,"E 389"
"1436",389,"Y","A","YQA","Q","supervisor",0.62,31,"one_slider","","",NA,"",3.87655,"E 389"
"1437",389,"N","A","NQA","Q","pilot",0.27,32,"one_slider","","",NA,"",3.87655,"E 389"
"1438",389,"Y","I","YDI","D","patient",0.6,33,"one_slider","","",NA,"",3.87655,"E 389"
"1439",389,"f","l","filler","i","filler6",0.47,34,"one_slider","","",NA,"",3.87655,"E 389"
"1440",389,"Y","I","YDI","D","priest",0.51,35,"one_slider","","",NA,"",3.87655,"E 389"
"1441",172,"","","","","",0.99,NA,"one_slider_practice","Yes","Male","21","Spanish",11.7592333333333,"E 172"
"1442",172,"","","","","",0.79,NA,"one_slider_practice","Yes","Male","21","Spanish",11.7592333333333,"E 172"
"1443",172,"N","A","NQA","Q","dentist",0.25,6,"one_slider","Yes","Male","21","Spanish",11.7592333333333,"E 172"
"1444",172,"Y","I","YDI","D","travelagent",0.92,7,"one_slider","Yes","Male","21","Spanish",11.7592333333333,"E 172"
"1445",172,"Y","A","YQA","Q","priest",0.94,8,"one_slider","Yes","Male","21","Spanish",11.7592333333333,"E 172"
"1446",172,"N","I","NDI","D","supervisor",0.89,9,"one_slider","Yes","Male","21","Spanish",11.7592333333333,"E 172"
"1447",172,"N","A","NQA","Q","choreographer",0.22,10,"one_slider","Yes","Male","21","Spanish",11.7592333333333,"E 172"
"1448",172,"f","l","filler","i","filler2",0.05,11,"one_slider","Yes","Male","21","Spanish",11.7592333333333,"E 172"
"1449",172,"Y","I","YQI","Q","fan",0.63,12,"one_slider","Yes","Male","21","Spanish",11.7592333333333,"E 172"
"1450",172,"N","I","NQI","Q","queen",0.98,13,"one_slider","Yes","Male","21","Spanish",11.7592333333333,"E 172"
"1451",172,"Y","A","YDA","D","pianist",0.59,14,"one_slider","Yes","Male","21","Spanish",11.7592333333333,"E 172"
"1452",172,"N","I","NDI","D","groom",0.31,15,"one_slider","Yes","Male","21","Spanish",11.7592333333333,"E 172"
"1453",172,"N","I","NQI","Q","professor",0.65,16,"one_slider","Yes","Male","21","Spanish",11.7592333333333,"E 172"
"1454",172,"Y","A","YQA","Q","doctor",0.73,17,"one_slider","Yes","Male","21","Spanish",11.7592333333333,"E 172"
"1455",172,"Y","A","YQA","Q","coach",0.95,18,"one_slider","Yes","Male","21","Spanish",11.7592333333333,"E 172"
"1456",172,"N","A","NQA","Q","CEO",1,19,"one_slider","Yes","Male","21","Spanish",11.7592333333333,"E 172"
"1457",172,"N","A","NDA","D","artist",0.98,20,"one_slider","Yes","Male","21","Spanish",11.7592333333333,"E 172"
"1458",172,"Y","I","YDI","D","playwright",0.06,21,"one_slider","Yes","Male","21","Spanish",11.7592333333333,"E 172"
"1459",172,"Y","I","YQI","Q","bartender",0.91,22,"one_slider","Yes","Male","21","Spanish",11.7592333333333,"E 172"
"1460",172,"Y","I","YQI","Q","stylist",1,23,"one_slider","Yes","Male","21","Spanish",11.7592333333333,"E 172"
"1461",172,"N","I","NDI","D","pilot",1,24,"one_slider","Yes","Male","21","Spanish",11.7592333333333,"E 172"
"1462",172,"f","l","filler","i","filler4",0.99,25,"one_slider","Yes","Male","21","Spanish",11.7592333333333,"E 172"
"1463",172,"f","l","filler","i","filler5",0.18,26,"one_slider","Yes","Male","21","Spanish",11.7592333333333,"E 172"
"1464",172,"Y","A","YDA","D","conductor",0.44,27,"one_slider","Yes","Male","21","Spanish",11.7592333333333,"E 172"
"1465",172,"f","l","filler","i","filler6",0.29,28,"one_slider","Yes","Male","21","Spanish",11.7592333333333,"E 172"
"1466",172,"Y","A","YDA","D","patient",0.92,29,"one_slider","Yes","Male","21","Spanish",11.7592333333333,"E 172"
"1467",172,"f","l","filler","i","filler3",0.46,30,"one_slider","Yes","Male","21","Spanish",11.7592333333333,"E 172"
"1468",172,"f","l","filler","i","filler1",0.88,31,"one_slider","Yes","Male","21","Spanish",11.7592333333333,"E 172"
"1469",172,"N","A","NDA","D","scientist",0.93,32,"one_slider","Yes","Male","21","Spanish",11.7592333333333,"E 172"
"1470",172,"Y","I","YDI","D","troopleader",0.97,33,"one_slider","Yes","Male","21","Spanish",11.7592333333333,"E 172"
"1471",172,"N","A","NDA","D","nutritionist",0.5,34,"one_slider","Yes","Male","21","Spanish",11.7592333333333,"E 172"
"1472",172,"N","I","NQI","Q","chef",0.96,35,"one_slider","Yes","Male","21","Spanish",11.7592333333333,"E 172"
"1473",317,"","","","","",0.27,NA,"one_slider_practice","Yes","Male","42","English",6.297,"E 317"
"1474",317,"","","","","",0.84,NA,"one_slider_practice","Yes","Male","42","English",6.297,"E 317"
"1475",317,"f","l","filler","i","filler2",0.94,6,"one_slider","Yes","Male","42","English",6.297,"E 317"
"1476",317,"f","l","filler","i","filler3",0.96,7,"one_slider","Yes","Male","42","English",6.297,"E 317"
"1477",317,"N","A","NDA","D","chef",0.91,8,"one_slider","Yes","Male","42","English",6.297,"E 317"
"1478",317,"Y","A","YQA","Q","pilot",0.93,9,"one_slider","Yes","Male","42","English",6.297,"E 317"
"1479",317,"Y","A","YQA","Q","supervisor",0.86,10,"one_slider","Yes","Male","42","English",6.297,"E 317"
"1480",317,"f","l","filler","i","filler5",0.92,11,"one_slider","Yes","Male","42","English",6.297,"E 317"
"1481",317,"Y","I","YQI","Q","bartender",0.91,12,"one_slider","Yes","Male","42","English",6.297,"E 317"
"1482",317,"N","A","NQA","Q","scientist",0.92,13,"one_slider","Yes","Male","42","English",6.297,"E 317"
"1483",317,"Y","I","YDI","D","choreographer",0.81,14,"one_slider","Yes","Male","42","English",6.297,"E 317"
"1484",317,"f","l","filler","i","filler1",0.93,15,"one_slider","Yes","Male","42","English",6.297,"E 317"
"1485",317,"Y","I","YDI","D","doctor",0.55,16,"one_slider","Yes","Male","42","English",6.297,"E 317"
"1486",317,"Y","I","YQI","Q","playwright",0.27,17,"one_slider","Yes","Male","42","English",6.297,"E 317"
"1487",317,"N","I","NQI","Q","fan",0.93,18,"one_slider","Yes","Male","42","English",6.297,"E 317"
"1488",317,"Y","A","YDA","D","stylist",0.95,19,"one_slider","Yes","Male","42","English",6.297,"E 317"
"1489",317,"N","A","NQA","Q","queen",0.93,20,"one_slider","Yes","Male","42","English",6.297,"E 317"
"1490",317,"N","I","NQI","Q","nutritionist",0.91,21,"one_slider","Yes","Male","42","English",6.297,"E 317"
"1491",317,"N","I","NDI","D","artist",0.93,22,"one_slider","Yes","Male","42","English",6.297,"E 317"
"1492",317,"Y","I","YQI","Q","travelagent",0.73,23,"one_slider","Yes","Male","42","English",6.297,"E 317"
"1493",317,"Y","I","YDI","D","CEO",0.56,24,"one_slider","Yes","Male","42","English",6.297,"E 317"
"1494",317,"Y","A","YDA","D","coach",0.83,25,"one_slider","Yes","Male","42","English",6.297,"E 317"
"1495",317,"Y","A","YDA","D","troopleader",0.86,26,"one_slider","Yes","Male","42","English",6.297,"E 317"
"1496",317,"f","l","filler","i","filler6",0.73,27,"one_slider","Yes","Male","42","English",6.297,"E 317"
"1497",317,"N","I","NDI","D","pianist",0.51,28,"one_slider","Yes","Male","42","English",6.297,"E 317"
"1498",317,"N","A","NQA","Q","priest",0.84,29,"one_slider","Yes","Male","42","English",6.297,"E 317"
"1499",317,"N","A","NDA","D","groom",0.1,30,"one_slider","Yes","Male","42","English",6.297,"E 317"
"1500",317,"N","A","NDA","D","professor",0.91,31,"one_slider","Yes","Male","42","English",6.297,"E 317"
"1501",317,"N","I","NQI","Q","dentist",0.86,32,"one_slider","Yes","Male","42","English",6.297,"E 317"
"1502",317,"Y","A","YQA","Q","patient",0.5,33,"one_slider","Yes","Male","42","English",6.297,"E 317"
"1503",317,"f","l","filler","i","filler4",0.21,34,"one_slider","Yes","Male","42","English",6.297,"E 317"
"1504",317,"N","I","NDI","D","conductor",0.88,35,"one_slider","Yes","Male","42","English",6.297,"E 317"
"1505",481,"","","","","",0.96,NA,"one_slider_practice","Confused","Female","19","English",15.0569,"E 481"
"1506",481,"","","","","",0.92,NA,"one_slider_practice","Confused","Female","19","English",15.0569,"E 481"
"1507",481,"Y","A","YQA","Q","fan",0.35,6,"one_slider","Confused","Female","19","English",15.0569,"E 481"
"1508",481,"Y","I","YDI","D","pilot",0.19,7,"one_slider","Confused","Female","19","English",15.0569,"E 481"
"1509",481,"N","A","NQA","Q","choreographer",0.32,8,"one_slider","Confused","Female","19","English",15.0569,"E 481"
"1510",481,"f","l","filler","i","filler4",0.79,9,"one_slider","Confused","Female","19","English",15.0569,"E 481"
"1511",481,"N","A","NDA","D","queen",0.33,10,"one_slider","Confused","Female","19","English",15.0569,"E 481"
"1512",481,"Y","A","YDA","D","professor",0.65,11,"one_slider","Confused","Female","19","English",15.0569,"E 481"
"1513",481,"Y","I","YQI","Q","dentist",0.27,12,"one_slider","Confused","Female","19","English",15.0569,"E 481"
"1514",481,"f","l","filler","i","filler6",0,13,"one_slider","Confused","Female","19","English",15.0569,"E 481"
"1515",481,"N","I","NDI","D","conductor",0.37,14,"one_slider","Confused","Female","19","English",15.0569,"E 481"
"1516",481,"f","l","filler","i","filler5",0,15,"one_slider","Confused","Female","19","English",15.0569,"E 481"
"1517",481,"N","I","NDI","D","travelagent",1,16,"one_slider","Confused","Female","19","English",15.0569,"E 481"
"1518",481,"Y","A","YDA","D","stylist",1,17,"one_slider","Confused","Female","19","English",15.0569,"E 481"
"1519",481,"N","A","NQA","Q","supervisor",0,18,"one_slider","Confused","Female","19","English",15.0569,"E 481"
"1520",481,"Y","I","YQI","Q","playwright",1,19,"one_slider","Confused","Female","19","English",15.0569,"E 481"
"1521",481,"Y","I","YDI","D","groom",1,20,"one_slider","Confused","Female","19","English",15.0569,"E 481"
"1522",481,"Y","A","YQA","Q","artist",1,21,"one_slider","Confused","Female","19","English",15.0569,"E 481"
"1523",481,"Y","A","YDA","D","bartender",1,22,"one_slider","Confused","Female","19","English",15.0569,"E 481"
"1524",481,"N","A","NDA","D","coach",1,23,"one_slider","Confused","Female","19","English",15.0569,"E 481"
"1525",481,"N","I","NDI","D","scientist",1,24,"one_slider","Confused","Female","19","English",15.0569,"E 481"
"1526",481,"Y","A","YQA","Q","chef",1,25,"one_slider","Confused","Female","19","English",15.0569,"E 481"
"1527",481,"f","l","filler","i","filler2",0.88,26,"one_slider","Confused","Female","19","English",15.0569,"E 481"
"1528",481,"f","l","filler","i","filler1",0.72,27,"one_slider","Confused","Female","19","English",15.0569,"E 481"
"1529",481,"Y","I","YDI","D","nutritionist",0.59,28,"one_slider","Confused","Female","19","English",15.0569,"E 481"
"1530",481,"f","l","filler","i","filler3",0.63,29,"one_slider","Confused","Female","19","English",15.0569,"E 481"
"1531",481,"N","A","NQA","Q","troopleader",0.68,30,"one_slider","Confused","Female","19","English",15.0569,"E 481"
"1532",481,"N","I","NQI","Q","priest",1,31,"one_slider","Confused","Female","19","English",15.0569,"E 481"
"1533",481,"N","I","NQI","Q","patient",1,32,"one_slider","Confused","Female","19","English",15.0569,"E 481"
"1534",481,"Y","I","YQI","Q","doctor",0.51,33,"one_slider","Confused","Female","19","English",15.0569,"E 481"
"1535",481,"N","I","NQI","Q","CEO",0.73,34,"one_slider","Confused","Female","19","English",15.0569,"E 481"
"1536",481,"N","A","NDA","D","pianist",1,35,"one_slider","Confused","Female","19","English",15.0569,"E 481"
"1537",368,"","","","","",0.04,NA,"one_slider_practice","Yes","Female","19","French",20.1422333333333,"E 368"
"1538",368,"","","","","",0.94,NA,"one_slider_practice","Yes","Female","19","French",20.1422333333333,"E 368"
"1539",368,"f","l","filler","i","filler6",0.03,6,"one_slider","Yes","Female","19","French",20.1422333333333,"E 368"
"1540",368,"N","A","NDA","D","queen",0.96,7,"one_slider","Yes","Female","19","French",20.1422333333333,"E 368"
"1541",368,"N","A","NQA","Q","travelagent",0,8,"one_slider","Yes","Female","19","French",20.1422333333333,"E 368"
"1542",368,"N","A","NDA","D","choreographer",1,9,"one_slider","Yes","Female","19","French",20.1422333333333,"E 368"
"1543",368,"N","A","NDA","D","patient",1,10,"one_slider","Yes","Female","19","French",20.1422333333333,"E 368"
"1544",368,"N","A","NQA","Q","doctor",0.97,11,"one_slider","Yes","Female","19","French",20.1422333333333,"E 368"
"1545",368,"Y","I","YQI","Q","artist",0.96,12,"one_slider","Yes","Female","19","French",20.1422333333333,"E 368"
"1546",368,"N","I","NDI","D","conductor",0.8,13,"one_slider","Yes","Female","19","French",20.1422333333333,"E 368"
"1547",368,"Y","I","YDI","D","professor",0.61,14,"one_slider","Yes","Female","19","French",20.1422333333333,"E 368"
"1548",368,"f","l","filler","i","filler5",0,15,"one_slider","Yes","Female","19","French",20.1422333333333,"E 368"
"1549",368,"Y","I","YDI","D","chef",1,16,"one_slider","Yes","Female","19","French",20.1422333333333,"E 368"
"1550",368,"Y","I","YQI","Q","pilot",0.9,17,"one_slider","Yes","Female","19","French",20.1422333333333,"E 368"
"1551",368,"N","I","NDI","D","playwright",0.63,18,"one_slider","Yes","Female","19","French",20.1422333333333,"E 368"
"1552",368,"N","I","NQI","Q","scientist",0.86,19,"one_slider","Yes","Female","19","French",20.1422333333333,"E 368"
"1553",368,"N","I","NDI","D","coach",0.94,20,"one_slider","Yes","Female","19","French",20.1422333333333,"E 368"
"1554",368,"Y","I","YDI","D","supervisor",0,21,"one_slider","Yes","Female","19","French",20.1422333333333,"E 368"
"1555",368,"N","I","NQI","Q","pianist",0.01,22,"one_slider","Yes","Female","19","French",20.1422333333333,"E 368"
"1556",368,"f","l","filler","i","filler3",0,23,"one_slider","Yes","Female","19","French",20.1422333333333,"E 368"
"1557",368,"f","l","filler","i","filler2",0.97,24,"one_slider","Yes","Female","19","French",20.1422333333333,"E 368"
"1558",368,"Y","A","YQA","Q","fan",0.95,25,"one_slider","Yes","Female","19","French",20.1422333333333,"E 368"
"1559",368,"Y","A","YQA","Q","troopleader",0.03,26,"one_slider","Yes","Female","19","French",20.1422333333333,"E 368"
"1560",368,"Y","A","YQA","Q","priest",0.57,27,"one_slider","Yes","Female","19","French",20.1422333333333,"E 368"
"1561",368,"N","I","NQI","Q","stylist",0.3,28,"one_slider","Yes","Female","19","French",20.1422333333333,"E 368"
"1562",368,"f","l","filler","i","filler4",0.01,29,"one_slider","Yes","Female","19","French",20.1422333333333,"E 368"
"1563",368,"Y","A","YDA","D","bartender",0.14,30,"one_slider","Yes","Female","19","French",20.1422333333333,"E 368"
"1564",368,"Y","A","YDA","D","nutritionist",0.94,31,"one_slider","Yes","Female","19","French",20.1422333333333,"E 368"
"1565",368,"Y","A","YDA","D","CEO",0.83,32,"one_slider","Yes","Female","19","French",20.1422333333333,"E 368"
"1566",368,"N","A","NQA","Q","groom",0.71,33,"one_slider","Yes","Female","19","French",20.1422333333333,"E 368"
"1567",368,"f","l","filler","i","filler1",1,34,"one_slider","Yes","Female","19","French",20.1422333333333,"E 368"
"1568",368,"Y","I","YQI","Q","dentist",0.29,35,"one_slider","Yes","Female","19","French",20.1422333333333,"E 368"
"1569",179,"","","","","",1,NA,"one_slider_practice","Yes","Male","20","english",1.91953333333333,"E 179"
"1570",179,"","","","","",0.42,NA,"one_slider_practice","Yes","Male","20","english",1.91953333333333,"E 179"
"1571",179,"N","I","NQI","Q","priest",0.52,6,"one_slider","Yes","Male","20","english",1.91953333333333,"E 179"
"1572",179,"Y","I","YQI","Q","fan",0.8,7,"one_slider","Yes","Male","20","english",1.91953333333333,"E 179"
"1573",179,"Y","I","YQI","Q","troopleader",0.43,8,"one_slider","Yes","Male","20","english",1.91953333333333,"E 179"
"1574",179,"N","I","NDI","D","travelagent",0.65,9,"one_slider","Yes","Male","20","english",1.91953333333333,"E 179"
"1575",179,"N","I","NQI","Q","supervisor",0.51,10,"one_slider","Yes","Male","20","english",1.91953333333333,"E 179"
"1576",179,"f","l","filler","i","filler6",0.56,11,"one_slider","Yes","Male","20","english",1.91953333333333,"E 179"
"1577",179,"N","A","NDA","D","chef",0.4,12,"one_slider","Yes","Male","20","english",1.91953333333333,"E 179"
"1578",179,"f","l","filler","i","filler2",0.66,13,"one_slider","Yes","Male","20","english",1.91953333333333,"E 179"
"1579",179,"f","l","filler","i","filler3",0.33,14,"one_slider","Yes","Male","20","english",1.91953333333333,"E 179"
"1580",179,"N","A","NQA","Q","coach",0.62,15,"one_slider","Yes","Male","20","english",1.91953333333333,"E 179"
"1581",179,"N","I","NQI","Q","scientist",0.55,16,"one_slider","Yes","Male","20","english",1.91953333333333,"E 179"
"1582",179,"Y","A","YDA","D","bartender",0.42,17,"one_slider","Yes","Male","20","english",1.91953333333333,"E 179"
"1583",179,"Y","A","YDA","D","queen",0.32,18,"one_slider","Yes","Male","20","english",1.91953333333333,"E 179"
"1584",179,"Y","A","YQA","Q","stylist",0.6,19,"one_slider","Yes","Male","20","english",1.91953333333333,"E 179"
"1585",179,"Y","I","YDI","D","professor",0.6,20,"one_slider","Yes","Male","20","english",1.91953333333333,"E 179"
"1586",179,"Y","A","YDA","D","conductor",0.4,21,"one_slider","Yes","Male","20","english",1.91953333333333,"E 179"
"1587",179,"N","A","NQA","Q","choreographer",0.46,22,"one_slider","Yes","Male","20","english",1.91953333333333,"E 179"
"1588",179,"N","A","NDA","D","patient",0.68,23,"one_slider","Yes","Male","20","english",1.91953333333333,"E 179"
"1589",179,"Y","A","YQA","Q","groom",0.67,24,"one_slider","Yes","Male","20","english",1.91953333333333,"E 179"
"1590",179,"Y","I","YDI","D","nutritionist",0.35,25,"one_slider","Yes","Male","20","english",1.91953333333333,"E 179"
"1591",179,"Y","A","YQA","Q","pianist",0.68,26,"one_slider","Yes","Male","20","english",1.91953333333333,"E 179"
"1592",179,"f","l","filler","i","filler5",0.4,27,"one_slider","Yes","Male","20","english",1.91953333333333,"E 179"
"1593",179,"Y","I","YQI","Q","artist",0.74,28,"one_slider","Yes","Male","20","english",1.91953333333333,"E 179"
"1594",179,"N","A","NQA","Q","CEO",0.3,29,"one_slider","Yes","Male","20","english",1.91953333333333,"E 179"
"1595",179,"N","I","NDI","D","pilot",0.36,30,"one_slider","Yes","Male","20","english",1.91953333333333,"E 179"
"1596",179,"Y","I","YDI","D","doctor",0.57,31,"one_slider","Yes","Male","20","english",1.91953333333333,"E 179"
"1597",179,"f","l","filler","i","filler4",0.68,32,"one_slider","Yes","Male","20","english",1.91953333333333,"E 179"
"1598",179,"N","A","NDA","D","playwright",0.7,33,"one_slider","Yes","Male","20","english",1.91953333333333,"E 179"
"1599",179,"N","I","NDI","D","dentist",0.68,34,"one_slider","Yes","Male","20","english",1.91953333333333,"E 179"
"1600",179,"f","l","filler","i","filler1",0.66,35,"one_slider","Yes","Male","20","english",1.91953333333333,"E 179"
"1601",277,"","","","","",0.93,NA,"one_slider_practice","Confused","Female","21","English",2.39565,"E 277"
"1602",277,"","","","","",0.1,NA,"one_slider_practice","Confused","Female","21","English",2.39565,"E 277"
"1603",277,"N","A","NDA","D","pilot",0.94,6,"one_slider","Confused","Female","21","English",2.39565,"E 277"
"1604",277,"N","A","NQA","Q","coach",0.12,7,"one_slider","Confused","Female","21","English",2.39565,"E 277"
"1605",277,"Y","A","YDA","D","queen",0.84,8,"one_slider","Confused","Female","21","English",2.39565,"E 277"
"1606",277,"Y","A","YDA","D","professor",0.16,9,"one_slider","Confused","Female","21","English",2.39565,"E 277"
"1607",277,"f","l","filler","i","filler3",0.91,10,"one_slider","Confused","Female","21","English",2.39565,"E 277"
"1608",277,"N","I","NQI","Q","stylist",0.14,11,"one_slider","Confused","Female","21","English",2.39565,"E 277"
"1609",277,"Y","I","YQI","Q","conductor",0.83,12,"one_slider","Confused","Female","21","English",2.39565,"E 277"
"1610",277,"Y","I","YDI","D","patient",0.09,13,"one_slider","Confused","Female","21","English",2.39565,"E 277"
"1611",277,"f","l","filler","i","filler2",0.89,14,"one_slider","Confused","Female","21","English",2.39565,"E 277"
"1612",277,"Y","A","YQA","Q","travelagent",0.12,15,"one_slider","Confused","Female","21","English",2.39565,"E 277"
"1613",277,"Y","A","YQA","Q","dentist",0.83,16,"one_slider","Confused","Female","21","English",2.39565,"E 277"
"1614",277,"N","A","NQA","Q","chef",0.12,17,"one_slider","Confused","Female","21","English",2.39565,"E 277"
"1615",277,"Y","I","YQI","Q","bartender",0.84,18,"one_slider","Confused","Female","21","English",2.39565,"E 277"
"1616",277,"N","A","NQA","Q","pianist",0.18,19,"one_slider","Confused","Female","21","English",2.39565,"E 277"
"1617",277,"Y","I","YQI","Q","choreographer",0.88,20,"one_slider","Confused","Female","21","English",2.39565,"E 277"
"1618",277,"N","I","NDI","D","priest",0.18,21,"one_slider","Confused","Female","21","English",2.39565,"E 277"
"1619",277,"N","I","NDI","D","CEO",0.83,22,"one_slider","Confused","Female","21","English",2.39565,"E 277"
"1620",277,"f","l","filler","i","filler1",0.79,23,"one_slider","Confused","Female","21","English",2.39565,"E 277"
"1621",277,"N","I","NQI","Q","nutritionist",0.85,24,"one_slider","Confused","Female","21","English",2.39565,"E 277"
"1622",277,"N","A","NDA","D","playwright",0.87,25,"one_slider","Confused","Female","21","English",2.39565,"E 277"
"1623",277,"N","I","NQI","Q","groom",0.12,26,"one_slider","Confused","Female","21","English",2.39565,"E 277"
"1624",277,"N","I","NDI","D","supervisor",0.9,27,"one_slider","Confused","Female","21","English",2.39565,"E 277"
"1625",277,"Y","I","YDI","D","artist",0.85,28,"one_slider","Confused","Female","21","English",2.39565,"E 277"
"1626",277,"f","l","filler","i","filler6",0.96,29,"one_slider","Confused","Female","21","English",2.39565,"E 277"
"1627",277,"f","l","filler","i","filler5",0.13,30,"one_slider","Confused","Female","21","English",2.39565,"E 277"
"1628",277,"Y","A","YQA","Q","troopleader",0.05,31,"one_slider","Confused","Female","21","English",2.39565,"E 277"
"1629",277,"f","l","filler","i","filler4",0.15,32,"one_slider","Confused","Female","21","English",2.39565,"E 277"
"1630",277,"Y","I","YDI","D","fan",0.96,33,"one_slider","Confused","Female","21","English",2.39565,"E 277"
"1631",277,"Y","A","YDA","D","doctor",0.91,34,"one_slider","Confused","Female","21","English",2.39565,"E 277"
"1632",277,"N","A","NDA","D","scientist",0.92,35,"one_slider","Confused","Female","21","English",2.39565,"E 277"
"1633",427,"","","","","",0.82,NA,"one_slider_practice","Yes","Female","20","English",10.8189,"E 427"
"1634",427,"","","","","",0.48,NA,"one_slider_practice","Yes","Female","20","English",10.8189,"E 427"
"1635",427,"Y","I","YQI","Q","coach",0.28,6,"one_slider","Yes","Female","20","English",10.8189,"E 427"
"1636",427,"Y","A","YDA","D","priest",0.72,7,"one_slider","Yes","Female","20","English",10.8189,"E 427"
"1637",427,"Y","I","YDI","D","patient",0.74,8,"one_slider","Yes","Female","20","English",10.8189,"E 427"
"1638",427,"Y","A","YDA","D","supervisor",0.07,9,"one_slider","Yes","Female","20","English",10.8189,"E 427"
"1639",427,"Y","A","YQA","Q","CEO",0.17,10,"one_slider","Yes","Female","20","English",10.8189,"E 427"
"1640",427,"N","A","NDA","D","bartender",0.73,11,"one_slider","Yes","Female","20","English",10.8189,"E 427"
"1641",427,"f","l","filler","i","filler6",0.1,12,"one_slider","Yes","Female","20","English",10.8189,"E 427"
"1642",427,"N","I","NDI","D","fan",0.7,13,"one_slider","Yes","Female","20","English",10.8189,"E 427"
"1643",427,"N","A","NDA","D","troopleader",0.7,14,"one_slider","Yes","Female","20","English",10.8189,"E 427"
"1644",427,"f","l","filler","i","filler3",0.48,15,"one_slider","Yes","Female","20","English",10.8189,"E 427"
"1645",427,"Y","A","YQA","Q","scientist",0.66,16,"one_slider","Yes","Female","20","English",10.8189,"E 427"
"1646",427,"Y","A","YDA","D","pianist",0.67,17,"one_slider","Yes","Female","20","English",10.8189,"E 427"
"1647",427,"N","I","NDI","D","queen",0.79,18,"one_slider","Yes","Female","20","English",10.8189,"E 427"
"1648",427,"Y","I","YQI","Q","chef",0.33,19,"one_slider","Yes","Female","20","English",10.8189,"E 427"
"1649",427,"N","A","NDA","D","pilot",0.38,20,"one_slider","Yes","Female","20","English",10.8189,"E 427"
"1650",427,"N","A","NQA","Q","travelagent",0.74,21,"one_slider","Yes","Female","20","English",10.8189,"E 427"
"1651",427,"Y","I","YDI","D","groom",0.63,22,"one_slider","Yes","Female","20","English",10.8189,"E 427"
"1652",427,"Y","I","YQI","Q","stylist",0.65,23,"one_slider","Yes","Female","20","English",10.8189,"E 427"
"1653",427,"N","A","NQA","Q","nutritionist",0.47,24,"one_slider","Yes","Female","20","English",10.8189,"E 427"
"1654",427,"f","l","filler","i","filler2",0.7,25,"one_slider","Yes","Female","20","English",10.8189,"E 427"
"1655",427,"N","A","NQA","Q","professor",0.7,26,"one_slider","Yes","Female","20","English",10.8189,"E 427"
"1656",427,"f","l","filler","i","filler4",0.63,27,"one_slider","Yes","Female","20","English",10.8189,"E 427"
"1657",427,"N","I","NQI","Q","dentist",0.23,28,"one_slider","Yes","Female","20","English",10.8189,"E 427"
"1658",427,"f","l","filler","i","filler1",0.65,29,"one_slider","Yes","Female","20","English",10.8189,"E 427"
"1659",427,"Y","A","YQA","Q","conductor",0.29,30,"one_slider","Yes","Female","20","English",10.8189,"E 427"
"1660",427,"Y","I","YDI","D","artist",0.75,31,"one_slider","Yes","Female","20","English",10.8189,"E 427"
"1661",427,"N","I","NDI","D","doctor",0.72,32,"one_slider","Yes","Female","20","English",10.8189,"E 427"
"1662",427,"N","I","NQI","Q","choreographer",0.52,33,"one_slider","Yes","Female","20","English",10.8189,"E 427"
"1663",427,"f","l","filler","i","filler5",0.59,34,"one_slider","Yes","Female","20","English",10.8189,"E 427"
"1664",427,"N","I","NQI","Q","playwright",0.59,35,"one_slider","Yes","Female","20","English",10.8189,"E 427"
"1665",180,"","","","","",0.99,NA,"one_slider_practice","Yes","Female","20","Spanish",10.5862666666667,"E 180"
"1666",180,"","","","","",0.97,NA,"one_slider_practice","Yes","Female","20","Spanish",10.5862666666667,"E 180"
"1667",180,"Y","A","YQA","Q","playwright",0.56,6,"one_slider","Yes","Female","20","Spanish",10.5862666666667,"E 180"
"1668",180,"N","I","NDI","D","doctor",1,7,"one_slider","Yes","Female","20","Spanish",10.5862666666667,"E 180"
"1669",180,"N","I","NDI","D","pianist",0.01,8,"one_slider","Yes","Female","20","Spanish",10.5862666666667,"E 180"
"1670",180,"N","I","NQI","Q","priest",0.96,9,"one_slider","Yes","Female","20","Spanish",10.5862666666667,"E 180"
"1671",180,"N","A","NDA","D","supervisor",0.94,10,"one_slider","Yes","Female","20","Spanish",10.5862666666667,"E 180"
"1672",180,"N","A","NQA","Q","queen",0.98,11,"one_slider","Yes","Female","20","Spanish",10.5862666666667,"E 180"
"1673",180,"f","l","filler","i","filler1",0.97,12,"one_slider","Yes","Female","20","Spanish",10.5862666666667,"E 180"
"1674",180,"Y","I","YDI","D","nutritionist",0.03,13,"one_slider","Yes","Female","20","Spanish",10.5862666666667,"E 180"
"1675",180,"Y","I","YDI","D","dentist",0.01,14,"one_slider","Yes","Female","20","Spanish",10.5862666666667,"E 180"
"1676",180,"N","A","NQA","Q","conductor",0.01,15,"one_slider","Yes","Female","20","Spanish",10.5862666666667,"E 180"
"1677",180,"f","l","filler","i","filler4",0.95,16,"one_slider","Yes","Female","20","Spanish",10.5862666666667,"E 180"
"1678",180,"Y","I","YQI","Q","artist",0.05,17,"one_slider","Yes","Female","20","Spanish",10.5862666666667,"E 180"
"1679",180,"Y","A","YDA","D","fan",0.01,18,"one_slider","Yes","Female","20","Spanish",10.5862666666667,"E 180"
"1680",180,"N","A","NQA","Q","stylist",0.97,19,"one_slider","Yes","Female","20","Spanish",10.5862666666667,"E 180"
"1681",180,"Y","A","YDA","D","CEO",0,20,"one_slider","Yes","Female","20","Spanish",10.5862666666667,"E 180"
"1682",180,"Y","A","YDA","D","patient",0.94,21,"one_slider","Yes","Female","20","Spanish",10.5862666666667,"E 180"
"1683",180,"N","I","NDI","D","travelagent",0.99,22,"one_slider","Yes","Female","20","Spanish",10.5862666666667,"E 180"
"1684",180,"Y","A","YQA","Q","chef",0.34,23,"one_slider","Yes","Female","20","Spanish",10.5862666666667,"E 180"
"1685",180,"f","l","filler","i","filler5",0.02,24,"one_slider","Yes","Female","20","Spanish",10.5862666666667,"E 180"
"1686",180,"N","A","NDA","D","pilot",0.04,25,"one_slider","Yes","Female","20","Spanish",10.5862666666667,"E 180"
"1687",180,"N","I","NQI","Q","coach",0.98,26,"one_slider","Yes","Female","20","Spanish",10.5862666666667,"E 180"
"1688",180,"f","l","filler","i","filler6",0.01,27,"one_slider","Yes","Female","20","Spanish",10.5862666666667,"E 180"
"1689",180,"Y","I","YDI","D","choreographer",0.6,28,"one_slider","Yes","Female","20","Spanish",10.5862666666667,"E 180"
"1690",180,"Y","A","YQA","Q","bartender",0.02,29,"one_slider","Yes","Female","20","Spanish",10.5862666666667,"E 180"
"1691",180,"N","A","NDA","D","groom",0.93,30,"one_slider","Yes","Female","20","Spanish",10.5862666666667,"E 180"
"1692",180,"Y","I","YQI","Q","scientist",0.99,31,"one_slider","Yes","Female","20","Spanish",10.5862666666667,"E 180"
"1693",180,"N","I","NQI","Q","troopleader",0.98,32,"one_slider","Yes","Female","20","Spanish",10.5862666666667,"E 180"
"1694",180,"Y","I","YQI","Q","professor",0.96,33,"one_slider","Yes","Female","20","Spanish",10.5862666666667,"E 180"
"1695",180,"f","l","filler","i","filler3",0.03,34,"one_slider","Yes","Female","20","Spanish",10.5862666666667,"E 180"
"1696",180,"f","l","filler","i","filler2",0.98,35,"one_slider","Yes","Female","20","Spanish",10.5862666666667,"E 180"
"1697",574,"","","","","",0.51,NA,"one_slider_practice","Yes","Female","19","English ",2.96611666666667,"E 574"
"1698",574,"","","","","",0.71,NA,"one_slider_practice","Yes","Female","19","English ",2.96611666666667,"E 574"
"1699",574,"Y","I","YQI","Q","groom",0.3,6,"one_slider","Yes","Female","19","English ",2.96611666666667,"E 574"
"1700",574,"f","l","filler","i","filler1",0.66,7,"one_slider","Yes","Female","19","English ",2.96611666666667,"E 574"
"1701",574,"N","I","NQI","Q","scientist",0.39,8,"one_slider","Yes","Female","19","English ",2.96611666666667,"E 574"
"1702",574,"Y","I","YDI","D","troopleader",0.67,9,"one_slider","Yes","Female","19","English ",2.96611666666667,"E 574"
"1703",574,"N","I","NDI","D","supervisor",0.3,10,"one_slider","Yes","Female","19","English ",2.96611666666667,"E 574"
"1704",574,"N","I","NDI","D","patient",0.48,11,"one_slider","Yes","Female","19","English ",2.96611666666667,"E 574"
"1705",574,"Y","A","YDA","D","CEO",0.53,12,"one_slider","Yes","Female","19","English ",2.96611666666667,"E 574"
"1706",574,"Y","I","YQI","Q","bartender",0.64,13,"one_slider","Yes","Female","19","English ",2.96611666666667,"E 574"
"1707",574,"N","I","NQI","Q","playwright",0.37,14,"one_slider","Yes","Female","19","English ",2.96611666666667,"E 574"
"1708",574,"f","l","filler","i","filler4",0.65,15,"one_slider","Yes","Female","19","English ",2.96611666666667,"E 574"
"1709",574,"N","I","NQI","Q","priest",0.19,16,"one_slider","Yes","Female","19","English ",2.96611666666667,"E 574"
"1710",574,"Y","A","YQA","Q","chef",0.74,17,"one_slider","Yes","Female","19","English ",2.96611666666667,"E 574"
"1711",574,"Y","I","YDI","D","stylist",0.24,18,"one_slider","Yes","Female","19","English ",2.96611666666667,"E 574"
"1712",574,"Y","A","YQA","Q","pilot",0.68,19,"one_slider","Yes","Female","19","English ",2.96611666666667,"E 574"
"1713",574,"N","A","NQA","Q","travelagent",0.23,20,"one_slider","Yes","Female","19","English ",2.96611666666667,"E 574"
"1714",574,"f","l","filler","i","filler6",0.73,21,"one_slider","Yes","Female","19","English ",2.96611666666667,"E 574"
"1715",574,"f","l","filler","i","filler2",0.44,22,"one_slider","Yes","Female","19","English ",2.96611666666667,"E 574"
"1716",574,"f","l","filler","i","filler3",0.52,23,"one_slider","Yes","Female","19","English ",2.96611666666667,"E 574"
"1717",574,"N","A","NDA","D","coach",0.52,24,"one_slider","Yes","Female","19","English ",2.96611666666667,"E 574"
"1718",574,"Y","A","YDA","D","professor",0.25,25,"one_slider","Yes","Female","19","English ",2.96611666666667,"E 574"
"1719",574,"f","l","filler","i","filler5",0.59,26,"one_slider","Yes","Female","19","English ",2.96611666666667,"E 574"
"1720",574,"N","A","NQA","Q","choreographer",0.27,27,"one_slider","Yes","Female","19","English ",2.96611666666667,"E 574"
"1721",574,"N","A","NDA","D","dentist",0.69,28,"one_slider","Yes","Female","19","English ",2.96611666666667,"E 574"
"1722",574,"N","A","NQA","Q","doctor",0.22,29,"one_slider","Yes","Female","19","English ",2.96611666666667,"E 574"
"1723",574,"Y","I","YQI","Q","fan",0.72,30,"one_slider","Yes","Female","19","English ",2.96611666666667,"E 574"
"1724",574,"Y","A","YDA","D","queen",0.27,31,"one_slider","Yes","Female","19","English ",2.96611666666667,"E 574"
"1725",574,"Y","I","YDI","D","artist",0.67,32,"one_slider","Yes","Female","19","English ",2.96611666666667,"E 574"
"1726",574,"Y","A","YQA","Q","conductor",0.09,33,"one_slider","Yes","Female","19","English ",2.96611666666667,"E 574"
"1727",574,"N","A","NDA","D","nutritionist",0.67,34,"one_slider","Yes","Female","19","English ",2.96611666666667,"E 574"
"1728",574,"N","I","NDI","D","pianist",0.21,35,"one_slider","Yes","Female","19","English ",2.96611666666667,"E 574"
"1729",535,"","","","","",0.64,NA,"one_slider_practice","Yes","Female","19","Spanish",9.04076666666667,"E 535"
"1730",535,"","","","","",0.35,NA,"one_slider_practice","Yes","Female","19","Spanish",9.04076666666667,"E 535"
"1731",535,"N","A","NDA","D","playwright",0.52,6,"one_slider","Yes","Female","19","Spanish",9.04076666666667,"E 535"
"1732",535,"Y","A","YDA","D","fan",0.58,7,"one_slider","Yes","Female","19","Spanish",9.04076666666667,"E 535"
"1733",535,"f","l","filler","i","filler4",0.37,8,"one_slider","Yes","Female","19","Spanish",9.04076666666667,"E 535"
"1734",535,"f","l","filler","i","filler1",0.7,9,"one_slider","Yes","Female","19","Spanish",9.04076666666667,"E 535"
"1735",535,"Y","I","YQI","Q","priest",0.24,10,"one_slider","Yes","Female","19","Spanish",9.04076666666667,"E 535"
"1736",535,"N","I","NDI","D","chef",0.77,11,"one_slider","Yes","Female","19","Spanish",9.04076666666667,"E 535"
"1737",535,"N","A","NQA","Q","stylist",0.73,12,"one_slider","Yes","Female","19","Spanish",9.04076666666667,"E 535"
"1738",535,"Y","A","YQA","Q","CEO",0.15,13,"one_slider","Yes","Female","19","Spanish",9.04076666666667,"E 535"
"1739",535,"Y","I","YDI","D","pianist",0.72,14,"one_slider","Yes","Female","19","Spanish",9.04076666666667,"E 535"
"1740",535,"Y","A","YQA","Q","conductor",0.63,15,"one_slider","Yes","Female","19","Spanish",9.04076666666667,"E 535"
"1741",535,"N","A","NQA","Q","troopleader",0.27,16,"one_slider","Yes","Female","19","Spanish",9.04076666666667,"E 535"
"1742",535,"N","A","NDA","D","dentist",0.7,17,"one_slider","Yes","Female","19","Spanish",9.04076666666667,"E 535"
"1743",535,"Y","I","YDI","D","travelagent",0.26,18,"one_slider","Yes","Female","19","Spanish",9.04076666666667,"E 535"
"1744",535,"Y","A","YQA","Q","artist",0.75,19,"one_slider","Yes","Female","19","Spanish",9.04076666666667,"E 535"
"1745",535,"N","A","NDA","D","groom",0.67,20,"one_slider","Yes","Female","19","Spanish",9.04076666666667,"E 535"
"1746",535,"f","l","filler","i","filler5",0.64,21,"one_slider","Yes","Female","19","Spanish",9.04076666666667,"E 535"
"1747",535,"Y","I","YDI","D","queen",0.26,22,"one_slider","Yes","Female","19","Spanish",9.04076666666667,"E 535"
"1748",535,"N","I","NQI","Q","professor",0.67,23,"one_slider","Yes","Female","19","Spanish",9.04076666666667,"E 535"
"1749",535,"N","I","NQI","Q","scientist",0.58,24,"one_slider","Yes","Female","19","Spanish",9.04076666666667,"E 535"
"1750",535,"Y","A","YDA","D","coach",0.35,25,"one_slider","Yes","Female","19","Spanish",9.04076666666667,"E 535"
"1751",535,"f","l","filler","i","filler6",0.66,26,"one_slider","Yes","Female","19","Spanish",9.04076666666667,"E 535"
"1752",535,"f","l","filler","i","filler2",0.71,27,"one_slider","Yes","Female","19","Spanish",9.04076666666667,"E 535"
"1753",535,"f","l","filler","i","filler3",0.62,28,"one_slider","Yes","Female","19","Spanish",9.04076666666667,"E 535"
"1754",535,"N","A","NQA","Q","doctor",0.65,29,"one_slider","Yes","Female","19","Spanish",9.04076666666667,"E 535"
"1755",535,"N","I","NDI","D","pilot",0.53,30,"one_slider","Yes","Female","19","Spanish",9.04076666666667,"E 535"
"1756",535,"N","I","NDI","D","bartender",0.73,31,"one_slider","Yes","Female","19","Spanish",9.04076666666667,"E 535"
"1757",535,"Y","I","YQI","Q","patient",0.76,32,"one_slider","Yes","Female","19","Spanish",9.04076666666667,"E 535"
"1758",535,"N","I","NQI","Q","choreographer",0.32,33,"one_slider","Yes","Female","19","Spanish",9.04076666666667,"E 535"
"1759",535,"Y","A","YDA","D","supervisor",0.8,34,"one_slider","Yes","Female","19","Spanish",9.04076666666667,"E 535"
"1760",535,"Y","I","YQI","Q","nutritionist",0.27,35,"one_slider","Yes","Female","19","Spanish",9.04076666666667,"E 535"
"1761",418,"","","","","",0.85,NA,"one_slider_practice","Yes","Female","20","Spanish",9.07483333333333,"E 418"
"1762",418,"","","","","",0.56,NA,"one_slider_practice","Yes","Female","20","Spanish",9.07483333333333,"E 418"
"1763",418,"f","l","filler","i","filler6",0.18,6,"one_slider","Yes","Female","20","Spanish",9.07483333333333,"E 418"
"1764",418,"Y","I","YDI","D","patient",0.58,7,"one_slider","Yes","Female","20","Spanish",9.07483333333333,"E 418"
"1765",418,"f","l","filler","i","filler5",0.38,8,"one_slider","Yes","Female","20","Spanish",9.07483333333333,"E 418"
"1766",418,"N","A","NQA","Q","travelagent",0.85,9,"one_slider","Yes","Female","20","Spanish",9.07483333333333,"E 418"
"1767",418,"Y","I","YDI","D","pilot",0.42,10,"one_slider","Yes","Female","20","Spanish",9.07483333333333,"E 418"
"1768",418,"Y","A","YQA","Q","nutritionist",0.49,11,"one_slider","Yes","Female","20","Spanish",9.07483333333333,"E 418"
"1769",418,"Y","A","YDA","D","pianist",0.81,12,"one_slider","Yes","Female","20","Spanish",9.07483333333333,"E 418"
"1770",418,"Y","A","YDA","D","supervisor",0.24,13,"one_slider","Yes","Female","20","Spanish",9.07483333333333,"E 418"
"1771",418,"Y","A","YDA","D","fan",0.81,14,"one_slider","Yes","Female","20","Spanish",9.07483333333333,"E 418"
"1772",418,"N","I","NDI","D","troopleader",0.92,15,"one_slider","Yes","Female","20","Spanish",9.07483333333333,"E 418"
"1773",418,"Y","I","YQI","Q","doctor",0.61,16,"one_slider","Yes","Female","20","Spanish",9.07483333333333,"E 418"
"1774",418,"N","A","NDA","D","chef",0.91,17,"one_slider","Yes","Female","20","Spanish",9.07483333333333,"E 418"
"1775",418,"f","l","filler","i","filler3",0.76,18,"one_slider","Yes","Female","20","Spanish",9.07483333333333,"E 418"
"1776",418,"f","l","filler","i","filler2",0.76,19,"one_slider","Yes","Female","20","Spanish",9.07483333333333,"E 418"
"1777",418,"Y","I","YDI","D","priest",0.81,20,"one_slider","Yes","Female","20","Spanish",9.07483333333333,"E 418"
"1778",418,"f","l","filler","i","filler1",0.83,21,"one_slider","Yes","Female","20","Spanish",9.07483333333333,"E 418"
"1779",418,"Y","I","YQI","Q","conductor",0.79,22,"one_slider","Yes","Female","20","Spanish",9.07483333333333,"E 418"
"1780",418,"N","A","NQA","Q","professor",0.33,23,"one_slider","Yes","Female","20","Spanish",9.07483333333333,"E 418"
"1781",418,"N","A","NDA","D","artist",0.98,24,"one_slider","Yes","Female","20","Spanish",9.07483333333333,"E 418"
"1782",418,"N","I","NQI","Q","choreographer",0.23,25,"one_slider","Yes","Female","20","Spanish",9.07483333333333,"E 418"
"1783",418,"N","A","NQA","Q","scientist",0.81,26,"one_slider","Yes","Female","20","Spanish",9.07483333333333,"E 418"
"1784",418,"N","I","NQI","Q","CEO",0.12,27,"one_slider","Yes","Female","20","Spanish",9.07483333333333,"E 418"
"1785",418,"Y","A","YQA","Q","queen",0.4,28,"one_slider","Yes","Female","20","Spanish",9.07483333333333,"E 418"
"1786",418,"f","l","filler","i","filler4",0.05,29,"one_slider","Yes","Female","20","Spanish",9.07483333333333,"E 418"
"1787",418,"N","I","NDI","D","bartender",0.8,30,"one_slider","Yes","Female","20","Spanish",9.07483333333333,"E 418"
"1788",418,"N","I","NDI","D","playwright",0.92,31,"one_slider","Yes","Female","20","Spanish",9.07483333333333,"E 418"
"1789",418,"Y","I","YQI","Q","dentist",0.53,32,"one_slider","Yes","Female","20","Spanish",9.07483333333333,"E 418"
"1790",418,"Y","A","YQA","Q","groom",0.44,33,"one_slider","Yes","Female","20","Spanish",9.07483333333333,"E 418"
"1791",418,"N","A","NDA","D","stylist",0.6,34,"one_slider","Yes","Female","20","Spanish",9.07483333333333,"E 418"
"1792",418,"N","I","NQI","Q","coach",0.96,35,"one_slider","Yes","Female","20","Spanish",9.07483333333333,"E 418"
"1793",455,"","","","","",0.95,NA,"one_slider_practice","Yes","Female","19","english ",15.0159333333333,"E 455"
"1794",455,"","","","","",0.77,NA,"one_slider_practice","Yes","Female","19","english ",15.0159333333333,"E 455"
"1795",455,"Y","I","YQI","Q","pianist",0.27,6,"one_slider","Yes","Female","19","english ",15.0159333333333,"E 455"
"1796",455,"f","l","filler","i","filler5",0.75,7,"one_slider","Yes","Female","19","english ",15.0159333333333,"E 455"
"1797",455,"N","I","NQI","Q","supervisor",0.19,8,"one_slider","Yes","Female","19","english ",15.0159333333333,"E 455"
"1798",455,"N","A","NDA","D","fan",0.68,9,"one_slider","Yes","Female","19","english ",15.0159333333333,"E 455"
"1799",455,"Y","A","YQA","Q","doctor",0.51,10,"one_slider","Yes","Female","19","english ",15.0159333333333,"E 455"
"1800",455,"f","l","filler","i","filler3",0.92,11,"one_slider","Yes","Female","19","english ",15.0159333333333,"E 455"
"1801",455,"N","I","NQI","Q","coach",0.93,12,"one_slider","Yes","Female","19","english ",15.0159333333333,"E 455"
"1802",455,"N","A","NDA","D","patient",0.52,13,"one_slider","Yes","Female","19","english ",15.0159333333333,"E 455"
"1803",455,"Y","A","YDA","D","bartender",0.49,14,"one_slider","Yes","Female","19","english ",15.0159333333333,"E 455"
"1804",455,"N","I","NQI","Q","nutritionist",0.77,15,"one_slider","Yes","Female","19","english ",15.0159333333333,"E 455"
"1805",455,"f","l","filler","i","filler4",0.49,16,"one_slider","Yes","Female","19","english ",15.0159333333333,"E 455"
"1806",455,"N","A","NQA","Q","pilot",0.54,17,"one_slider","Yes","Female","19","english ",15.0159333333333,"E 455"
"1807",455,"Y","A","YQA","Q","dentist",0.19,18,"one_slider","Yes","Female","19","english ",15.0159333333333,"E 455"
"1808",455,"Y","I","YDI","D","chef",0.24,19,"one_slider","Yes","Female","19","english ",15.0159333333333,"E 455"
"1809",455,"Y","I","YQI","Q","professor",0.79,20,"one_slider","Yes","Female","19","english ",15.0159333333333,"E 455"
"1810",455,"Y","I","YDI","D","CEO",0.5,21,"one_slider","Yes","Female","19","english ",15.0159333333333,"E 455"
"1811",455,"f","l","filler","i","filler2",0.79,22,"one_slider","Yes","Female","19","english ",15.0159333333333,"E 455"
"1812",455,"N","I","NDI","D","artist",0.78,23,"one_slider","Yes","Female","19","english ",15.0159333333333,"E 455"
"1813",455,"N","A","NDA","D","queen",0.77,24,"one_slider","Yes","Female","19","english ",15.0159333333333,"E 455"
"1814",455,"Y","A","YDA","D","conductor",0.56,25,"one_slider","Yes","Female","19","english ",15.0159333333333,"E 455"
"1815",455,"N","I","NDI","D","playwright",0.13,26,"one_slider","Yes","Female","19","english ",15.0159333333333,"E 455"
"1816",455,"f","l","filler","i","filler1",0.74,27,"one_slider","Yes","Female","19","english ",15.0159333333333,"E 455"
"1817",455,"Y","A","YQA","Q","groom",0.26,28,"one_slider","Yes","Female","19","english ",15.0159333333333,"E 455"
"1818",455,"N","I","NDI","D","troopleader",0.28,29,"one_slider","Yes","Female","19","english ",15.0159333333333,"E 455"
"1819",455,"N","A","NQA","Q","priest",0.73,30,"one_slider","Yes","Female","19","english ",15.0159333333333,"E 455"
"1820",455,"Y","I","YDI","D","scientist",0.75,31,"one_slider","Yes","Female","19","english ",15.0159333333333,"E 455"
"1821",455,"N","A","NQA","Q","travelagent",0.49,32,"one_slider","Yes","Female","19","english ",15.0159333333333,"E 455"
"1822",455,"Y","A","YDA","D","stylist",0.85,33,"one_slider","Yes","Female","19","english ",15.0159333333333,"E 455"
"1823",455,"Y","I","YQI","Q","choreographer",0.24,34,"one_slider","Yes","Female","19","english ",15.0159333333333,"E 455"
"1824",455,"f","l","filler","i","filler6",0.12,35,"one_slider","Yes","Female","19","english ",15.0159333333333,"E 455"
"1825",230,"","","","","",0.98,NA,"one_slider_practice","Yes","Male","23","English",31.4670833333333,"E 230"
"1826",230,"","","","","",0.97,NA,"one_slider_practice","Yes","Male","23","English",31.4670833333333,"E 230"
"1827",230,"N","I","NQI","Q","fan",0.14,6,"one_slider","Yes","Male","23","English",31.4670833333333,"E 230"
"1828",230,"Y","I","YQI","Q","troopleader",1,7,"one_slider","Yes","Male","23","English",31.4670833333333,"E 230"
"1829",230,"N","I","NQI","Q","patient",1,8,"one_slider","Yes","Male","23","English",31.4670833333333,"E 230"
"1830",230,"Y","I","YDI","D","supervisor",1,9,"one_slider","Yes","Male","23","English",31.4670833333333,"E 230"
"1831",230,"N","A","NQA","Q","conductor",1,10,"one_slider","Yes","Male","23","English",31.4670833333333,"E 230"
"1832",230,"Y","A","YDA","D","dentist",0.69,11,"one_slider","Yes","Male","23","English",31.4670833333333,"E 230"
"1833",230,"N","I","NDI","D","stylist",1,12,"one_slider","Yes","Male","23","English",31.4670833333333,"E 230"
"1834",230,"N","A","NQA","Q","CEO",0.69,13,"one_slider","Yes","Male","23","English",31.4670833333333,"E 230"
"1835",230,"N","A","NQA","Q","coach",1,14,"one_slider","Yes","Male","23","English",31.4670833333333,"E 230"
"1836",230,"Y","A","YDA","D","groom",1,15,"one_slider","Yes","Male","23","English",31.4670833333333,"E 230"
"1837",230,"N","A","NDA","D","pianist",1,16,"one_slider","Yes","Male","23","English",31.4670833333333,"E 230"
"1838",230,"Y","A","YDA","D","choreographer",1,17,"one_slider","Yes","Male","23","English",31.4670833333333,"E 230"
"1839",230,"f","l","filler","i","filler2",0.71,18,"one_slider","Yes","Male","23","English",31.4670833333333,"E 230"
"1840",230,"N","I","NQI","Q","bartender",1,19,"one_slider","Yes","Male","23","English",31.4670833333333,"E 230"
"1841",230,"f","l","filler","i","filler5",1,20,"one_slider","Yes","Male","23","English",31.4670833333333,"E 230"
"1842",230,"N","A","NDA","D","priest",1,21,"one_slider","Yes","Male","23","English",31.4670833333333,"E 230"
"1843",230,"f","l","filler","i","filler4",0,22,"one_slider","Yes","Male","23","English",31.4670833333333,"E 230"
"1844",230,"f","l","filler","i","filler1",0.98,23,"one_slider","Yes","Male","23","English",31.4670833333333,"E 230"
"1845",230,"Y","A","YQA","Q","pilot",0,24,"one_slider","Yes","Male","23","English",31.4670833333333,"E 230"
"1846",230,"Y","I","YQI","Q","travelagent",1,25,"one_slider","Yes","Male","23","English",31.4670833333333,"E 230"
"1847",230,"N","I","NDI","D","playwright",0.7,26,"one_slider","Yes","Male","23","English",31.4670833333333,"E 230"
"1848",230,"Y","I","YQI","Q","professor",1,27,"one_slider","Yes","Male","23","English",31.4670833333333,"E 230"
"1849",230,"N","I","NDI","D","nutritionist",0.82,28,"one_slider","Yes","Male","23","English",31.4670833333333,"E 230"
"1850",230,"Y","I","YDI","D","doctor",1,29,"one_slider","Yes","Male","23","English",31.4670833333333,"E 230"
"1851",230,"f","l","filler","i","filler6",0,30,"one_slider","Yes","Male","23","English",31.4670833333333,"E 230"
"1852",230,"f","l","filler","i","filler3",1,31,"one_slider","Yes","Male","23","English",31.4670833333333,"E 230"
"1853",230,"N","A","NDA","D","queen",1,32,"one_slider","Yes","Male","23","English",31.4670833333333,"E 230"
"1854",230,"Y","I","YDI","D","chef",1,33,"one_slider","Yes","Male","23","English",31.4670833333333,"E 230"
"1855",230,"Y","A","YQA","Q","scientist",1,34,"one_slider","Yes","Male","23","English",31.4670833333333,"E 230"
"1856",230,"Y","A","YQA","Q","artist",0.66,35,"one_slider","Yes","Male","23","English",31.4670833333333,"E 230"
"1857",492,"","","","","",0.08,NA,"one_slider_practice","Yes","Male","21","Chinese",502.954216666667,"E 492"
"1858",492,"","","","","",1,NA,"one_slider_practice","Yes","Male","21","Chinese",502.954216666667,"E 492"
"1859",492,"Y","I","YQI","Q","troopleader",0.25,6,"one_slider","Yes","Male","21","Chinese",502.954216666667,"E 492"
"1860",492,"f","l","filler","i","filler6",0,7,"one_slider","Yes","Male","21","Chinese",502.954216666667,"E 492"
"1861",492,"Y","I","YDI","D","scientist",0.96,8,"one_slider","Yes","Male","21","Chinese",502.954216666667,"E 492"
"1862",492,"N","I","NQI","Q","pilot",0.22,9,"one_slider","Yes","Male","21","Chinese",502.954216666667,"E 492"
"1863",492,"N","A","NQA","Q","pianist",0.77,10,"one_slider","Yes","Male","21","Chinese",502.954216666667,"E 492"
"1864",492,"N","A","NDA","D","CEO",0.87,11,"one_slider","Yes","Male","21","Chinese",502.954216666667,"E 492"
"1865",492,"N","I","NQI","Q","chef",1,12,"one_slider","Yes","Male","21","Chinese",502.954216666667,"E 492"
"1866",492,"Y","A","YDA","D","fan",0.01,13,"one_slider","Yes","Male","21","Chinese",502.954216666667,"E 492"
"1867",492,"N","I","NDI","D","groom",1,14,"one_slider","Yes","Male","21","Chinese",502.954216666667,"E 492"
"1868",492,"N","A","NQA","Q","bartender",0.09,15,"one_slider","Yes","Male","21","Chinese",502.954216666667,"E 492"
"1869",492,"Y","A","YDA","D","conductor",1,16,"one_slider","Yes","Male","21","Chinese",502.954216666667,"E 492"
"1870",492,"Y","A","YQA","Q","stylist",1,17,"one_slider","Yes","Male","21","Chinese",502.954216666667,"E 492"
"1871",492,"f","l","filler","i","filler3",0,18,"one_slider","Yes","Male","21","Chinese",502.954216666667,"E 492"
"1872",492,"f","l","filler","i","filler2",0.09,19,"one_slider","Yes","Male","21","Chinese",502.954216666667,"E 492"
"1873",492,"f","l","filler","i","filler4",0,20,"one_slider","Yes","Male","21","Chinese",502.954216666667,"E 492"
"1874",492,"f","l","filler","i","filler1",0.08,21,"one_slider","Yes","Male","21","Chinese",502.954216666667,"E 492"
"1875",492,"N","A","NDA","D","artist",0.71,22,"one_slider","Yes","Male","21","Chinese",502.954216666667,"E 492"
"1876",492,"Y","A","YQA","Q","queen",0.86,23,"one_slider","Yes","Male","21","Chinese",502.954216666667,"E 492"
"1877",492,"N","I","NQI","Q","priest",0.89,24,"one_slider","Yes","Male","21","Chinese",502.954216666667,"E 492"
"1878",492,"N","A","NQA","Q","coach",0.1,25,"one_slider","Yes","Male","21","Chinese",502.954216666667,"E 492"
"1879",492,"f","l","filler","i","filler5",0.17,26,"one_slider","Yes","Male","21","Chinese",502.954216666667,"E 492"
"1880",492,"Y","A","YDA","D","playwright",0.32,27,"one_slider","Yes","Male","21","Chinese",502.954216666667,"E 492"
"1881",492,"Y","I","YDI","D","doctor",0.86,28,"one_slider","Yes","Male","21","Chinese",502.954216666667,"E 492"
"1882",492,"N","I","NDI","D","travelagent",0.98,29,"one_slider","Yes","Male","21","Chinese",502.954216666667,"E 492"
"1883",492,"Y","I","YQI","Q","professor",0.52,30,"one_slider","Yes","Male","21","Chinese",502.954216666667,"E 492"
"1884",492,"N","I","NDI","D","dentist",0.66,31,"one_slider","Yes","Male","21","Chinese",502.954216666667,"E 492"
"1885",492,"Y","A","YQA","Q","patient",0.85,32,"one_slider","Yes","Male","21","Chinese",502.954216666667,"E 492"
"1886",492,"Y","I","YDI","D","supervisor",0.49,33,"one_slider","Yes","Male","21","Chinese",502.954216666667,"E 492"
"1887",492,"Y","I","YQI","Q","choreographer",0.28,34,"one_slider","Yes","Male","21","Chinese",502.954216666667,"E 492"
"1888",492,"N","A","NDA","D","nutritionist",0.71,35,"one_slider","Yes","Male","21","Chinese",502.954216666667,"E 492"
"1889",520,"","","","","",0.99,NA,"one_slider_practice","Confused","Male","22","Italian",42.2080166666667,"E 520"
"1890",520,"","","","","",0.35,NA,"one_slider_practice","Confused","Male","22","Italian",42.2080166666667,"E 520"
"1891",520,"f","l","filler","i","filler6",0.23,6,"one_slider","Confused","Male","22","Italian",42.2080166666667,"E 520"
"1892",520,"N","A","NQA","Q","coach",0.87,7,"one_slider","Confused","Male","22","Italian",42.2080166666667,"E 520"
"1893",520,"f","l","filler","i","filler4",0.53,8,"one_slider","Confused","Male","22","Italian",42.2080166666667,"E 520"
"1894",520,"Y","A","YQA","Q","conductor",0.74,9,"one_slider","Confused","Male","22","Italian",42.2080166666667,"E 520"
"1895",520,"N","I","NQI","Q","CEO",0.82,10,"one_slider","Confused","Male","22","Italian",42.2080166666667,"E 520"
"1896",520,"Y","I","YQI","Q","stylist",1,11,"one_slider","Confused","Male","22","Italian",42.2080166666667,"E 520"
"1897",520,"N","I","NDI","D","bartender",0.88,12,"one_slider","Confused","Male","22","Italian",42.2080166666667,"E 520"
"1898",520,"Y","I","YDI","D","artist",0.92,13,"one_slider","Confused","Male","22","Italian",42.2080166666667,"E 520"
"1899",520,"N","I","NQI","Q","nutritionist",0.43,14,"one_slider","Confused","Male","22","Italian",42.2080166666667,"E 520"
"1900",520,"N","I","NDI","D","patient",0.98,15,"one_slider","Confused","Male","22","Italian",42.2080166666667,"E 520"
"1901",520,"Y","I","YDI","D","playwright",0.7,16,"one_slider","Confused","Male","22","Italian",42.2080166666667,"E 520"
"1902",520,"f","l","filler","i","filler2",0.97,17,"one_slider","Confused","Male","22","Italian",42.2080166666667,"E 520"
"1903",520,"Y","I","YDI","D","troopleader",0.33,18,"one_slider","Confused","Male","22","Italian",42.2080166666667,"E 520"
"1904",520,"f","l","filler","i","filler1",0.4,19,"one_slider","Confused","Male","22","Italian",42.2080166666667,"E 520"
"1905",520,"N","I","NQI","Q","professor",0.5,20,"one_slider","Confused","Male","22","Italian",42.2080166666667,"E 520"
"1906",520,"N","A","NQA","Q","fan",0.66,21,"one_slider","Confused","Male","22","Italian",42.2080166666667,"E 520"
"1907",520,"f","l","filler","i","filler3",0.3,22,"one_slider","Confused","Male","22","Italian",42.2080166666667,"E 520"
"1908",520,"Y","A","YDA","D","travelagent",0.45,23,"one_slider","Confused","Male","22","Italian",42.2080166666667,"E 520"
"1909",520,"N","A","NDA","D","dentist",0.73,24,"one_slider","Confused","Male","22","Italian",42.2080166666667,"E 520"
"1910",520,"Y","A","YDA","D","chef",0.3,25,"one_slider","Confused","Male","22","Italian",42.2080166666667,"E 520"
"1911",520,"Y","I","YQI","Q","supervisor",0.32,26,"one_slider","Confused","Male","22","Italian",42.2080166666667,"E 520"
"1912",520,"N","A","NDA","D","queen",0.86,27,"one_slider","Confused","Male","22","Italian",42.2080166666667,"E 520"
"1913",520,"N","A","NDA","D","scientist",1,28,"one_slider","Confused","Male","22","Italian",42.2080166666667,"E 520"
"1914",520,"N","A","NQA","Q","choreographer",1,29,"one_slider","Confused","Male","22","Italian",42.2080166666667,"E 520"
"1915",520,"Y","I","YQI","Q","groom",0.43,30,"one_slider","Confused","Male","22","Italian",42.2080166666667,"E 520"
"1916",520,"f","l","filler","i","filler5",0,31,"one_slider","Confused","Male","22","Italian",42.2080166666667,"E 520"
"1917",520,"N","I","NDI","D","doctor",0.07,32,"one_slider","Confused","Male","22","Italian",42.2080166666667,"E 520"
"1918",520,"Y","A","YQA","Q","priest",0.81,33,"one_slider","Confused","Male","22","Italian",42.2080166666667,"E 520"
"1919",520,"Y","A","YQA","Q","pianist",0.79,34,"one_slider","Confused","Male","22","Italian",42.2080166666667,"E 520"
"1920",520,"Y","A","YDA","D","pilot",0,35,"one_slider","Confused","Male","22","Italian",42.2080166666667,"E 520"
"1921",324,"","","","","",1,NA,"one_slider_practice","Yes","Female","21","English",29.21135,"E 324"
"1922",324,"","","","","",1,NA,"one_slider_practice","Yes","Female","21","English",29.21135,"E 324"
"1923",324,"Y","A","YQA","Q","troopleader",0.67,6,"one_slider","Yes","Female","21","English",29.21135,"E 324"
"1924",324,"N","A","NDA","D","conductor",0.73,7,"one_slider","Yes","Female","21","English",29.21135,"E 324"
"1925",324,"f","l","filler","i","filler4",0.85,8,"one_slider","Yes","Female","21","English",29.21135,"E 324"
"1926",324,"Y","I","YDI","D","pilot",0.6,9,"one_slider","Yes","Female","21","English",29.21135,"E 324"
"1927",324,"N","A","NDA","D","stylist",0.59,10,"one_slider","Yes","Female","21","English",29.21135,"E 324"
"1928",324,"N","I","NDI","D","patient",0.56,11,"one_slider","Yes","Female","21","English",29.21135,"E 324"
"1929",324,"Y","I","YQI","Q","playwright",0.46,12,"one_slider","Yes","Female","21","English",29.21135,"E 324"
"1930",324,"Y","A","YQA","Q","choreographer",0.51,13,"one_slider","Yes","Female","21","English",29.21135,"E 324"
"1931",324,"f","l","filler","i","filler1",0.95,14,"one_slider","Yes","Female","21","English",29.21135,"E 324"
"1932",324,"Y","I","YDI","D","priest",0.77,15,"one_slider","Yes","Female","21","English",29.21135,"E 324"
"1933",324,"N","I","NQI","Q","travelagent",0.4,16,"one_slider","Yes","Female","21","English",29.21135,"E 324"
"1934",324,"N","I","NQI","Q","dentist",0.58,17,"one_slider","Yes","Female","21","English",29.21135,"E 324"
"1935",324,"N","A","NDA","D","artist",0.88,18,"one_slider","Yes","Female","21","English",29.21135,"E 324"
"1936",324,"Y","I","YQI","Q","nutritionist",0.8,19,"one_slider","Yes","Female","21","English",29.21135,"E 324"
"1937",324,"Y","A","YQA","Q","chef",0.71,20,"one_slider","Yes","Female","21","English",29.21135,"E 324"
"1938",324,"Y","A","YDA","D","supervisor",0.32,21,"one_slider","Yes","Female","21","English",29.21135,"E 324"
"1939",324,"f","l","filler","i","filler3",0.47,22,"one_slider","Yes","Female","21","English",29.21135,"E 324"
"1940",324,"N","A","NQA","Q","coach",0.65,23,"one_slider","Yes","Female","21","English",29.21135,"E 324"
"1941",324,"N","I","NQI","Q","queen",0.77,24,"one_slider","Yes","Female","21","English",29.21135,"E 324"
"1942",324,"Y","A","YDA","D","professor",0.66,25,"one_slider","Yes","Female","21","English",29.21135,"E 324"
"1943",324,"Y","I","YDI","D","groom",0.17,26,"one_slider","Yes","Female","21","English",29.21135,"E 324"
"1944",324,"f","l","filler","i","filler6",0.04,27,"one_slider","Yes","Female","21","English",29.21135,"E 324"
"1945",324,"Y","A","YDA","D","pianist",0.41,28,"one_slider","Yes","Female","21","English",29.21135,"E 324"
"1946",324,"Y","I","YQI","Q","fan",0.62,29,"one_slider","Yes","Female","21","English",29.21135,"E 324"
"1947",324,"f","l","filler","i","filler2",0.8,30,"one_slider","Yes","Female","21","English",29.21135,"E 324"
"1948",324,"N","I","NDI","D","bartender",0.74,31,"one_slider","Yes","Female","21","English",29.21135,"E 324"
"1949",324,"N","I","NDI","D","scientist",0.86,32,"one_slider","Yes","Female","21","English",29.21135,"E 324"
"1950",324,"N","A","NQA","Q","doctor",0.83,33,"one_slider","Yes","Female","21","English",29.21135,"E 324"
"1951",324,"f","l","filler","i","filler5",0.27,34,"one_slider","Yes","Female","21","English",29.21135,"E 324"
"1952",324,"N","A","NQA","Q","CEO",0.33,35,"one_slider","Yes","Female","21","English",29.21135,"E 324"
"1953",378,"","","","","",0.6,NA,"one_slider_practice","Yes","Male",NA,"",70.17805,"E 378"
"1954",378,"","","","","",0.82,NA,"one_slider_practice","Yes","Male",NA,"",70.17805,"E 378"
"1955",378,"Y","A","YQA","Q","scientist",0.84,6,"one_slider","Yes","Male",NA,"",70.17805,"E 378"
"1956",378,"N","I","NQI","Q","playwright",0.22,7,"one_slider","Yes","Male",NA,"",70.17805,"E 378"
"1957",378,"f","l","filler","i","filler2",0.05,8,"one_slider","Yes","Male",NA,"",70.17805,"E 378"
"1958",378,"Y","A","YDA","D","dentist",0.68,9,"one_slider","Yes","Male",NA,"",70.17805,"E 378"
"1959",378,"Y","I","YDI","D","pilot",0.77,10,"one_slider","Yes","Male",NA,"",70.17805,"E 378"
"1960",378,"Y","A","YDA","D","bartender",0.76,11,"one_slider","Yes","Male",NA,"",70.17805,"E 378"
"1961",378,"N","I","NDI","D","supervisor",0.49,12,"one_slider","Yes","Male",NA,"",70.17805,"E 378"
"1962",378,"N","I","NQI","Q","fan",0.88,13,"one_slider","Yes","Male",NA,"",70.17805,"E 378"
"1963",378,"N","I","NDI","D","professor",0.78,14,"one_slider","Yes","Male",NA,"",70.17805,"E 378"
"1964",378,"Y","A","YDA","D","queen",0.64,15,"one_slider","Yes","Male",NA,"",70.17805,"E 378"
"1965",378,"N","A","NDA","D","artist",0.73,16,"one_slider","Yes","Male",NA,"",70.17805,"E 378"
"1966",378,"f","l","filler","i","filler6",0.23,17,"one_slider","Yes","Male",NA,"",70.17805,"E 378"
"1967",378,"Y","I","YQI","Q","nutritionist",0.58,18,"one_slider","Yes","Male",NA,"",70.17805,"E 378"
"1968",378,"f","l","filler","i","filler4",0.32,19,"one_slider","Yes","Male",NA,"",70.17805,"E 378"
"1969",378,"N","I","NQI","Q","pianist",0.71,20,"one_slider","Yes","Male",NA,"",70.17805,"E 378"
"1970",378,"N","A","NDA","D","CEO",0.5,21,"one_slider","Yes","Male",NA,"",70.17805,"E 378"
"1971",378,"N","A","NQA","Q","coach",0.96,22,"one_slider","Yes","Male",NA,"",70.17805,"E 378"
"1972",378,"f","l","filler","i","filler1",0.73,23,"one_slider","Yes","Male",NA,"",70.17805,"E 378"
"1973",378,"N","A","NQA","Q","choreographer",0.78,24,"one_slider","Yes","Male",NA,"",70.17805,"E 378"
"1974",378,"f","l","filler","i","filler3",0.79,25,"one_slider","Yes","Male",NA,"",70.17805,"E 378"
"1975",378,"Y","I","YDI","D","groom",0.79,26,"one_slider","Yes","Male",NA,"",70.17805,"E 378"
"1976",378,"Y","A","YQA","Q","travelagent",0.09,27,"one_slider","Yes","Male",NA,"",70.17805,"E 378"
"1977",378,"f","l","filler","i","filler5",0.19,28,"one_slider","Yes","Male",NA,"",70.17805,"E 378"
"1978",378,"Y","I","YDI","D","patient",0.26,29,"one_slider","Yes","Male",NA,"",70.17805,"E 378"
"1979",378,"Y","A","YQA","Q","stylist",0.26,30,"one_slider","Yes","Male",NA,"",70.17805,"E 378"
"1980",378,"N","A","NQA","Q","chef",0.28,31,"one_slider","Yes","Male",NA,"",70.17805,"E 378"
"1981",378,"N","A","NDA","D","priest",0.96,32,"one_slider","Yes","Male",NA,"",70.17805,"E 378"
"1982",378,"Y","I","YQI","Q","troopleader",0.76,33,"one_slider","Yes","Male",NA,"",70.17805,"E 378"
"1983",378,"Y","I","YQI","Q","conductor",0.66,34,"one_slider","Yes","Male",NA,"",70.17805,"E 378"
"1984",378,"N","I","NDI","D","doctor",0.92,35,"one_slider","Yes","Male",NA,"",70.17805,"E 378"
"1985",136,"","","","","",1,NA,"one_slider_practice","Confused","Female","21","English",8.21466666666667,"E 136"
"1986",136,"","","","","",0.14,NA,"one_slider_practice","Confused","Female","21","English",8.21466666666667,"E 136"
"1987",136,"N","A","NQA","Q","troopleader",0.16,6,"one_slider","Confused","Female","21","English",8.21466666666667,"E 136"
"1988",136,"Y","I","YQI","Q","conductor",0.2,7,"one_slider","Confused","Female","21","English",8.21466666666667,"E 136"
"1989",136,"Y","A","YDA","D","priest",0.49,8,"one_slider","Confused","Female","21","English",8.21466666666667,"E 136"
"1990",136,"N","I","NQI","Q","choreographer",0.25,9,"one_slider","Confused","Female","21","English",8.21466666666667,"E 136"
"1991",136,"Y","A","YQA","Q","doctor",0.46,10,"one_slider","Confused","Female","21","English",8.21466666666667,"E 136"
"1992",136,"N","A","NDA","D","pilot",0.32,11,"one_slider","Confused","Female","21","English",8.21466666666667,"E 136"
"1993",136,"Y","A","YQA","Q","stylist",0.53,12,"one_slider","Confused","Female","21","English",8.21466666666667,"E 136"
"1994",136,"f","l","filler","i","filler1",0.57,13,"one_slider","Confused","Female","21","English",8.21466666666667,"E 136"
"1995",136,"f","l","filler","i","filler4",0.86,14,"one_slider","Confused","Female","21","English",8.21466666666667,"E 136"
"1996",136,"N","I","NDI","D","playwright",0.44,15,"one_slider","Confused","Female","21","English",8.21466666666667,"E 136"
"1997",136,"N","I","NDI","D","fan",0.36,16,"one_slider","Confused","Female","21","English",8.21466666666667,"E 136"
"1998",136,"N","I","NDI","D","professor",0.41,17,"one_slider","Confused","Female","21","English",8.21466666666667,"E 136"
"1999",136,"f","l","filler","i","filler2",0.55,18,"one_slider","Confused","Female","21","English",8.21466666666667,"E 136"
"2000",136,"f","l","filler","i","filler3",0.35,19,"one_slider","Confused","Female","21","English",8.21466666666667,"E 136"
"2001",136,"Y","I","YDI","D","CEO",0.18,20,"one_slider","Confused","Female","21","English",8.21466666666667,"E 136"
"2002",136,"Y","I","YQI","Q","scientist",0.91,21,"one_slider","Confused","Female","21","English",8.21466666666667,"E 136"
"2003",136,"Y","A","YQA","Q","artist",0.56,22,"one_slider","Confused","Female","21","English",8.21466666666667,"E 136"
"2004",136,"N","A","NQA","Q","supervisor",0.47,23,"one_slider","Confused","Female","21","English",8.21466666666667,"E 136"
"2005",136,"N","I","NQI","Q","patient",0.89,24,"one_slider","Confused","Female","21","English",8.21466666666667,"E 136"
"2006",136,"N","I","NQI","Q","dentist",0.62,25,"one_slider","Confused","Female","21","English",8.21466666666667,"E 136"
"2007",136,"f","l","filler","i","filler5",0.06,26,"one_slider","Confused","Female","21","English",8.21466666666667,"E 136"
"2008",136,"Y","I","YDI","D","bartender",0.87,27,"one_slider","Confused","Female","21","English",8.21466666666667,"E 136"
"2009",136,"N","A","NQA","Q","coach",1,28,"one_slider","Confused","Female","21","English",8.21466666666667,"E 136"
"2010",136,"f","l","filler","i","filler6",0.26,29,"one_slider","Confused","Female","21","English",8.21466666666667,"E 136"
"2011",136,"N","A","NDA","D","nutritionist",0.78,30,"one_slider","Confused","Female","21","English",8.21466666666667,"E 136"
"2012",136,"Y","A","YDA","D","pianist",0.72,31,"one_slider","Confused","Female","21","English",8.21466666666667,"E 136"
"2013",136,"Y","A","YDA","D","groom",0.67,32,"one_slider","Confused","Female","21","English",8.21466666666667,"E 136"
"2014",136,"N","A","NDA","D","travelagent",0.32,33,"one_slider","Confused","Female","21","English",8.21466666666667,"E 136"
"2015",136,"Y","I","YDI","D","chef",0.34,34,"one_slider","Confused","Female","21","English",8.21466666666667,"E 136"
"2016",136,"Y","I","YQI","Q","queen",0.9,35,"one_slider","Confused","Female","21","English",8.21466666666667,"E 136"
"2017",531,"","","","","",0.48,NA,"one_slider_practice","Confused","Female","19","englsih",1.79485,"E 531"
"2018",531,"","","","","",0.51,NA,"one_slider_practice","Confused","Female","19","englsih",1.79485,"E 531"
"2019",531,"Y","I","YQI","Q","playwright",0.5,6,"one_slider","Confused","Female","19","englsih",1.79485,"E 531"
"2020",531,"Y","I","YDI","D","dentist",0.46,7,"one_slider","Confused","Female","19","englsih",1.79485,"E 531"
"2021",531,"N","I","NQI","Q","supervisor",0.46,8,"one_slider","Confused","Female","19","englsih",1.79485,"E 531"
"2022",531,"N","A","NQA","Q","patient",0.47,9,"one_slider","Confused","Female","19","englsih",1.79485,"E 531"
"2023",531,"f","l","filler","i","filler4",0.52,10,"one_slider","Confused","Female","19","englsih",1.79485,"E 531"
"2024",531,"Y","A","YQA","Q","professor",0.44,11,"one_slider","Confused","Female","19","englsih",1.79485,"E 531"
"2025",531,"Y","A","YQA","Q","coach",0.47,12,"one_slider","Confused","Female","19","englsih",1.79485,"E 531"
"2026",531,"N","I","NDI","D","groom",0.48,13,"one_slider","Confused","Female","19","englsih",1.79485,"E 531"
"2027",531,"f","l","filler","i","filler6",0.46,14,"one_slider","Confused","Female","19","englsih",1.79485,"E 531"
"2028",531,"N","I","NDI","D","pilot",0.44,15,"one_slider","Confused","Female","19","englsih",1.79485,"E 531"
"2029",531,"f","l","filler","i","filler2",0.49,16,"one_slider","Confused","Female","19","englsih",1.79485,"E 531"
"2030",531,"N","A","NDA","D","fan",0.48,17,"one_slider","Confused","Female","19","englsih",1.79485,"E 531"
"2031",531,"Y","A","YDA","D","artist",0.52,18,"one_slider","Confused","Female","19","englsih",1.79485,"E 531"
"2032",531,"N","I","NDI","D","doctor",0.5,19,"one_slider","Confused","Female","19","englsih",1.79485,"E 531"
"2033",531,"N","I","NQI","Q","choreographer",0.51,20,"one_slider","Confused","Female","19","englsih",1.79485,"E 531"
"2034",531,"f","l","filler","i","filler1",0.5,21,"one_slider","Confused","Female","19","englsih",1.79485,"E 531"
"2035",531,"Y","A","YDA","D","bartender",0.44,22,"one_slider","Confused","Female","19","englsih",1.79485,"E 531"
"2036",531,"Y","I","YDI","D","troopleader",0.48,23,"one_slider","Confused","Female","19","englsih",1.79485,"E 531"
"2037",531,"Y","I","YQI","Q","nutritionist",0.45,24,"one_slider","Confused","Female","19","englsih",1.79485,"E 531"
"2038",531,"N","I","NQI","Q","pianist",0.5,25,"one_slider","Confused","Female","19","englsih",1.79485,"E 531"
"2039",531,"N","A","NDA","D","chef",0.46,26,"one_slider","Confused","Female","19","englsih",1.79485,"E 531"
"2040",531,"f","l","filler","i","filler3",0.44,27,"one_slider","Confused","Female","19","englsih",1.79485,"E 531"
"2041",531,"Y","A","YQA","Q","scientist",0.49,28,"one_slider","Confused","Female","19","englsih",1.79485,"E 531"
"2042",531,"N","A","NQA","Q","queen",0.51,29,"one_slider","Confused","Female","19","englsih",1.79485,"E 531"
"2043",531,"Y","I","YQI","Q","priest",0.5,30,"one_slider","Confused","Female","19","englsih",1.79485,"E 531"
"2044",531,"Y","A","YDA","D","travelagent",0.5,31,"one_slider","Confused","Female","19","englsih",1.79485,"E 531"
"2045",531,"Y","I","YDI","D","CEO",0.49,32,"one_slider","Confused","Female","19","englsih",1.79485,"E 531"
"2046",531,"N","A","NDA","D","conductor",0.44,33,"one_slider","Confused","Female","19","englsih",1.79485,"E 531"
"2047",531,"f","l","filler","i","filler5",0.49,34,"one_slider","Confused","Female","19","englsih",1.79485,"E 531"
"2048",531,"N","A","NQA","Q","stylist",0.48,35,"one_slider","Confused","Female","19","englsih",1.79485,"E 531"
"2049",403,"","","","","",0.97,NA,"one_slider_practice","Yes","Male","21","English",63.0726166666667,"E 403"
"2050",403,"","","","","",0.79,NA,"one_slider_practice","Yes","Male","21","English",63.0726166666667,"E 403"
"2051",403,"Y","A","YDA","D","queen",1,6,"one_slider","Yes","Male","21","English",63.0726166666667,"E 403"
"2052",403,"f","l","filler","i","filler6",0.13,7,"one_slider","Yes","Male","21","English",63.0726166666667,"E 403"
"2053",403,"Y","I","YDI","D","priest",0.89,8,"one_slider","Yes","Male","21","English",63.0726166666667,"E 403"
"2054",403,"N","I","NQI","Q","dentist",0.47,9,"one_slider","Yes","Male","21","English",63.0726166666667,"E 403"
"2055",403,"N","A","NQA","Q","nutritionist",0.17,10,"one_slider","Yes","Male","21","English",63.0726166666667,"E 403"
"2056",403,"Y","A","YDA","D","doctor",1,11,"one_slider","Yes","Male","21","English",63.0726166666667,"E 403"
"2057",403,"Y","I","YDI","D","artist",0.88,12,"one_slider","Yes","Male","21","English",63.0726166666667,"E 403"
"2058",403,"f","l","filler","i","filler3",0.83,13,"one_slider","Yes","Male","21","English",63.0726166666667,"E 403"
"2059",403,"N","I","NDI","D","coach",1,14,"one_slider","Yes","Male","21","English",63.0726166666667,"E 403"
"2060",403,"N","I","NDI","D","playwright",0.77,15,"one_slider","Yes","Male","21","English",63.0726166666667,"E 403"
"2061",403,"N","A","NDA","D","professor",0.89,16,"one_slider","Yes","Male","21","English",63.0726166666667,"E 403"
"2062",403,"Y","A","YQA","Q","CEO",0.79,17,"one_slider","Yes","Male","21","English",63.0726166666667,"E 403"
"2063",403,"Y","I","YDI","D","patient",0.93,18,"one_slider","Yes","Male","21","English",63.0726166666667,"E 403"
"2064",403,"f","l","filler","i","filler4",0.57,19,"one_slider","Yes","Male","21","English",63.0726166666667,"E 403"
"2065",403,"Y","A","YQA","Q","stylist",0.99,20,"one_slider","Yes","Male","21","English",63.0726166666667,"E 403"
"2066",403,"Y","A","YDA","D","conductor",0.76,21,"one_slider","Yes","Male","21","English",63.0726166666667,"E 403"
"2067",403,"N","A","NQA","Q","groom",0.68,22,"one_slider","Yes","Male","21","English",63.0726166666667,"E 403"
"2068",403,"Y","I","YQI","Q","choreographer",0.69,23,"one_slider","Yes","Male","21","English",63.0726166666667,"E 403"
"2069",403,"N","I","NQI","Q","scientist",0.68,24,"one_slider","Yes","Male","21","English",63.0726166666667,"E 403"
"2070",403,"N","A","NDA","D","pianist",0.77,25,"one_slider","Yes","Male","21","English",63.0726166666667,"E 403"
"2071",403,"Y","I","YQI","Q","supervisor",0.57,26,"one_slider","Yes","Male","21","English",63.0726166666667,"E 403"
"2072",403,"N","A","NQA","Q","chef",0.63,27,"one_slider","Yes","Male","21","English",63.0726166666667,"E 403"
"2073",403,"N","I","NDI","D","bartender",0.63,28,"one_slider","Yes","Male","21","English",63.0726166666667,"E 403"
"2074",403,"Y","I","YQI","Q","pilot",0.72,29,"one_slider","Yes","Male","21","English",63.0726166666667,"E 403"
"2075",403,"f","l","filler","i","filler5",0.46,30,"one_slider","Yes","Male","21","English",63.0726166666667,"E 403"
"2076",403,"f","l","filler","i","filler2",0.82,31,"one_slider","Yes","Male","21","English",63.0726166666667,"E 403"
"2077",403,"N","A","NDA","D","travelagent",0.5,32,"one_slider","Yes","Male","21","English",63.0726166666667,"E 403"
"2078",403,"f","l","filler","i","filler1",0.98,33,"one_slider","Yes","Male","21","English",63.0726166666667,"E 403"
"2079",403,"N","I","NQI","Q","troopleader",0.84,34,"one_slider","Yes","Male","21","English",63.0726166666667,"E 403"
"2080",403,"Y","A","YQA","Q","fan",0.76,35,"one_slider","Yes","Male","21","English",63.0726166666667,"E 403"
"2081",395,"","","","","",0.92,NA,"one_slider_practice","Yes","Female","20","English",17.1426833333333,"E 395"
"2082",395,"","","","","",0.9,NA,"one_slider_practice","Yes","Female","20","English",17.1426833333333,"E 395"
"2083",395,"Y","I","YDI","D","nutritionist",0.16,6,"one_slider","Yes","Female","20","English",17.1426833333333,"E 395"
"2084",395,"N","A","NDA","D","patient",0.94,7,"one_slider","Yes","Female","20","English",17.1426833333333,"E 395"
"2085",395,"Y","A","YDA","D","pilot",0.1,8,"one_slider","Yes","Female","20","English",17.1426833333333,"E 395"
"2086",395,"N","I","NDI","D","playwright",0.48,9,"one_slider","Yes","Female","20","English",17.1426833333333,"E 395"
"2087",395,"N","A","NDA","D","CEO",0.55,10,"one_slider","Yes","Female","20","English",17.1426833333333,"E 395"
"2088",395,"f","l","filler","i","filler5",0,11,"one_slider","Yes","Female","20","English",17.1426833333333,"E 395"
"2089",395,"Y","A","YQA","Q","dentist",0.06,12,"one_slider","Yes","Female","20","English",17.1426833333333,"E 395"
"2090",395,"N","I","NDI","D","priest",0.92,13,"one_slider","Yes","Female","20","English",17.1426833333333,"E 395"
"2091",395,"Y","I","YQI","Q","pianist",0.06,14,"one_slider","Yes","Female","20","English",17.1426833333333,"E 395"
"2092",395,"N","I","NQI","Q","scientist",0.95,15,"one_slider","Yes","Female","20","English",17.1426833333333,"E 395"
"2093",395,"f","l","filler","i","filler2",0.88,16,"one_slider","Yes","Female","20","English",17.1426833333333,"E 395"
"2094",395,"f","l","filler","i","filler3",0.98,17,"one_slider","Yes","Female","20","English",17.1426833333333,"E 395"
"2095",395,"N","I","NDI","D","choreographer",1,18,"one_slider","Yes","Female","20","English",17.1426833333333,"E 395"
"2096",395,"N","A","NDA","D","travelagent",0.49,19,"one_slider","Yes","Female","20","English",17.1426833333333,"E 395"
"2097",395,"N","A","NQA","Q","artist",0.91,20,"one_slider","Yes","Female","20","English",17.1426833333333,"E 395"
"2098",395,"Y","A","YQA","Q","bartender",0.78,21,"one_slider","Yes","Female","20","English",17.1426833333333,"E 395"
"2099",395,"Y","I","YQI","Q","chef",0.13,22,"one_slider","Yes","Female","20","English",17.1426833333333,"E 395"
"2100",395,"Y","A","YQA","Q","queen",0.58,23,"one_slider","Yes","Female","20","English",17.1426833333333,"E 395"
"2101",395,"f","l","filler","i","filler1",0.44,24,"one_slider","Yes","Female","20","English",17.1426833333333,"E 395"
"2102",395,"N","A","NQA","Q","troopleader",0.85,25,"one_slider","Yes","Female","20","English",17.1426833333333,"E 395"
"2103",395,"N","A","NQA","Q","groom",0.93,26,"one_slider","Yes","Female","20","English",17.1426833333333,"E 395"
"2104",395,"Y","A","YDA","D","fan",0.5,27,"one_slider","Yes","Female","20","English",17.1426833333333,"E 395"
"2105",395,"N","I","NQI","Q","stylist",0.96,28,"one_slider","Yes","Female","20","English",17.1426833333333,"E 395"
"2106",395,"Y","A","YDA","D","conductor",0.09,29,"one_slider","Yes","Female","20","English",17.1426833333333,"E 395"
"2107",395,"Y","I","YDI","D","supervisor",0.03,30,"one_slider","Yes","Female","20","English",17.1426833333333,"E 395"
"2108",395,"N","I","NQI","Q","doctor",0.94,31,"one_slider","Yes","Female","20","English",17.1426833333333,"E 395"
"2109",395,"f","l","filler","i","filler6",0.04,32,"one_slider","Yes","Female","20","English",17.1426833333333,"E 395"
"2110",395,"Y","I","YQI","Q","professor",0.09,33,"one_slider","Yes","Female","20","English",17.1426833333333,"E 395"
"2111",395,"f","l","filler","i","filler4",0.05,34,"one_slider","Yes","Female","20","English",17.1426833333333,"E 395"
"2112",395,"Y","I","YDI","D","coach",0.06,35,"one_slider","Yes","Female","20","English",17.1426833333333,"E 395"
"2113",338,"","","","","",0.48,NA,"one_slider_practice","Yes","Female","20","arabic and english ",12.5192666666667,"E 338"
"2114",338,"","","","","",0.65,NA,"one_slider_practice","Yes","Female","20","arabic and english ",12.5192666666667,"E 338"
"2115",338,"N","I","NQI","Q","patient",0.5,6,"one_slider","Yes","Female","20","arabic and english ",12.5192666666667,"E 338"
"2116",338,"N","I","NQI","Q","chef",0.41,7,"one_slider","Yes","Female","20","arabic and english ",12.5192666666667,"E 338"
"2117",338,"Y","A","YQA","Q","stylist",0.5,8,"one_slider","Yes","Female","20","arabic and english ",12.5192666666667,"E 338"
"2118",338,"N","I","NQI","Q","priest",0.42,9,"one_slider","Yes","Female","20","arabic and english ",12.5192666666667,"E 338"
"2119",338,"Y","A","YQA","Q","playwright",0.58,10,"one_slider","Yes","Female","20","arabic and english ",12.5192666666667,"E 338"
"2120",338,"N","A","NDA","D","groom",0.74,11,"one_slider","Yes","Female","20","arabic and english ",12.5192666666667,"E 338"
"2121",338,"Y","I","YQI","Q","artist",0.34,12,"one_slider","Yes","Female","20","arabic and english ",12.5192666666667,"E 338"
"2122",338,"f","l","filler","i","filler6",0.61,13,"one_slider","Yes","Female","20","arabic and english ",12.5192666666667,"E 338"
"2123",338,"Y","I","YDI","D","choreographer",0.16,14,"one_slider","Yes","Female","20","arabic and english ",12.5192666666667,"E 338"
"2124",338,"N","A","NQA","Q","dentist",0.33,15,"one_slider","Yes","Female","20","arabic and english ",12.5192666666667,"E 338"
"2125",338,"Y","I","YQI","Q","professor",0.43,16,"one_slider","Yes","Female","20","arabic and english ",12.5192666666667,"E 338"
"2126",338,"N","I","NDI","D","bartender",0.65,17,"one_slider","Yes","Female","20","arabic and english ",12.5192666666667,"E 338"
"2127",338,"N","A","NDA","D","travelagent",0.76,18,"one_slider","Yes","Female","20","arabic and english ",12.5192666666667,"E 338"
"2128",338,"f","l","filler","i","filler1",0.5,19,"one_slider","Yes","Female","20","arabic and english ",12.5192666666667,"E 338"
"2129",338,"f","l","filler","i","filler5",0.33,20,"one_slider","Yes","Female","20","arabic and english ",12.5192666666667,"E 338"
"2130",338,"f","l","filler","i","filler3",0.7,21,"one_slider","Yes","Female","20","arabic and english ",12.5192666666667,"E 338"
"2131",338,"Y","A","YDA","D","supervisor",0.75,22,"one_slider","Yes","Female","20","arabic and english ",12.5192666666667,"E 338"
"2132",338,"N","A","NDA","D","coach",0.69,23,"one_slider","Yes","Female","20","arabic and english ",12.5192666666667,"E 338"
"2133",338,"Y","A","YDA","D","queen",0.81,24,"one_slider","Yes","Female","20","arabic and english ",12.5192666666667,"E 338"
"2134",338,"N","I","NDI","D","troopleader",0.79,25,"one_slider","Yes","Female","20","arabic and english ",12.5192666666667,"E 338"
"2135",338,"N","A","NQA","Q","fan",0.81,26,"one_slider","Yes","Female","20","arabic and english ",12.5192666666667,"E 338"
"2136",338,"N","I","NDI","D","scientist",0.63,27,"one_slider","Yes","Female","20","arabic and english ",12.5192666666667,"E 338"
"2137",338,"Y","I","YQI","Q","pianist",0.45,28,"one_slider","Yes","Female","20","arabic and english ",12.5192666666667,"E 338"
"2138",338,"Y","I","YDI","D","CEO",0.71,29,"one_slider","Yes","Female","20","arabic and english ",12.5192666666667,"E 338"
"2139",338,"f","l","filler","i","filler2",0.35,30,"one_slider","Yes","Female","20","arabic and english ",12.5192666666667,"E 338"
"2140",338,"f","l","filler","i","filler4",0.28,31,"one_slider","Yes","Female","20","arabic and english ",12.5192666666667,"E 338"
"2141",338,"Y","A","YDA","D","conductor",0.36,32,"one_slider","Yes","Female","20","arabic and english ",12.5192666666667,"E 338"
"2142",338,"Y","A","YQA","Q","pilot",0.16,33,"one_slider","Yes","Female","20","arabic and english ",12.5192666666667,"E 338"
"2143",338,"Y","I","YDI","D","nutritionist",0.34,34,"one_slider","Yes","Female","20","arabic and english ",12.5192666666667,"E 338"
"2144",338,"N","A","NQA","Q","doctor",0.85,35,"one_slider","Yes","Female","20","arabic and english ",12.5192666666667,"E 338"
"2145",157,"","","","","",0.93,NA,"one_slider_practice","Confused","Female","19","English",10.3455833333333,"E 157"
"2146",157,"","","","","",0.8,NA,"one_slider_practice","Confused","Female","19","English",10.3455833333333,"E 157"
"2147",157,"Y","I","YQI","Q","artist",0.27,6,"one_slider","Confused","Female","19","English",10.3455833333333,"E 157"
"2148",157,"N","I","NDI","D","priest",0.21,7,"one_slider","Confused","Female","19","English",10.3455833333333,"E 157"
"2149",157,"f","l","filler","i","filler1",0.69,8,"one_slider","Confused","Female","19","English",10.3455833333333,"E 157"
"2150",157,"f","l","filler","i","filler4",0.76,9,"one_slider","Confused","Female","19","English",10.3455833333333,"E 157"
"2151",157,"f","l","filler","i","filler2",0.69,10,"one_slider","Confused","Female","19","English",10.3455833333333,"E 157"
"2152",157,"Y","A","YDA","D","bartender",0.82,11,"one_slider","Confused","Female","19","English",10.3455833333333,"E 157"
"2153",157,"N","I","NQI","Q","patient",0.22,12,"one_slider","Confused","Female","19","English",10.3455833333333,"E 157"
"2154",157,"Y","I","YQI","Q","choreographer",0.26,13,"one_slider","Confused","Female","19","English",10.3455833333333,"E 157"
"2155",157,"Y","I","YDI","D","fan",0.15,14,"one_slider","Confused","Female","19","English",10.3455833333333,"E 157"
"2156",157,"N","A","NQA","Q","dentist",0.76,15,"one_slider","Confused","Female","19","English",10.3455833333333,"E 157"
"2157",157,"f","l","filler","i","filler3",0.29,16,"one_slider","Confused","Female","19","English",10.3455833333333,"E 157"
"2158",157,"N","A","NDA","D","scientist",0.78,17,"one_slider","Confused","Female","19","English",10.3455833333333,"E 157"
"2159",157,"N","A","NQA","Q","supervisor",0.69,18,"one_slider","Confused","Female","19","English",10.3455833333333,"E 157"
"2160",157,"Y","I","YDI","D","pilot",0.66,19,"one_slider","Confused","Female","19","English",10.3455833333333,"E 157"
"2161",157,"N","I","NQI","Q","conductor",0.17,20,"one_slider","Confused","Female","19","English",10.3455833333333,"E 157"
"2162",157,"f","l","filler","i","filler6",0.8,21,"one_slider","Confused","Female","19","English",10.3455833333333,"E 157"
"2163",157,"N","A","NQA","Q","playwright",0.11,22,"one_slider","Confused","Female","19","English",10.3455833333333,"E 157"
"2164",157,"N","A","NDA","D","stylist",0.97,23,"one_slider","Confused","Female","19","English",10.3455833333333,"E 157"
"2165",157,"N","I","NDI","D","pianist",0.7,24,"one_slider","Confused","Female","19","English",10.3455833333333,"E 157"
"2166",157,"Y","A","YQA","Q","travelagent",0.16,25,"one_slider","Confused","Female","19","English",10.3455833333333,"E 157"
"2167",157,"Y","A","YQA","Q","doctor",0.25,26,"one_slider","Confused","Female","19","English",10.3455833333333,"E 157"
"2168",157,"f","l","filler","i","filler5",0.8,27,"one_slider","Confused","Female","19","English",10.3455833333333,"E 157"
"2169",157,"Y","I","YDI","D","chef",0.84,28,"one_slider","Confused","Female","19","English",10.3455833333333,"E 157"
"2170",157,"Y","A","YDA","D","professor",0.73,29,"one_slider","Confused","Female","19","English",10.3455833333333,"E 157"
"2171",157,"Y","I","YQI","Q","groom",0.15,30,"one_slider","Confused","Female","19","English",10.3455833333333,"E 157"
"2172",157,"N","I","NQI","Q","queen",0.2,31,"one_slider","Confused","Female","19","English",10.3455833333333,"E 157"
"2173",157,"N","I","NDI","D","coach",0.73,32,"one_slider","Confused","Female","19","English",10.3455833333333,"E 157"
"2174",157,"Y","A","YQA","Q","CEO",0.81,33,"one_slider","Confused","Female","19","English",10.3455833333333,"E 157"
"2175",157,"Y","A","YDA","D","nutritionist",0.84,34,"one_slider","Confused","Female","19","English",10.3455833333333,"E 157"
"2176",157,"N","A","NDA","D","troopleader",0.8,35,"one_slider","Confused","Female","19","English",10.3455833333333,"E 157"
"2177",555,"","","","","",0.62,NA,"one_slider_practice","Yes","Female","21","English",15.1284666666667,"E 555"
"2178",555,"","","","","",0.98,NA,"one_slider_practice","Yes","Female","21","English",15.1284666666667,"E 555"
"2179",555,"Y","A","YQA","Q","groom",0.33,6,"one_slider","Yes","Female","21","English",15.1284666666667,"E 555"
"2180",555,"N","I","NQI","Q","queen",0.7,7,"one_slider","Yes","Female","21","English",15.1284666666667,"E 555"
"2181",555,"Y","I","YDI","D","supervisor",0.69,8,"one_slider","Yes","Female","21","English",15.1284666666667,"E 555"
"2182",555,"Y","A","YDA","D","patient",0.61,9,"one_slider","Yes","Female","21","English",15.1284666666667,"E 555"
"2183",555,"Y","A","YDA","D","pianist",0.31,10,"one_slider","Yes","Female","21","English",15.1284666666667,"E 555"
"2184",555,"Y","I","YDI","D","conductor",0.36,11,"one_slider","Yes","Female","21","English",15.1284666666667,"E 555"
"2185",555,"f","l","filler","i","filler6",0.06,12,"one_slider","Yes","Female","21","English",15.1284666666667,"E 555"
"2186",555,"N","A","NDA","D","scientist",0.75,13,"one_slider","Yes","Female","21","English",15.1284666666667,"E 555"
"2187",555,"Y","I","YQI","Q","coach",0.86,14,"one_slider","Yes","Female","21","English",15.1284666666667,"E 555"
"2188",555,"f","l","filler","i","filler1",0.76,15,"one_slider","Yes","Female","21","English",15.1284666666667,"E 555"
"2189",555,"N","I","NQI","Q","doctor",0.68,16,"one_slider","Yes","Female","21","English",15.1284666666667,"E 555"
"2190",555,"N","I","NDI","D","priest",0.75,17,"one_slider","Yes","Female","21","English",15.1284666666667,"E 555"
"2191",555,"N","I","NQI","Q","playwright",0.78,18,"one_slider","Yes","Female","21","English",15.1284666666667,"E 555"
"2192",555,"Y","A","YDA","D","CEO",0.74,19,"one_slider","Yes","Female","21","English",15.1284666666667,"E 555"
"2193",555,"N","I","NDI","D","dentist",0.51,20,"one_slider","Yes","Female","21","English",15.1284666666667,"E 555"
"2194",555,"Y","I","YQI","Q","stylist",0.67,21,"one_slider","Yes","Female","21","English",15.1284666666667,"E 555"
"2195",555,"Y","A","YQA","Q","nutritionist",0.5,22,"one_slider","Yes","Female","21","English",15.1284666666667,"E 555"
"2196",555,"N","A","NDA","D","chef",0.63,23,"one_slider","Yes","Female","21","English",15.1284666666667,"E 555"
"2197",555,"f","l","filler","i","filler2",0.72,24,"one_slider","Yes","Female","21","English",15.1284666666667,"E 555"
"2198",555,"f","l","filler","i","filler4",0,25,"one_slider","Yes","Female","21","English",15.1284666666667,"E 555"
"2199",555,"N","A","NQA","Q","bartender",0.85,26,"one_slider","Yes","Female","21","English",15.1284666666667,"E 555"
"2200",555,"Y","I","YDI","D","travelagent",0.81,27,"one_slider","Yes","Female","21","English",15.1284666666667,"E 555"
"2201",555,"f","l","filler","i","filler5",0.09,28,"one_slider","Yes","Female","21","English",15.1284666666667,"E 555"
"2202",555,"Y","A","YQA","Q","pilot",0.75,29,"one_slider","Yes","Female","21","English",15.1284666666667,"E 555"
"2203",555,"f","l","filler","i","filler3",0.68,30,"one_slider","Yes","Female","21","English",15.1284666666667,"E 555"
"2204",555,"N","I","NDI","D","troopleader",0.7,31,"one_slider","Yes","Female","21","English",15.1284666666667,"E 555"
"2205",555,"Y","I","YQI","Q","professor",0.61,32,"one_slider","Yes","Female","21","English",15.1284666666667,"E 555"
"2206",555,"N","A","NQA","Q","artist",0.71,33,"one_slider","Yes","Female","21","English",15.1284666666667,"E 555"
"2207",555,"N","A","NDA","D","fan",0.64,34,"one_slider","Yes","Female","21","English",15.1284666666667,"E 555"
"2208",555,"N","A","NQA","Q","choreographer",0.57,35,"one_slider","Yes","Female","21","English",15.1284666666667,"E 555"
"2209",149,"","","","","",0.78,NA,"one_slider_practice","Confused","Female","21","Spanish, English",34.4845,"E 149"
"2210",149,"","","","","",0.92,NA,"one_slider_practice","Confused","Female","21","Spanish, English",34.4845,"E 149"
"2211",149,"N","A","NQA","Q","groom",0.93,6,"one_slider","Confused","Female","21","Spanish, English",34.4845,"E 149"
"2212",149,"f","l","filler","i","filler6",0.05,7,"one_slider","Confused","Female","21","Spanish, English",34.4845,"E 149"
"2213",149,"N","A","NDA","D","chef",0.89,8,"one_slider","Confused","Female","21","Spanish, English",34.4845,"E 149"
"2214",149,"N","A","NDA","D","scientist",0.93,9,"one_slider","Confused","Female","21","Spanish, English",34.4845,"E 149"
"2215",149,"N","I","NDI","D","supervisor",0.56,10,"one_slider","Confused","Female","21","Spanish, English",34.4845,"E 149"
"2216",149,"N","A","NQA","Q","troopleader",0.93,11,"one_slider","Confused","Female","21","Spanish, English",34.4845,"E 149"
"2217",149,"N","I","NQI","Q","conductor",0.7,12,"one_slider","Confused","Female","21","Spanish, English",34.4845,"E 149"
"2218",149,"N","I","NDI","D","professor",0.75,13,"one_slider","Confused","Female","21","Spanish, English",34.4845,"E 149"
"2219",149,"Y","A","YDA","D","stylist",0.9,14,"one_slider","Confused","Female","21","Spanish, English",34.4845,"E 149"
"2220",149,"N","I","NQI","Q","fan",0.93,15,"one_slider","Confused","Female","21","Spanish, English",34.4845,"E 149"
"2221",149,"Y","A","YQA","Q","dentist",0.09,16,"one_slider","Confused","Female","21","Spanish, English",34.4845,"E 149"
"2222",149,"f","l","filler","i","filler4",0.06,17,"one_slider","Confused","Female","21","Spanish, English",34.4845,"E 149"
"2223",149,"f","l","filler","i","filler5",0.04,18,"one_slider","Confused","Female","21","Spanish, English",34.4845,"E 149"
"2224",149,"N","I","NDI","D","priest",0.94,19,"one_slider","Confused","Female","21","Spanish, English",34.4845,"E 149"
"2225",149,"Y","I","YDI","D","nutritionist",0.93,20,"one_slider","Confused","Female","21","Spanish, English",34.4845,"E 149"
"2226",149,"Y","I","YQI","Q","pilot",0.53,21,"one_slider","Confused","Female","21","Spanish, English",34.4845,"E 149"
"2227",149,"Y","I","YQI","Q","travelagent",0.21,22,"one_slider","Confused","Female","21","Spanish, English",34.4845,"E 149"
"2228",149,"N","A","NQA","Q","artist",0.94,23,"one_slider","Confused","Female","21","Spanish, English",34.4845,"E 149"
"2229",149,"Y","I","YDI","D","CEO",0.62,24,"one_slider","Confused","Female","21","Spanish, English",34.4845,"E 149"
"2230",149,"f","l","filler","i","filler1",0.91,25,"one_slider","Confused","Female","21","Spanish, English",34.4845,"E 149"
"2231",149,"f","l","filler","i","filler3",0.55,26,"one_slider","Confused","Female","21","Spanish, English",34.4845,"E 149"
"2232",149,"Y","A","YDA","D","coach",0.91,27,"one_slider","Confused","Female","21","Spanish, English",34.4845,"E 149"
"2233",149,"Y","I","YDI","D","queen",0.86,28,"one_slider","Confused","Female","21","Spanish, English",34.4845,"E 149"
"2234",149,"Y","A","YQA","Q","doctor",0.67,29,"one_slider","Confused","Female","21","Spanish, English",34.4845,"E 149"
"2235",149,"f","l","filler","i","filler2",0.96,30,"one_slider","Confused","Female","21","Spanish, English",34.4845,"E 149"
"2236",149,"Y","I","YQI","Q","patient",0.87,31,"one_slider","Confused","Female","21","Spanish, English",34.4845,"E 149"
"2237",149,"Y","A","YDA","D","playwright",0.52,32,"one_slider","Confused","Female","21","Spanish, English",34.4845,"E 149"
"2238",149,"Y","A","YQA","Q","pianist",0.85,33,"one_slider","Confused","Female","21","Spanish, English",34.4845,"E 149"
"2239",149,"N","I","NQI","Q","choreographer",0.44,34,"one_slider","Confused","Female","21","Spanish, English",34.4845,"E 149"
"2240",149,"N","A","NDA","D","bartender",0.5,35,"one_slider","Confused","Female","21","Spanish, English",34.4845,"E 149"
"2241",573,"","","","","",0.82,NA,"one_slider_practice","Yes","Female","21","English",9.41098333333333,"E 573"
"2242",573,"","","","","",0.57,NA,"one_slider_practice","Yes","Female","21","English",9.41098333333333,"E 573"
"2243",573,"Y","A","YDA","D","pilot",0.17,6,"one_slider","Yes","Female","21","English",9.41098333333333,"E 573"
"2244",573,"N","I","NDI","D","artist",0.6,7,"one_slider","Yes","Female","21","English",9.41098333333333,"E 573"
"2245",573,"N","I","NQI","Q","bartender",0.75,8,"one_slider","Yes","Female","21","English",9.41098333333333,"E 573"
"2246",573,"N","A","NDA","D","nutritionist",0.71,9,"one_slider","Yes","Female","21","English",9.41098333333333,"E 573"
"2247",573,"f","l","filler","i","filler4",0,10,"one_slider","Yes","Female","21","English",9.41098333333333,"E 573"
"2248",573,"Y","I","YDI","D","playwright",0.12,11,"one_slider","Yes","Female","21","English",9.41098333333333,"E 573"
"2249",573,"f","l","filler","i","filler3",0.37,12,"one_slider","Yes","Female","21","English",9.41098333333333,"E 573"
"2250",573,"Y","I","YDI","D","patient",0.58,13,"one_slider","Yes","Female","21","English",9.41098333333333,"E 573"
"2251",573,"f","l","filler","i","filler6",0,14,"one_slider","Yes","Female","21","English",9.41098333333333,"E 573"
"2252",573,"N","A","NDA","D","scientist",0.93,15,"one_slider","Yes","Female","21","English",9.41098333333333,"E 573"
"2253",573,"N","A","NQA","Q","dentist",0.65,16,"one_slider","Yes","Female","21","English",9.41098333333333,"E 573"
"2254",573,"N","A","NQA","Q","doctor",0.89,17,"one_slider","Yes","Female","21","English",9.41098333333333,"E 573"
"2255",573,"Y","I","YQI","Q","CEO",0.51,18,"one_slider","Yes","Female","21","English",9.41098333333333,"E 573"
"2256",573,"Y","I","YQI","Q","choreographer",0.21,19,"one_slider","Yes","Female","21","English",9.41098333333333,"E 573"
"2257",573,"Y","A","YQA","Q","troopleader",0.08,20,"one_slider","Yes","Female","21","English",9.41098333333333,"E 573"
"2258",573,"Y","A","YQA","Q","supervisor",0.87,21,"one_slider","Yes","Female","21","English",9.41098333333333,"E 573"
"2259",573,"N","A","NDA","D","travelagent",0.61,22,"one_slider","Yes","Female","21","English",9.41098333333333,"E 573"
"2260",573,"f","l","filler","i","filler1",0.98,23,"one_slider","Yes","Female","21","English",9.41098333333333,"E 573"
"2261",573,"Y","A","YQA","Q","groom",0.82,24,"one_slider","Yes","Female","21","English",9.41098333333333,"E 573"
"2262",573,"Y","A","YDA","D","queen",0.57,25,"one_slider","Yes","Female","21","English",9.41098333333333,"E 573"
"2263",573,"N","I","NQI","Q","stylist",0.76,26,"one_slider","Yes","Female","21","English",9.41098333333333,"E 573"
"2264",573,"N","A","NQA","Q","priest",0.95,27,"one_slider","Yes","Female","21","English",9.41098333333333,"E 573"
"2265",573,"N","I","NQI","Q","fan",0.77,28,"one_slider","Yes","Female","21","English",9.41098333333333,"E 573"
"2266",573,"N","I","NDI","D","coach",0.73,29,"one_slider","Yes","Female","21","English",9.41098333333333,"E 573"
"2267",573,"f","l","filler","i","filler2",0.89,30,"one_slider","Yes","Female","21","English",9.41098333333333,"E 573"
"2268",573,"Y","I","YDI","D","professor",0.44,31,"one_slider","Yes","Female","21","English",9.41098333333333,"E 573"
"2269",573,"Y","A","YDA","D","conductor",0.25,32,"one_slider","Yes","Female","21","English",9.41098333333333,"E 573"
"2270",573,"f","l","filler","i","filler5",0,33,"one_slider","Yes","Female","21","English",9.41098333333333,"E 573"
"2271",573,"Y","I","YQI","Q","chef",0.73,34,"one_slider","Yes","Female","21","English",9.41098333333333,"E 573"
"2272",573,"N","I","NDI","D","pianist",0.58,35,"one_slider","Yes","Female","21","English",9.41098333333333,"E 573"
"2273",295,"","","","","",0.87,NA,"one_slider_practice","Yes","Female","21","English",6.241,"E 295"
"2274",295,"","","","","",0.76,NA,"one_slider_practice","Yes","Female","21","English",6.241,"E 295"
"2275",295,"Y","I","YQI","Q","chef",0.69,6,"one_slider","Yes","Female","21","English",6.241,"E 295"
"2276",295,"N","I","NQI","Q","supervisor",0.59,7,"one_slider","Yes","Female","21","English",6.241,"E 295"
"2277",295,"Y","A","YQA","Q","stylist",0.59,8,"one_slider","Yes","Female","21","English",6.241,"E 295"
"2278",295,"Y","I","YDI","D","priest",0.8,9,"one_slider","Yes","Female","21","English",6.241,"E 295"
"2279",295,"Y","A","YDA","D","patient",0.8,10,"one_slider","Yes","Female","21","English",6.241,"E 295"
"2280",295,"N","A","NQA","Q","troopleader",0.71,11,"one_slider","Yes","Female","21","English",6.241,"E 295"
"2281",295,"f","l","filler","i","filler5",0.14,12,"one_slider","Yes","Female","21","English",6.241,"E 295"
"2282",295,"Y","A","YQA","Q","artist",0.67,13,"one_slider","Yes","Female","21","English",6.241,"E 295"
"2283",295,"N","A","NDA","D","professor",0.76,14,"one_slider","Yes","Female","21","English",6.241,"E 295"
"2284",295,"Y","I","YDI","D","nutritionist",0.77,15,"one_slider","Yes","Female","21","English",6.241,"E 295"
"2285",295,"N","I","NQI","Q","dentist",0.48,16,"one_slider","Yes","Female","21","English",6.241,"E 295"
"2286",295,"Y","I","YQI","Q","playwright",0.73,17,"one_slider","Yes","Female","21","English",6.241,"E 295"
"2287",295,"f","l","filler","i","filler1",0.78,18,"one_slider","Yes","Female","21","English",6.241,"E 295"
"2288",295,"Y","A","YDA","D","CEO",0.74,19,"one_slider","Yes","Female","21","English",6.241,"E 295"
"2289",295,"f","l","filler","i","filler4",0.44,20,"one_slider","Yes","Female","21","English",6.241,"E 295"
"2290",295,"N","A","NQA","Q","fan",0.66,21,"one_slider","Yes","Female","21","English",6.241,"E 295"
"2291",295,"N","A","NQA","Q","scientist",0.63,22,"one_slider","Yes","Female","21","English",6.241,"E 295"
"2292",295,"N","A","NDA","D","conductor",0.71,23,"one_slider","Yes","Female","21","English",6.241,"E 295"
"2293",295,"Y","A","YDA","D","choreographer",0.42,24,"one_slider","Yes","Female","21","English",6.241,"E 295"
"2294",295,"N","I","NQI","Q","groom",0.44,25,"one_slider","Yes","Female","21","English",6.241,"E 295"
"2295",295,"N","I","NDI","D","bartender",0.44,26,"one_slider","Yes","Female","21","English",6.241,"E 295"
"2296",295,"Y","A","YQA","Q","pianist",0.54,27,"one_slider","Yes","Female","21","English",6.241,"E 295"
"2297",295,"f","l","filler","i","filler3",0.65,28,"one_slider","Yes","Female","21","English",6.241,"E 295"
"2298",295,"Y","I","YDI","D","pilot",0.28,29,"one_slider","Yes","Female","21","English",6.241,"E 295"
"2299",295,"N","A","NDA","D","coach",0.73,30,"one_slider","Yes","Female","21","English",6.241,"E 295"
"2300",295,"N","I","NDI","D","queen",0.57,31,"one_slider","Yes","Female","21","English",6.241,"E 295"
"2301",295,"N","I","NDI","D","travelagent",0.77,32,"one_slider","Yes","Female","21","English",6.241,"E 295"
"2302",295,"Y","I","YQI","Q","doctor",0.74,33,"one_slider","Yes","Female","21","English",6.241,"E 295"
"2303",295,"f","l","filler","i","filler6",0.29,34,"one_slider","Yes","Female","21","English",6.241,"E 295"
"2304",295,"f","l","filler","i","filler2",0.7,35,"one_slider","Yes","Female","21","English",6.241,"E 295"
"2305",271,"","","","","",1,NA,"one_slider_practice","Yes","Female","18","English, Telugu, Hindi",9.49533333333333,"E 271"
"2306",271,"","","","","",0.72,NA,"one_slider_practice","Yes","Female","18","English, Telugu, Hindi",9.49533333333333,"E 271"
"2307",271,"N","I","NDI","D","doctor",0.4,6,"one_slider","Yes","Female","18","English, Telugu, Hindi",9.49533333333333,"E 271"
"2308",271,"Y","I","YQI","Q","choreographer",0.43,7,"one_slider","Yes","Female","18","English, Telugu, Hindi",9.49533333333333,"E 271"
"2309",271,"f","l","filler","i","filler2",0.59,8,"one_slider","Yes","Female","18","English, Telugu, Hindi",9.49533333333333,"E 271"
"2310",271,"N","A","NDA","D","playwright",0.57,9,"one_slider","Yes","Female","18","English, Telugu, Hindi",9.49533333333333,"E 271"
"2311",271,"Y","I","YDI","D","professor",0.51,10,"one_slider","Yes","Female","18","English, Telugu, Hindi",9.49533333333333,"E 271"
"2312",271,"Y","A","YDA","D","fan",0.88,11,"one_slider","Yes","Female","18","English, Telugu, Hindi",9.49533333333333,"E 271"
"2313",271,"Y","I","YQI","Q","scientist",1,12,"one_slider","Yes","Female","18","English, Telugu, Hindi",9.49533333333333,"E 271"
"2314",271,"N","I","NQI","Q","nutritionist",1,13,"one_slider","Yes","Female","18","English, Telugu, Hindi",9.49533333333333,"E 271"
"2315",271,"N","A","NDA","D","conductor",0.45,14,"one_slider","Yes","Female","18","English, Telugu, Hindi",9.49533333333333,"E 271"
"2316",271,"Y","A","YDA","D","groom",0.8,15,"one_slider","Yes","Female","18","English, Telugu, Hindi",9.49533333333333,"E 271"
"2317",271,"Y","I","YDI","D","chef",0.53,16,"one_slider","Yes","Female","18","English, Telugu, Hindi",9.49533333333333,"E 271"
"2318",271,"N","A","NQA","Q","artist",1,17,"one_slider","Yes","Female","18","English, Telugu, Hindi",9.49533333333333,"E 271"
"2319",271,"N","A","NDA","D","pianist",1,18,"one_slider","Yes","Female","18","English, Telugu, Hindi",9.49533333333333,"E 271"
"2320",271,"f","l","filler","i","filler6",0.3,19,"one_slider","Yes","Female","18","English, Telugu, Hindi",9.49533333333333,"E 271"
"2321",271,"f","l","filler","i","filler1",0.86,20,"one_slider","Yes","Female","18","English, Telugu, Hindi",9.49533333333333,"E 271"
"2322",271,"Y","A","YDA","D","troopleader",0.53,21,"one_slider","Yes","Female","18","English, Telugu, Hindi",9.49533333333333,"E 271"
"2323",271,"Y","A","YQA","Q","queen",1,22,"one_slider","Yes","Female","18","English, Telugu, Hindi",9.49533333333333,"E 271"
"2324",271,"f","l","filler","i","filler3",0.34,23,"one_slider","Yes","Female","18","English, Telugu, Hindi",9.49533333333333,"E 271"
"2325",271,"Y","I","YQI","Q","pilot",0.45,24,"one_slider","Yes","Female","18","English, Telugu, Hindi",9.49533333333333,"E 271"
"2326",271,"Y","I","YDI","D","dentist",0.31,25,"one_slider","Yes","Female","18","English, Telugu, Hindi",9.49533333333333,"E 271"
"2327",271,"N","I","NDI","D","patient",0.96,26,"one_slider","Yes","Female","18","English, Telugu, Hindi",9.49533333333333,"E 271"
"2328",271,"Y","A","YQA","Q","priest",0.63,27,"one_slider","Yes","Female","18","English, Telugu, Hindi",9.49533333333333,"E 271"
"2329",271,"f","l","filler","i","filler4",0.38,28,"one_slider","Yes","Female","18","English, Telugu, Hindi",9.49533333333333,"E 271"
"2330",271,"N","I","NQI","Q","stylist",0.49,29,"one_slider","Yes","Female","18","English, Telugu, Hindi",9.49533333333333,"E 271"
"2331",271,"f","l","filler","i","filler5",0.47,30,"one_slider","Yes","Female","18","English, Telugu, Hindi",9.49533333333333,"E 271"
"2332",271,"N","A","NQA","Q","supervisor",0.3,31,"one_slider","Yes","Female","18","English, Telugu, Hindi",9.49533333333333,"E 271"
"2333",271,"N","I","NQI","Q","CEO",0.5,32,"one_slider","Yes","Female","18","English, Telugu, Hindi",9.49533333333333,"E 271"
"2334",271,"N","I","NDI","D","coach",1,33,"one_slider","Yes","Female","18","English, Telugu, Hindi",9.49533333333333,"E 271"
"2335",271,"N","A","NQA","Q","bartender",0.51,34,"one_slider","Yes","Female","18","English, Telugu, Hindi",9.49533333333333,"E 271"
"2336",271,"Y","A","YQA","Q","travelagent",1,35,"one_slider","Yes","Female","18","English, Telugu, Hindi",9.49533333333333,"E 271"
"2337",554,"","","","","",0.58,NA,"one_slider_practice","Yes","Female","20","Spanish",9.4454,"E 554"
"2338",554,"","","","","",0.62,NA,"one_slider_practice","Yes","Female","20","Spanish",9.4454,"E 554"
"2339",554,"Y","A","YDA","D","CEO",0.43,6,"one_slider","Yes","Female","20","Spanish",9.4454,"E 554"
"2340",554,"N","I","NDI","D","supervisor",0.49,7,"one_slider","Yes","Female","20","Spanish",9.4454,"E 554"
"2341",554,"N","A","NQA","Q","doctor",0.57,8,"one_slider","Yes","Female","20","Spanish",9.4454,"E 554"
"2342",554,"f","l","filler","i","filler3",0.69,9,"one_slider","Yes","Female","20","Spanish",9.4454,"E 554"
"2343",554,"Y","I","YDI","D","choreographer",0.31,10,"one_slider","Yes","Female","20","Spanish",9.4454,"E 554"
"2344",554,"Y","I","YDI","D","bartender",0.19,11,"one_slider","Yes","Female","20","Spanish",9.4454,"E 554"
"2345",554,"N","I","NDI","D","queen",0.68,12,"one_slider","Yes","Female","20","Spanish",9.4454,"E 554"
"2346",554,"N","I","NDI","D","professor",0.59,13,"one_slider","Yes","Female","20","Spanish",9.4454,"E 554"
"2347",554,"N","A","NDA","D","coach",0.66,14,"one_slider","Yes","Female","20","Spanish",9.4454,"E 554"
"2348",554,"f","l","filler","i","filler2",0.59,15,"one_slider","Yes","Female","20","Spanish",9.4454,"E 554"
"2349",554,"Y","A","YDA","D","stylist",0.51,16,"one_slider","Yes","Female","20","Spanish",9.4454,"E 554"
"2350",554,"f","l","filler","i","filler5",0.47,17,"one_slider","Yes","Female","20","Spanish",9.4454,"E 554"
"2351",554,"Y","A","YDA","D","chef",0.66,18,"one_slider","Yes","Female","20","Spanish",9.4454,"E 554"
"2352",554,"f","l","filler","i","filler1",0.64,19,"one_slider","Yes","Female","20","Spanish",9.4454,"E 554"
"2353",554,"N","A","NDA","D","priest",0.47,20,"one_slider","Yes","Female","20","Spanish",9.4454,"E 554"
"2354",554,"Y","I","YQI","Q","artist",0.5,21,"one_slider","Yes","Female","20","Spanish",9.4454,"E 554"
"2355",554,"Y","A","YQA","Q","conductor",0.6,22,"one_slider","Yes","Female","20","Spanish",9.4454,"E 554"
"2356",554,"Y","I","YDI","D","patient",0.27,23,"one_slider","Yes","Female","20","Spanish",9.4454,"E 554"
"2357",554,"N","A","NDA","D","fan",0.33,24,"one_slider","Yes","Female","20","Spanish",9.4454,"E 554"
"2358",554,"N","A","NQA","Q","pilot",0.57,25,"one_slider","Yes","Female","20","Spanish",9.4454,"E 554"
"2359",554,"f","l","filler","i","filler6",0.56,26,"one_slider","Yes","Female","20","Spanish",9.4454,"E 554"
"2360",554,"f","l","filler","i","filler4",0.52,27,"one_slider","Yes","Female","20","Spanish",9.4454,"E 554"
"2361",554,"Y","A","YQA","Q","nutritionist",0.75,28,"one_slider","Yes","Female","20","Spanish",9.4454,"E 554"
"2362",554,"Y","A","YQA","Q","pianist",0.63,29,"one_slider","Yes","Female","20","Spanish",9.4454,"E 554"
"2363",554,"N","I","NQI","Q","playwright",0.6,30,"one_slider","Yes","Female","20","Spanish",9.4454,"E 554"
"2364",554,"Y","I","YQI","Q","groom",0.52,31,"one_slider","Yes","Female","20","Spanish",9.4454,"E 554"
"2365",554,"Y","I","YQI","Q","troopleader",0.56,32,"one_slider","Yes","Female","20","Spanish",9.4454,"E 554"
"2366",554,"N","A","NQA","Q","scientist",0.65,33,"one_slider","Yes","Female","20","Spanish",9.4454,"E 554"
"2367",554,"N","I","NQI","Q","dentist",0.5,34,"one_slider","Yes","Female","20","Spanish",9.4454,"E 554"
"2368",554,"N","I","NQI","Q","travelagent",0.58,35,"one_slider","Yes","Female","20","Spanish",9.4454,"E 554"
"2369",469,"","","","","",0.94,NA,"one_slider_practice","Yes","Female","22","English ",9.76746666666667,"E 469"
"2370",469,"","","","","",0.9,NA,"one_slider_practice","Yes","Female","22","English ",9.76746666666667,"E 469"
"2371",469,"Y","A","YDA","D","priest",0.45,6,"one_slider","Yes","Female","22","English ",9.76746666666667,"E 469"
"2372",469,"N","A","NQA","Q","travelagent",0.7,7,"one_slider","Yes","Female","22","English ",9.76746666666667,"E 469"
"2373",469,"Y","I","YDI","D","pianist",0.19,8,"one_slider","Yes","Female","22","English ",9.76746666666667,"E 469"
"2374",469,"Y","I","YQI","Q","coach",0.75,9,"one_slider","Yes","Female","22","English ",9.76746666666667,"E 469"
"2375",469,"N","I","NDI","D","bartender",0.77,10,"one_slider","Yes","Female","22","English ",9.76746666666667,"E 469"
"2376",469,"N","A","NDA","D","supervisor",0.87,11,"one_slider","Yes","Female","22","English ",9.76746666666667,"E 469"
"2377",469,"Y","I","YQI","Q","stylist",0.85,12,"one_slider","Yes","Female","22","English ",9.76746666666667,"E 469"
"2378",469,"Y","I","YDI","D","groom",0.21,13,"one_slider","Yes","Female","22","English ",9.76746666666667,"E 469"
"2379",469,"N","A","NDA","D","professor",0.58,14,"one_slider","Yes","Female","22","English ",9.76746666666667,"E 469"
"2380",469,"Y","A","YQA","Q","nutritionist",0.7,15,"one_slider","Yes","Female","22","English ",9.76746666666667,"E 469"
"2381",469,"N","I","NDI","D","choreographer",0.7,16,"one_slider","Yes","Female","22","English ",9.76746666666667,"E 469"
"2382",469,"f","l","filler","i","filler6",0.1,17,"one_slider","Yes","Female","22","English ",9.76746666666667,"E 469"
"2383",469,"f","l","filler","i","filler4",0.12,18,"one_slider","Yes","Female","22","English ",9.76746666666667,"E 469"
"2384",469,"Y","A","YDA","D","chef",0.56,19,"one_slider","Yes","Female","22","English ",9.76746666666667,"E 469"
"2385",469,"f","l","filler","i","filler5",0.39,20,"one_slider","Yes","Female","22","English ",9.76746666666667,"E 469"
"2386",469,"Y","A","YQA","Q","fan",0.56,21,"one_slider","Yes","Female","22","English ",9.76746666666667,"E 469"
"2387",469,"N","I","NQI","Q","CEO",0.54,22,"one_slider","Yes","Female","22","English ",9.76746666666667,"E 469"
"2388",469,"Y","A","YDA","D","pilot",0.37,23,"one_slider","Yes","Female","22","English ",9.76746666666667,"E 469"
"2389",469,"Y","I","YDI","D","scientist",0.57,24,"one_slider","Yes","Female","22","English ",9.76746666666667,"E 469"
"2390",469,"N","I","NQI","Q","patient",0.94,25,"one_slider","Yes","Female","22","English ",9.76746666666667,"E 469"
"2391",469,"N","I","NDI","D","troopleader",0.74,26,"one_slider","Yes","Female","22","English ",9.76746666666667,"E 469"
"2392",469,"N","I","NQI","Q","artist",0.54,27,"one_slider","Yes","Female","22","English ",9.76746666666667,"E 469"
"2393",469,"N","A","NDA","D","queen",0.9,28,"one_slider","Yes","Female","22","English ",9.76746666666667,"E 469"
"2394",469,"N","A","NQA","Q","playwright",0.85,29,"one_slider","Yes","Female","22","English ",9.76746666666667,"E 469"
"2395",469,"f","l","filler","i","filler2",0.9,30,"one_slider","Yes","Female","22","English ",9.76746666666667,"E 469"
"2396",469,"f","l","filler","i","filler1",0.8,31,"one_slider","Yes","Female","22","English ",9.76746666666667,"E 469"
"2397",469,"f","l","filler","i","filler3",0.89,32,"one_slider","Yes","Female","22","English ",9.76746666666667,"E 469"
"2398",469,"Y","I","YQI","Q","conductor",0.93,33,"one_slider","Yes","Female","22","English ",9.76746666666667,"E 469"
"2399",469,"N","A","NQA","Q","doctor",0.89,34,"one_slider","Yes","Female","22","English ",9.76746666666667,"E 469"
"2400",469,"Y","A","YQA","Q","dentist",0.45,35,"one_slider","Yes","Female","22","English ",9.76746666666667,"E 469"
"2409",250,"","","","","",0.71,NA,"one_slider_practice","Confused","",NA,"Japanese",11.5311333333333,"E 250"
"2410",250,"","","","","",0.3,NA,"one_slider_practice","Confused","",NA,"Japanese",11.5311333333333,"E 250"
"2411",250,"f","l","filler","i","filler6",0.01,6,"one_slider","Confused","",NA,"Japanese",11.5311333333333,"E 250"
"2412",250,"N","A","NDA","D","nutritionist",0.82,7,"one_slider","Confused","",NA,"Japanese",11.5311333333333,"E 250"
"2413",250,"N","I","NQI","Q","fan",0.25,8,"one_slider","Confused","",NA,"Japanese",11.5311333333333,"E 250"
"2414",250,"Y","I","YDI","D","pianist",0.26,9,"one_slider","Confused","",NA,"Japanese",11.5311333333333,"E 250"
"2415",250,"f","l","filler","i","filler3",0,10,"one_slider","Confused","",NA,"Japanese",11.5311333333333,"E 250"
"2416",250,"f","l","filler","i","filler1",0.48,11,"one_slider","Confused","",NA,"Japanese",11.5311333333333,"E 250"
"2417",250,"Y","A","YDA","D","groom",0.29,12,"one_slider","Confused","",NA,"Japanese",11.5311333333333,"E 250"
"2418",250,"N","I","NDI","D","travelagent",0.89,13,"one_slider","Confused","",NA,"Japanese",11.5311333333333,"E 250"
"2419",250,"N","I","NQI","Q","CEO",0.39,14,"one_slider","Confused","",NA,"Japanese",11.5311333333333,"E 250"
"2420",250,"Y","I","YQI","Q","bartender",0.26,15,"one_slider","Confused","",NA,"Japanese",11.5311333333333,"E 250"
"2421",250,"N","A","NQA","Q","patient",0.32,16,"one_slider","Confused","",NA,"Japanese",11.5311333333333,"E 250"
"2422",250,"f","l","filler","i","filler4",0,17,"one_slider","Confused","",NA,"Japanese",11.5311333333333,"E 250"
"2423",250,"Y","A","YDA","D","supervisor",0,18,"one_slider","Confused","",NA,"Japanese",11.5311333333333,"E 250"
"2424",250,"N","A","NDA","D","scientist",0.5,19,"one_slider","Confused","",NA,"Japanese",11.5311333333333,"E 250"
"2425",250,"N","I","NDI","D","choreographer",0.26,20,"one_slider","Confused","",NA,"Japanese",11.5311333333333,"E 250"
"2426",250,"Y","I","YDI","D","pilot",0.41,21,"one_slider","Confused","",NA,"Japanese",11.5311333333333,"E 250"
"2427",250,"f","l","filler","i","filler2",0.65,22,"one_slider","Confused","",NA,"Japanese",11.5311333333333,"E 250"
"2428",250,"Y","I","YDI","D","coach",0.83,23,"one_slider","Confused","",NA,"Japanese",11.5311333333333,"E 250"
"2429",250,"f","l","filler","i","filler5",0,24,"one_slider","Confused","",NA,"Japanese",11.5311333333333,"E 250"
"2430",250,"N","A","NQA","Q","troopleader",0.96,25,"one_slider","Confused","",NA,"Japanese",11.5311333333333,"E 250"
"2431",250,"Y","A","YQA","Q","stylist",0.72,26,"one_slider","Confused","",NA,"Japanese",11.5311333333333,"E 250"
"2432",250,"N","A","NQA","Q","artist",0.83,27,"one_slider","Confused","",NA,"Japanese",11.5311333333333,"E 250"
"2433",250,"Y","A","YDA","D","professor",0.91,28,"one_slider","Confused","",NA,"Japanese",11.5311333333333,"E 250"
"2434",250,"Y","I","YQI","Q","queen",0.9,29,"one_slider","Confused","",NA,"Japanese",11.5311333333333,"E 250"
"2435",250,"Y","I","YQI","Q","chef",0.82,30,"one_slider","Confused","",NA,"Japanese",11.5311333333333,"E 250"
"2436",250,"Y","A","YQA","Q","doctor",0.56,31,"one_slider","Confused","",NA,"Japanese",11.5311333333333,"E 250"
"2437",250,"N","I","NDI","D","playwright",0.92,32,"one_slider","Confused","",NA,"Japanese",11.5311333333333,"E 250"
"2438",250,"N","I","NQI","Q","priest",0.62,33,"one_slider","Confused","",NA,"Japanese",11.5311333333333,"E 250"
"2439",250,"N","A","NDA","D","conductor",0.5,34,"one_slider","Confused","",NA,"Japanese",11.5311333333333,"E 250"
"2440",250,"Y","A","YQA","Q","dentist",0.66,35,"one_slider","Confused","",NA,"Japanese",11.5311333333333,"E 250"
"2441",219,"","","","","",0.6,NA,"one_slider_practice","Yes","Female","22","English",7.12775,"E 219"
"2442",219,"","","","","",0.36,NA,"one_slider_practice","Yes","Female","22","English",7.12775,"E 219"
"2443",219,"N","I","NQI","Q","scientist",0.22,6,"one_slider","Yes","Female","22","English",7.12775,"E 219"
"2444",219,"Y","A","YDA","D","chef",0.53,7,"one_slider","Yes","Female","22","English",7.12775,"E 219"
"2445",219,"N","A","NQA","Q","stylist",0.26,8,"one_slider","Yes","Female","22","English",7.12775,"E 219"
"2446",219,"N","A","NQA","Q","dentist",0.7,9,"one_slider","Yes","Female","22","English",7.12775,"E 219"
"2447",219,"Y","I","YDI","D","supervisor",0.61,10,"one_slider","Yes","Female","22","English",7.12775,"E 219"
"2448",219,"f","l","filler","i","filler2",0.72,11,"one_slider","Yes","Female","22","English",7.12775,"E 219"
"2449",219,"f","l","filler","i","filler4",0.26,12,"one_slider","Yes","Female","22","English",7.12775,"E 219"
"2450",219,"f","l","filler","i","filler6",0.16,13,"one_slider","Yes","Female","22","English",7.12775,"E 219"
"2451",219,"N","I","NQI","Q","groom",0.23,14,"one_slider","Yes","Female","22","English",7.12775,"E 219"
"2452",219,"N","I","NDI","D","priest",0.63,15,"one_slider","Yes","Female","22","English",7.12775,"E 219"
"2453",219,"Y","A","YQA","Q","fan",0.52,16,"one_slider","Yes","Female","22","English",7.12775,"E 219"
"2454",219,"f","l","filler","i","filler3",0.7,17,"one_slider","Yes","Female","22","English",7.12775,"E 219"
"2455",219,"Y","I","YQI","Q","coach",0.67,18,"one_slider","Yes","Female","22","English",7.12775,"E 219"
"2456",219,"Y","A","YDA","D","nutritionist",0.28,19,"one_slider","Yes","Female","22","English",7.12775,"E 219"
"2457",219,"Y","I","YQI","Q","artist",0.24,20,"one_slider","Yes","Female","22","English",7.12775,"E 219"
"2458",219,"N","A","NDA","D","CEO",0.81,21,"one_slider","Yes","Female","22","English",7.12775,"E 219"
"2459",219,"f","l","filler","i","filler1",0.74,22,"one_slider","Yes","Female","22","English",7.12775,"E 219"
"2460",219,"Y","I","YQI","Q","choreographer",0.3,23,"one_slider","Yes","Female","22","English",7.12775,"E 219"
"2461",219,"N","A","NDA","D","conductor",0.27,24,"one_slider","Yes","Female","22","English",7.12775,"E 219"
"2462",219,"N","I","NQI","Q","pianist",0.29,25,"one_slider","Yes","Female","22","English",7.12775,"E 219"
"2463",219,"Y","A","YQA","Q","bartender",0.79,26,"one_slider","Yes","Female","22","English",7.12775,"E 219"
"2464",219,"f","l","filler","i","filler5",0.22,27,"one_slider","Yes","Female","22","English",7.12775,"E 219"
"2465",219,"N","I","NDI","D","professor",0.76,28,"one_slider","Yes","Female","22","English",7.12775,"E 219"
"2466",219,"N","A","NQA","Q","doctor",0.67,29,"one_slider","Yes","Female","22","English",7.12775,"E 219"
"2467",219,"Y","A","YQA","Q","playwright",0.66,30,"one_slider","Yes","Female","22","English",7.12775,"E 219"
"2468",219,"N","I","NDI","D","pilot",0.28,31,"one_slider","Yes","Female","22","English",7.12775,"E 219"
"2469",219,"N","A","NDA","D","queen",0.64,32,"one_slider","Yes","Female","22","English",7.12775,"E 219"
"2470",219,"Y","I","YDI","D","troopleader",0.6,33,"one_slider","Yes","Female","22","English",7.12775,"E 219"
"2471",219,"Y","I","YDI","D","travelagent",0.29,34,"one_slider","Yes","Female","22","English",7.12775,"E 219"
"2472",219,"Y","A","YDA","D","patient",0.58,35,"one_slider","Yes","Female","22","English",7.12775,"E 219"
"2473",416,"","","","","",0.84,NA,"one_slider_practice","Confused","Female","20","english, marathi",5.73966666666667,"E 416"
"2474",416,"","","","","",0.84,NA,"one_slider_practice","Confused","Female","20","english, marathi",5.73966666666667,"E 416"
"2475",416,"N","I","NQI","Q","priest",0.85,6,"one_slider","Confused","Female","20","english, marathi",5.73966666666667,"E 416"
"2476",416,"f","l","filler","i","filler3",0.88,7,"one_slider","Confused","Female","20","english, marathi",5.73966666666667,"E 416"
"2477",416,"Y","I","YDI","D","nutritionist",0.85,8,"one_slider","Confused","Female","20","english, marathi",5.73966666666667,"E 416"
"2478",416,"N","A","NDA","D","supervisor",0.8,9,"one_slider","Confused","Female","20","english, marathi",5.73966666666667,"E 416"
"2479",416,"N","I","NDI","D","choreographer",0.81,10,"one_slider","Confused","Female","20","english, marathi",5.73966666666667,"E 416"
"2480",416,"Y","I","YQI","Q","troopleader",0.86,11,"one_slider","Confused","Female","20","english, marathi",5.73966666666667,"E 416"
"2481",416,"N","A","NQA","Q","groom",0.89,12,"one_slider","Confused","Female","20","english, marathi",5.73966666666667,"E 416"
"2482",416,"N","I","NDI","D","pilot",0.81,13,"one_slider","Confused","Female","20","english, marathi",5.73966666666667,"E 416"
"2483",416,"f","l","filler","i","filler5",0.07,14,"one_slider","Confused","Female","20","english, marathi",5.73966666666667,"E 416"
"2484",416,"Y","A","YQA","Q","bartender",0.72,15,"one_slider","Confused","Female","20","english, marathi",5.73966666666667,"E 416"
"2485",416,"f","l","filler","i","filler2",0.84,16,"one_slider","Confused","Female","20","english, marathi",5.73966666666667,"E 416"
"2486",416,"Y","A","YDA","D","dentist",0.81,17,"one_slider","Confused","Female","20","english, marathi",5.73966666666667,"E 416"
"2487",416,"N","I","NDI","D","scientist",0.79,18,"one_slider","Confused","Female","20","english, marathi",5.73966666666667,"E 416"
"2488",416,"N","I","NQI","Q","chef",0.78,19,"one_slider","Confused","Female","20","english, marathi",5.73966666666667,"E 416"
"2489",416,"Y","A","YDA","D","stylist",0.81,20,"one_slider","Confused","Female","20","english, marathi",5.73966666666667,"E 416"
"2490",416,"Y","I","YQI","Q","patient",0.74,21,"one_slider","Confused","Female","20","english, marathi",5.73966666666667,"E 416"
"2491",416,"N","A","NDA","D","queen",0.83,22,"one_slider","Confused","Female","20","english, marathi",5.73966666666667,"E 416"
"2492",416,"f","l","filler","i","filler1",0.78,23,"one_slider","Confused","Female","20","english, marathi",5.73966666666667,"E 416"
"2493",416,"Y","I","YDI","D","artist",0.78,24,"one_slider","Confused","Female","20","english, marathi",5.73966666666667,"E 416"
"2494",416,"Y","A","YQA","Q","fan",0.82,25,"one_slider","Confused","Female","20","english, marathi",5.73966666666667,"E 416"
"2495",416,"Y","I","YDI","D","professor",0.83,26,"one_slider","Confused","Female","20","english, marathi",5.73966666666667,"E 416"
"2496",416,"Y","A","YQA","Q","pianist",0.85,27,"one_slider","Confused","Female","20","english, marathi",5.73966666666667,"E 416"
"2497",416,"f","l","filler","i","filler6",0.08,28,"one_slider","Confused","Female","20","english, marathi",5.73966666666667,"E 416"
"2498",416,"Y","I","YQI","Q","playwright",0.8,29,"one_slider","Confused","Female","20","english, marathi",5.73966666666667,"E 416"
"2499",416,"N","A","NDA","D","conductor",0.83,30,"one_slider","Confused","Female","20","english, marathi",5.73966666666667,"E 416"
"2500",416,"N","I","NQI","Q","CEO",0.52,31,"one_slider","Confused","Female","20","english, marathi",5.73966666666667,"E 416"
"2501",416,"f","l","filler","i","filler4",0.78,32,"one_slider","Confused","Female","20","english, marathi",5.73966666666667,"E 416"
"2502",416,"N","A","NQA","Q","coach",0.79,33,"one_slider","Confused","Female","20","english, marathi",5.73966666666667,"E 416"
"2503",416,"Y","A","YDA","D","doctor",0.76,34,"one_slider","Confused","Female","20","english, marathi",5.73966666666667,"E 416"
"2504",416,"N","A","NQA","Q","travelagent",0.81,35,"one_slider","Confused","Female","20","english, marathi",5.73966666666667,"E 416"
"2505",298,"","","","","",1,NA,"one_slider_practice","Yes","Female","20","Spanish",50.5935833333333,"E 298"
"2506",298,"","","","","",0.71,NA,"one_slider_practice","Yes","Female","20","Spanish",50.5935833333333,"E 298"
"2507",298,"Y","I","YDI","D","pilot",0,6,"one_slider","Yes","Female","20","Spanish",50.5935833333333,"E 298"
"2508",298,"Y","A","YQA","Q","priest",0.38,7,"one_slider","Yes","Female","20","Spanish",50.5935833333333,"E 298"
"2509",298,"N","A","NDA","D","queen",0.8,8,"one_slider","Yes","Female","20","Spanish",50.5935833333333,"E 298"
"2510",298,"f","l","filler","i","filler6",0,9,"one_slider","Yes","Female","20","Spanish",50.5935833333333,"E 298"
"2511",298,"N","I","NDI","D","pianist",0.38,10,"one_slider","Yes","Female","20","Spanish",50.5935833333333,"E 298"
"2512",298,"Y","A","YDA","D","nutritionist",0.61,11,"one_slider","Yes","Female","20","Spanish",50.5935833333333,"E 298"
"2513",298,"Y","I","YDI","D","supervisor",0,12,"one_slider","Yes","Female","20","Spanish",50.5935833333333,"E 298"
"2514",298,"N","A","NQA","Q","playwright",0.8,13,"one_slider","Yes","Female","20","Spanish",50.5935833333333,"E 298"
"2515",298,"Y","A","YDA","D","patient",1,14,"one_slider","Yes","Female","20","Spanish",50.5935833333333,"E 298"
"2516",298,"f","l","filler","i","filler2",0.89,15,"one_slider","Yes","Female","20","Spanish",50.5935833333333,"E 298"
"2517",298,"N","A","NDA","D","travelagent",0.98,16,"one_slider","Yes","Female","20","Spanish",50.5935833333333,"E 298"
"2518",298,"N","I","NDI","D","stylist",1,17,"one_slider","Yes","Female","20","Spanish",50.5935833333333,"E 298"
"2519",298,"N","I","NQI","Q","artist",0.97,18,"one_slider","Yes","Female","20","Spanish",50.5935833333333,"E 298"
"2520",298,"Y","A","YDA","D","professor",0.86,19,"one_slider","Yes","Female","20","Spanish",50.5935833333333,"E 298"
"2521",298,"N","I","NQI","Q","troopleader",0.93,20,"one_slider","Yes","Female","20","Spanish",50.5935833333333,"E 298"
"2522",298,"Y","I","YQI","Q","chef",0.35,21,"one_slider","Yes","Female","20","Spanish",50.5935833333333,"E 298"
"2523",298,"Y","A","YQA","Q","doctor",0.83,22,"one_slider","Yes","Female","20","Spanish",50.5935833333333,"E 298"
"2524",298,"Y","I","YQI","Q","fan",0.53,23,"one_slider","Yes","Female","20","Spanish",50.5935833333333,"E 298"
"2525",298,"N","A","NDA","D","coach",0.88,24,"one_slider","Yes","Female","20","Spanish",50.5935833333333,"E 298"
"2526",298,"N","I","NQI","Q","groom",1,25,"one_slider","Yes","Female","20","Spanish",50.5935833333333,"E 298"
"2527",298,"f","l","filler","i","filler1",0.85,26,"one_slider","Yes","Female","20","Spanish",50.5935833333333,"E 298"
"2528",298,"f","l","filler","i","filler5",0.31,27,"one_slider","Yes","Female","20","Spanish",50.5935833333333,"E 298"
"2529",298,"Y","I","YQI","Q","dentist",0.89,28,"one_slider","Yes","Female","20","Spanish",50.5935833333333,"E 298"
"2530",298,"N","A","NQA","Q","scientist",0.87,29,"one_slider","Yes","Female","20","Spanish",50.5935833333333,"E 298"
"2531",298,"Y","I","YDI","D","conductor",0.53,30,"one_slider","Yes","Female","20","Spanish",50.5935833333333,"E 298"
"2532",298,"N","A","NQA","Q","CEO",0.98,31,"one_slider","Yes","Female","20","Spanish",50.5935833333333,"E 298"
"2533",298,"f","l","filler","i","filler3",0.9,32,"one_slider","Yes","Female","20","Spanish",50.5935833333333,"E 298"
"2534",298,"N","I","NDI","D","bartender",1,33,"one_slider","Yes","Female","20","Spanish",50.5935833333333,"E 298"
"2535",298,"f","l","filler","i","filler4",0.45,34,"one_slider","Yes","Female","20","Spanish",50.5935833333333,"E 298"
"2536",298,"Y","A","YQA","Q","choreographer",0.65,35,"one_slider","Yes","Female","20","Spanish",50.5935833333333,"E 298"
"2537",518,"","","","","",0.84,NA,"one_slider_practice","Yes","Female","21","English",9.74178333333333,"E 518"
"2538",518,"","","","","",0.88,NA,"one_slider_practice","Yes","Female","21","English",9.74178333333333,"E 518"
"2539",518,"N","A","NQA","Q","conductor",0.69,6,"one_slider","Yes","Female","21","English",9.74178333333333,"E 518"
"2540",518,"Y","A","YQA","Q","pianist",0.45,7,"one_slider","Yes","Female","21","English",9.74178333333333,"E 518"
"2541",518,"f","l","filler","i","filler5",0.37,8,"one_slider","Yes","Female","21","English",9.74178333333333,"E 518"
"2542",518,"f","l","filler","i","filler4",0.4,9,"one_slider","Yes","Female","21","English",9.74178333333333,"E 518"
"2543",518,"Y","A","YQA","Q","CEO",0.71,10,"one_slider","Yes","Female","21","English",9.74178333333333,"E 518"
"2544",518,"f","l","filler","i","filler6",0.33,11,"one_slider","Yes","Female","21","English",9.74178333333333,"E 518"
"2545",518,"Y","A","YQA","Q","travelagent",0.7,12,"one_slider","Yes","Female","21","English",9.74178333333333,"E 518"
"2546",518,"Y","A","YDA","D","artist",0.74,13,"one_slider","Yes","Female","21","English",9.74178333333333,"E 518"
"2547",518,"N","A","NQA","Q","priest",0.72,14,"one_slider","Yes","Female","21","English",9.74178333333333,"E 518"
"2548",518,"Y","A","YDA","D","bartender",0.7,15,"one_slider","Yes","Female","21","English",9.74178333333333,"E 518"
"2549",518,"Y","I","YQI","Q","choreographer",0.6,16,"one_slider","Yes","Female","21","English",9.74178333333333,"E 518"
"2550",518,"N","A","NDA","D","professor",0.67,17,"one_slider","Yes","Female","21","English",9.74178333333333,"E 518"
"2551",518,"N","A","NQA","Q","coach",0.83,18,"one_slider","Yes","Female","21","English",9.74178333333333,"E 518"
"2552",518,"N","A","NDA","D","groom",0.74,19,"one_slider","Yes","Female","21","English",9.74178333333333,"E 518"
"2553",518,"Y","I","YDI","D","pilot",0.61,20,"one_slider","Yes","Female","21","English",9.74178333333333,"E 518"
"2554",518,"N","I","NQI","Q","supervisor",0.69,21,"one_slider","Yes","Female","21","English",9.74178333333333,"E 518"
"2555",518,"Y","I","YDI","D","troopleader",0.67,22,"one_slider","Yes","Female","21","English",9.74178333333333,"E 518"
"2556",518,"Y","A","YDA","D","scientist",0.52,23,"one_slider","Yes","Female","21","English",9.74178333333333,"E 518"
"2557",518,"N","I","NQI","Q","chef",0.59,24,"one_slider","Yes","Female","21","English",9.74178333333333,"E 518"
"2558",518,"N","A","NDA","D","nutritionist",0.49,25,"one_slider","Yes","Female","21","English",9.74178333333333,"E 518"
"2559",518,"N","I","NQI","Q","stylist",0.53,26,"one_slider","Yes","Female","21","English",9.74178333333333,"E 518"
"2560",518,"f","l","filler","i","filler1",0.68,27,"one_slider","Yes","Female","21","English",9.74178333333333,"E 518"
"2561",518,"f","l","filler","i","filler3",0.6,28,"one_slider","Yes","Female","21","English",9.74178333333333,"E 518"
"2562",518,"Y","I","YQI","Q","playwright",0.59,29,"one_slider","Yes","Female","21","English",9.74178333333333,"E 518"
"2563",518,"N","I","NDI","D","doctor",0.61,30,"one_slider","Yes","Female","21","English",9.74178333333333,"E 518"
"2564",518,"N","I","NDI","D","fan",0.57,31,"one_slider","Yes","Female","21","English",9.74178333333333,"E 518"
"2565",518,"f","l","filler","i","filler2",0.57,32,"one_slider","Yes","Female","21","English",9.74178333333333,"E 518"
"2566",518,"Y","I","YDI","D","patient",0.61,33,"one_slider","Yes","Female","21","English",9.74178333333333,"E 518"
"2567",518,"N","I","NDI","D","dentist",0.68,34,"one_slider","Yes","Female","21","English",9.74178333333333,"E 518"
"2568",518,"Y","I","YQI","Q","queen",0.63,35,"one_slider","Yes","Female","21","English",9.74178333333333,"E 518"
"2569",542,"","","","","",0.79,NA,"one_slider_practice","Yes","Male","21","English",5.6909,"E 542"
"2570",542,"","","","","",0.7,NA,"one_slider_practice","Yes","Male","21","English",5.6909,"E 542"
"2571",542,"N","A","NQA","Q","professor",0.48,6,"one_slider","Yes","Male","21","English",5.6909,"E 542"
"2572",542,"N","A","NDA","D","nutritionist",0.52,7,"one_slider","Yes","Male","21","English",5.6909,"E 542"
"2573",542,"f","l","filler","i","filler4",0.33,8,"one_slider","Yes","Male","21","English",5.6909,"E 542"
"2574",542,"f","l","filler","i","filler5",0.16,9,"one_slider","Yes","Male","21","English",5.6909,"E 542"
"2575",542,"N","A","NDA","D","supervisor",0.59,10,"one_slider","Yes","Male","21","English",5.6909,"E 542"
"2576",542,"f","l","filler","i","filler2",0.54,11,"one_slider","Yes","Male","21","English",5.6909,"E 542"
"2577",542,"N","A","NQA","Q","choreographer",0.38,12,"one_slider","Yes","Male","21","English",5.6909,"E 542"
"2578",542,"Y","A","YDA","D","conductor",0.39,13,"one_slider","Yes","Male","21","English",5.6909,"E 542"
"2579",542,"N","I","NQI","Q","priest",0.89,14,"one_slider","Yes","Male","21","English",5.6909,"E 542"
"2580",542,"Y","A","YDA","D","pianist",0.13,15,"one_slider","Yes","Male","21","English",5.6909,"E 542"
"2581",542,"Y","I","YQI","Q","scientist",0.2,16,"one_slider","Yes","Male","21","English",5.6909,"E 542"
"2582",542,"Y","I","YQI","Q","coach",0.17,17,"one_slider","Yes","Male","21","English",5.6909,"E 542"
"2583",542,"N","A","NDA","D","playwright",0.76,18,"one_slider","Yes","Male","21","English",5.6909,"E 542"
"2584",542,"N","I","NDI","D","pilot",0.68,19,"one_slider","Yes","Male","21","English",5.6909,"E 542"
"2585",542,"Y","I","YQI","Q","bartender",0.14,20,"one_slider","Yes","Male","21","English",5.6909,"E 542"
"2586",542,"f","l","filler","i","filler3",0.91,21,"one_slider","Yes","Male","21","English",5.6909,"E 542"
"2587",542,"N","I","NQI","Q","stylist",0.16,22,"one_slider","Yes","Male","21","English",5.6909,"E 542"
"2588",542,"Y","A","YQA","Q","doctor",0.3,23,"one_slider","Yes","Male","21","English",5.6909,"E 542"
"2589",542,"Y","A","YDA","D","troopleader",0.34,24,"one_slider","Yes","Male","21","English",5.6909,"E 542"
"2590",542,"f","l","filler","i","filler1",0.78,25,"one_slider","Yes","Male","21","English",5.6909,"E 542"
"2591",542,"N","A","NQA","Q","artist",0.33,26,"one_slider","Yes","Male","21","English",5.6909,"E 542"
"2592",542,"Y","A","YQA","Q","chef",0.26,27,"one_slider","Yes","Male","21","English",5.6909,"E 542"
"2593",542,"Y","I","YDI","D","dentist",0.22,28,"one_slider","Yes","Male","21","English",5.6909,"E 542"
"2594",542,"N","I","NDI","D","patient",0.76,29,"one_slider","Yes","Male","21","English",5.6909,"E 542"
"2595",542,"N","I","NQI","Q","travelagent",0.69,30,"one_slider","Yes","Male","21","English",5.6909,"E 542"
"2596",542,"Y","A","YQA","Q","groom",0.71,31,"one_slider","Yes","Male","21","English",5.6909,"E 542"
"2597",542,"Y","I","YDI","D","CEO",0.2,32,"one_slider","Yes","Male","21","English",5.6909,"E 542"
"2598",542,"f","l","filler","i","filler6",0.8,33,"one_slider","Yes","Male","21","English",5.6909,"E 542"
"2599",542,"N","I","NDI","D","queen",0.75,34,"one_slider","Yes","Male","21","English",5.6909,"E 542"
"2600",542,"Y","I","YDI","D","fan",0.59,35,"one_slider","Yes","Male","21","English",5.6909,"E 542"
"2601",543,"","","","","",1,NA,"one_slider_practice","Yes","Female","20","English",20.4122166666667,"E 543"
"2602",543,"","","","","",0.86,NA,"one_slider_practice","Yes","Female","20","English",20.4122166666667,"E 543"
"2603",543,"Y","I","YDI","D","coach",0.86,6,"one_slider","Yes","Female","20","English",20.4122166666667,"E 543"
"2604",543,"N","I","NDI","D","queen",1,7,"one_slider","Yes","Female","20","English",20.4122166666667,"E 543"
"2605",543,"N","A","NQA","Q","choreographer",0.49,8,"one_slider","Yes","Female","20","English",20.4122166666667,"E 543"
"2606",543,"f","l","filler","i","filler5",0.03,9,"one_slider","Yes","Female","20","English",20.4122166666667,"E 543"
"2607",543,"Y","I","YQI","Q","troopleader",0.15,10,"one_slider","Yes","Female","20","English",20.4122166666667,"E 543"
"2608",543,"N","I","NQI","Q","doctor",1,11,"one_slider","Yes","Female","20","English",20.4122166666667,"E 543"
"2609",543,"N","I","NDI","D","travelagent",0.98,12,"one_slider","Yes","Female","20","English",20.4122166666667,"E 543"
"2610",543,"f","l","filler","i","filler6",0.03,13,"one_slider","Yes","Female","20","English",20.4122166666667,"E 543"
"2611",543,"Y","I","YQI","Q","bartender",0.99,14,"one_slider","Yes","Female","20","English",20.4122166666667,"E 543"
"2612",543,"N","A","NQA","Q","nutritionist",0.06,15,"one_slider","Yes","Female","20","English",20.4122166666667,"E 543"
"2613",543,"Y","I","YDI","D","artist",0.01,16,"one_slider","Yes","Female","20","English",20.4122166666667,"E 543"
"2614",543,"Y","A","YQA","Q","fan",0.37,17,"one_slider","Yes","Female","20","English",20.4122166666667,"E 543"
"2615",543,"Y","I","YQI","Q","conductor",0.5,18,"one_slider","Yes","Female","20","English",20.4122166666667,"E 543"
"2616",543,"Y","A","YQA","Q","priest",0.97,19,"one_slider","Yes","Female","20","English",20.4122166666667,"E 543"
"2617",543,"N","I","NQI","Q","pianist",0,20,"one_slider","Yes","Female","20","English",20.4122166666667,"E 543"
"2618",543,"N","I","NDI","D","CEO",0.99,21,"one_slider","Yes","Female","20","English",20.4122166666667,"E 543"
"2619",543,"N","I","NQI","Q","playwright",0.8,22,"one_slider","Yes","Female","20","English",20.4122166666667,"E 543"
"2620",543,"Y","A","YDA","D","stylist",0.83,23,"one_slider","Yes","Female","20","English",20.4122166666667,"E 543"
"2621",543,"f","l","filler","i","filler2",0.68,24,"one_slider","Yes","Female","20","English",20.4122166666667,"E 543"
"2622",543,"f","l","filler","i","filler4",0.16,25,"one_slider","Yes","Female","20","English",20.4122166666667,"E 543"
"2623",543,"N","A","NDA","D","groom",0.12,26,"one_slider","Yes","Female","20","English",20.4122166666667,"E 543"
"2624",543,"N","A","NQA","Q","patient",0.95,27,"one_slider","Yes","Female","20","English",20.4122166666667,"E 543"
"2625",543,"N","A","NDA","D","pilot",0.05,28,"one_slider","Yes","Female","20","English",20.4122166666667,"E 543"
"2626",543,"N","A","NDA","D","dentist",0.5,29,"one_slider","Yes","Female","20","English",20.4122166666667,"E 543"
"2627",543,"Y","A","YQA","Q","professor",0.63,30,"one_slider","Yes","Female","20","English",20.4122166666667,"E 543"
"2628",543,"Y","I","YDI","D","chef",0.99,31,"one_slider","Yes","Female","20","English",20.4122166666667,"E 543"
"2629",543,"Y","A","YDA","D","supervisor",0.97,32,"one_slider","Yes","Female","20","English",20.4122166666667,"E 543"
"2630",543,"f","l","filler","i","filler3",0.98,33,"one_slider","Yes","Female","20","English",20.4122166666667,"E 543"
"2631",543,"f","l","filler","i","filler1",0.44,34,"one_slider","Yes","Female","20","English",20.4122166666667,"E 543"
"2632",543,"Y","A","YDA","D","scientist",0.97,35,"one_slider","Yes","Female","20","English",20.4122166666667,"E 543"
"2633",283,"","","","","",0.97,NA,"one_slider_practice","Yes","Female","20","Spanish",11.7142333333333,"E 283"
"2634",283,"","","","","",1,NA,"one_slider_practice","Yes","Female","20","Spanish",11.7142333333333,"E 283"
"2635",283,"Y","I","YDI","D","scientist",1,6,"one_slider","Yes","Female","20","Spanish",11.7142333333333,"E 283"
"2636",283,"N","A","NDA","D","bartender",1,7,"one_slider","Yes","Female","20","Spanish",11.7142333333333,"E 283"
"2637",283,"N","I","NDI","D","chef",1,8,"one_slider","Yes","Female","20","Spanish",11.7142333333333,"E 283"
"2638",283,"Y","A","YQA","Q","patient",0.58,9,"one_slider","Yes","Female","20","Spanish",11.7142333333333,"E 283"
"2639",283,"N","A","NDA","D","professor",0.21,10,"one_slider","Yes","Female","20","Spanish",11.7142333333333,"E 283"
"2640",283,"f","l","filler","i","filler2",0.22,11,"one_slider","Yes","Female","20","Spanish",11.7142333333333,"E 283"
"2641",283,"Y","I","YDI","D","fan",0.88,12,"one_slider","Yes","Female","20","Spanish",11.7142333333333,"E 283"
"2642",283,"Y","A","YQA","Q","CEO",0.79,13,"one_slider","Yes","Female","20","Spanish",11.7142333333333,"E 283"
"2643",283,"Y","A","YDA","D","artist",1,14,"one_slider","Yes","Female","20","Spanish",11.7142333333333,"E 283"
"2644",283,"N","I","NDI","D","conductor",0.16,15,"one_slider","Yes","Female","20","Spanish",11.7142333333333,"E 283"
"2645",283,"Y","I","YQI","Q","nutritionist",0.06,16,"one_slider","Yes","Female","20","Spanish",11.7142333333333,"E 283"
"2646",283,"Y","A","YQA","Q","troopleader",0.34,17,"one_slider","Yes","Female","20","Spanish",11.7142333333333,"E 283"
"2647",283,"Y","I","YDI","D","stylist",1,18,"one_slider","Yes","Female","20","Spanish",11.7142333333333,"E 283"
"2648",283,"Y","A","YDA","D","supervisor",0.1,19,"one_slider","Yes","Female","20","Spanish",11.7142333333333,"E 283"
"2649",283,"f","l","filler","i","filler4",0.42,20,"one_slider","Yes","Female","20","Spanish",11.7142333333333,"E 283"
"2650",283,"f","l","filler","i","filler3",0.26,21,"one_slider","Yes","Female","20","Spanish",11.7142333333333,"E 283"
"2651",283,"Y","A","YDA","D","pianist",0.24,22,"one_slider","Yes","Female","20","Spanish",11.7142333333333,"E 283"
"2652",283,"f","l","filler","i","filler5",0.19,23,"one_slider","Yes","Female","20","Spanish",11.7142333333333,"E 283"
"2653",283,"Y","I","YQI","Q","playwright",0.52,24,"one_slider","Yes","Female","20","Spanish",11.7142333333333,"E 283"
"2654",283,"f","l","filler","i","filler6",0.32,25,"one_slider","Yes","Female","20","Spanish",11.7142333333333,"E 283"
"2655",283,"N","I","NQI","Q","doctor",0.83,26,"one_slider","Yes","Female","20","Spanish",11.7142333333333,"E 283"
"2656",283,"f","l","filler","i","filler1",0.99,27,"one_slider","Yes","Female","20","Spanish",11.7142333333333,"E 283"
"2657",283,"Y","I","YQI","Q","choreographer",0.38,28,"one_slider","Yes","Female","20","Spanish",11.7142333333333,"E 283"
"2658",283,"N","I","NDI","D","priest",1,29,"one_slider","Yes","Female","20","Spanish",11.7142333333333,"E 283"
"2659",283,"N","A","NQA","Q","pilot",0.73,30,"one_slider","Yes","Female","20","Spanish",11.7142333333333,"E 283"
"2660",283,"N","A","NQA","Q","dentist",0.13,31,"one_slider","Yes","Female","20","Spanish",11.7142333333333,"E 283"
"2661",283,"N","I","NQI","Q","coach",0.75,32,"one_slider","Yes","Female","20","Spanish",11.7142333333333,"E 283"
"2662",283,"N","A","NQA","Q","travelagent",0.95,33,"one_slider","Yes","Female","20","Spanish",11.7142333333333,"E 283"
"2663",283,"N","I","NQI","Q","queen",0.82,34,"one_slider","Yes","Female","20","Spanish",11.7142333333333,"E 283"
"2664",283,"N","A","NDA","D","groom",0.86,35,"one_slider","Yes","Female","20","Spanish",11.7142333333333,"E 283"
"2665",514,"","","","","",1,NA,"one_slider_practice","Yes","Male","20","English, Vietnamese",8.77855,"E 514"
"2666",514,"","","","","",1,NA,"one_slider_practice","Yes","Male","20","English, Vietnamese",8.77855,"E 514"
"2667",514,"N","I","NDI","D","playwright",0.92,6,"one_slider","Yes","Male","20","English, Vietnamese",8.77855,"E 514"
"2668",514,"Y","I","YQI","Q","travelagent",0.7,7,"one_slider","Yes","Male","20","English, Vietnamese",8.77855,"E 514"
"2669",514,"Y","I","YQI","Q","choreographer",0.83,8,"one_slider","Yes","Male","20","English, Vietnamese",8.77855,"E 514"
"2670",514,"N","I","NQI","Q","artist",0.92,9,"one_slider","Yes","Male","20","English, Vietnamese",8.77855,"E 514"
"2671",514,"Y","A","YQA","Q","stylist",0.91,10,"one_slider","Yes","Male","20","English, Vietnamese",8.77855,"E 514"
"2672",514,"N","I","NDI","D","fan",0.93,11,"one_slider","Yes","Male","20","English, Vietnamese",8.77855,"E 514"
"2673",514,"Y","I","YDI","D","doctor",0.4,12,"one_slider","Yes","Male","20","English, Vietnamese",8.77855,"E 514"
"2674",514,"N","A","NQA","Q","CEO",0.9,13,"one_slider","Yes","Male","20","English, Vietnamese",8.77855,"E 514"
"2675",514,"f","l","filler","i","filler6",0.07,14,"one_slider","Yes","Male","20","English, Vietnamese",8.77855,"E 514"
"2676",514,"Y","A","YDA","D","priest",0.26,15,"one_slider","Yes","Male","20","English, Vietnamese",8.77855,"E 514"
"2677",514,"Y","A","YQA","Q","patient",0.84,16,"one_slider","Yes","Male","20","English, Vietnamese",8.77855,"E 514"
"2678",514,"f","l","filler","i","filler5",0.11,17,"one_slider","Yes","Male","20","English, Vietnamese",8.77855,"E 514"
"2679",514,"Y","I","YDI","D","troopleader",0.87,18,"one_slider","Yes","Male","20","English, Vietnamese",8.77855,"E 514"
"2680",514,"N","I","NQI","Q","chef",0.87,19,"one_slider","Yes","Male","20","English, Vietnamese",8.77855,"E 514"
"2681",514,"N","A","NDA","D","conductor",0.86,20,"one_slider","Yes","Male","20","English, Vietnamese",8.77855,"E 514"
"2682",514,"Y","A","YDA","D","bartender",0.88,21,"one_slider","Yes","Male","20","English, Vietnamese",8.77855,"E 514"
"2683",514,"N","A","NDA","D","pianist",0.89,22,"one_slider","Yes","Male","20","English, Vietnamese",8.77855,"E 514"
"2684",514,"N","A","NQA","Q","supervisor",0.46,23,"one_slider","Yes","Male","20","English, Vietnamese",8.77855,"E 514"
"2685",514,"N","A","NQA","Q","queen",0.89,24,"one_slider","Yes","Male","20","English, Vietnamese",8.77855,"E 514"
"2686",514,"Y","A","YDA","D","professor",0.89,25,"one_slider","Yes","Male","20","English, Vietnamese",8.77855,"E 514"
"2687",514,"f","l","filler","i","filler2",0.87,26,"one_slider","Yes","Male","20","English, Vietnamese",8.77855,"E 514"
"2688",514,"N","I","NDI","D","scientist",0.87,27,"one_slider","Yes","Male","20","English, Vietnamese",8.77855,"E 514"
"2689",514,"Y","I","YDI","D","dentist",0.72,28,"one_slider","Yes","Male","20","English, Vietnamese",8.77855,"E 514"
"2690",514,"N","A","NDA","D","groom",0.87,29,"one_slider","Yes","Male","20","English, Vietnamese",8.77855,"E 514"
"2691",514,"f","l","filler","i","filler3",0.94,30,"one_slider","Yes","Male","20","English, Vietnamese",8.77855,"E 514"
"2692",514,"Y","A","YQA","Q","coach",0.93,31,"one_slider","Yes","Male","20","English, Vietnamese",8.77855,"E 514"
"2693",514,"Y","I","YQI","Q","nutritionist",0.73,32,"one_slider","Yes","Male","20","English, Vietnamese",8.77855,"E 514"
"2694",514,"f","l","filler","i","filler1",0.89,33,"one_slider","Yes","Male","20","English, Vietnamese",8.77855,"E 514"
"2695",514,"N","I","NQI","Q","pilot",0.93,34,"one_slider","Yes","Male","20","English, Vietnamese",8.77855,"E 514"
"2696",514,"f","l","filler","i","filler4",0.46,35,"one_slider","Yes","Male","20","English, Vietnamese",8.77855,"E 514"
"2697",153,"","","","","",0.78,NA,"one_slider_practice","Yes","Female","19","English and Vietnamese",5.8185,"E 153"
"2698",153,"","","","","",0.76,NA,"one_slider_practice","Yes","Female","19","English and Vietnamese",5.8185,"E 153"
"2699",153,"Y","I","YDI","D","supervisor",0.58,6,"one_slider","Yes","Female","19","English and Vietnamese",5.8185,"E 153"
"2700",153,"N","A","NDA","D","coach",0.89,7,"one_slider","Yes","Female","19","English and Vietnamese",5.8185,"E 153"
"2701",153,"Y","I","YQI","Q","choreographer",0.61,8,"one_slider","Yes","Female","19","English and Vietnamese",5.8185,"E 153"
"2702",153,"Y","A","YDA","D","conductor",0.65,9,"one_slider","Yes","Female","19","English and Vietnamese",5.8185,"E 153"
"2703",153,"Y","A","YQA","Q","CEO",0.7,10,"one_slider","Yes","Female","19","English and Vietnamese",5.8185,"E 153"
"2704",153,"N","A","NDA","D","troopleader",0.9,11,"one_slider","Yes","Female","19","English and Vietnamese",5.8185,"E 153"
"2705",153,"Y","I","YDI","D","dentist",0.75,12,"one_slider","Yes","Female","19","English and Vietnamese",5.8185,"E 153"
"2706",153,"Y","A","YQA","Q","doctor",0.75,13,"one_slider","Yes","Female","19","English and Vietnamese",5.8185,"E 153"
"2707",153,"N","A","NQA","Q","pianist",0.96,14,"one_slider","Yes","Female","19","English and Vietnamese",5.8185,"E 153"
"2708",153,"f","l","filler","i","filler3",0.98,15,"one_slider","Yes","Female","19","English and Vietnamese",5.8185,"E 153"
"2709",153,"N","A","NDA","D","queen",0.97,16,"one_slider","Yes","Female","19","English and Vietnamese",5.8185,"E 153"
"2710",153,"Y","A","YDA","D","playwright",0.58,17,"one_slider","Yes","Female","19","English and Vietnamese",5.8185,"E 153"
"2711",153,"f","l","filler","i","filler5",0.05,18,"one_slider","Yes","Female","19","English and Vietnamese",5.8185,"E 153"
"2712",153,"N","A","NQA","Q","artist",0.96,19,"one_slider","Yes","Female","19","English and Vietnamese",5.8185,"E 153"
"2713",153,"f","l","filler","i","filler4",0.22,20,"one_slider","Yes","Female","19","English and Vietnamese",5.8185,"E 153"
"2714",153,"Y","I","YQI","Q","nutritionist",0.7,21,"one_slider","Yes","Female","19","English and Vietnamese",5.8185,"E 153"
"2715",153,"N","I","NDI","D","scientist",0.98,22,"one_slider","Yes","Female","19","English and Vietnamese",5.8185,"E 153"
"2716",153,"N","I","NQI","Q","groom",0.98,23,"one_slider","Yes","Female","19","English and Vietnamese",5.8185,"E 153"
"2717",153,"f","l","filler","i","filler2",0.95,24,"one_slider","Yes","Female","19","English and Vietnamese",5.8185,"E 153"
"2718",153,"Y","A","YDA","D","bartender",0.5,25,"one_slider","Yes","Female","19","English and Vietnamese",5.8185,"E 153"
"2719",153,"f","l","filler","i","filler1",0.96,26,"one_slider","Yes","Female","19","English and Vietnamese",5.8185,"E 153"
"2720",153,"f","l","filler","i","filler6",0.24,27,"one_slider","Yes","Female","19","English and Vietnamese",5.8185,"E 153"
"2721",153,"N","I","NQI","Q","fan",0.7,28,"one_slider","Yes","Female","19","English and Vietnamese",5.8185,"E 153"
"2722",153,"N","A","NQA","Q","professor",0.61,29,"one_slider","Yes","Female","19","English and Vietnamese",5.8185,"E 153"
"2723",153,"Y","A","YQA","Q","priest",0.79,30,"one_slider","Yes","Female","19","English and Vietnamese",5.8185,"E 153"
"2724",153,"Y","I","YDI","D","stylist",0.76,31,"one_slider","Yes","Female","19","English and Vietnamese",5.8185,"E 153"
"2725",153,"N","I","NDI","D","patient",0.74,32,"one_slider","Yes","Female","19","English and Vietnamese",5.8185,"E 153"
"2726",153,"N","I","NQI","Q","pilot",0.82,33,"one_slider","Yes","Female","19","English and Vietnamese",5.8185,"E 153"
"2727",153,"N","I","NDI","D","travelagent",0.93,34,"one_slider","Yes","Female","19","English and Vietnamese",5.8185,"E 153"
"2728",153,"Y","I","YQI","Q","chef",0.41,35,"one_slider","Yes","Female","19","English and Vietnamese",5.8185,"E 153"
"2729",549,"","","","","",0.95,NA,"one_slider_practice","Yes","Female","21","spanish",2.27196666666667,"E 549"
"2730",549,"","","","","",0,NA,"one_slider_practice","Yes","Female","21","spanish",2.27196666666667,"E 549"
"2731",549,"f","l","filler","i","filler5",1,6,"one_slider","Yes","Female","21","spanish",2.27196666666667,"E 549"
"2732",549,"Y","I","YDI","D","pianist",0,7,"one_slider","Yes","Female","21","spanish",2.27196666666667,"E 549"
"2733",549,"Y","A","YQA","Q","doctor",1,8,"one_slider","Yes","Female","21","spanish",2.27196666666667,"E 549"
"2734",549,"N","A","NQA","Q","fan",0,9,"one_slider","Yes","Female","21","spanish",2.27196666666667,"E 549"
"2735",549,"f","l","filler","i","filler2",1,10,"one_slider","Yes","Female","21","spanish",2.27196666666667,"E 549"
"2736",549,"N","I","NDI","D","playwright",0,11,"one_slider","Yes","Female","21","spanish",2.27196666666667,"E 549"
"2737",549,"Y","A","YDA","D","professor",1,12,"one_slider","Yes","Female","21","spanish",2.27196666666667,"E 549"
"2738",549,"Y","A","YDA","D","priest",1,13,"one_slider","Yes","Female","21","spanish",2.27196666666667,"E 549"
"2739",549,"f","l","filler","i","filler4",0,14,"one_slider","Yes","Female","21","spanish",2.27196666666667,"E 549"
"2740",549,"Y","A","YDA","D","groom",1,15,"one_slider","Yes","Female","21","spanish",2.27196666666667,"E 549"
"2741",549,"N","A","NDA","D","stylist",0,16,"one_slider","Yes","Female","21","spanish",2.27196666666667,"E 549"
"2742",549,"N","A","NQA","Q","supervisor",0.97,17,"one_slider","Yes","Female","21","spanish",2.27196666666667,"E 549"
"2743",549,"N","A","NDA","D","bartender",0.97,18,"one_slider","Yes","Female","21","spanish",2.27196666666667,"E 549"
"2744",549,"Y","A","YQA","Q","pilot",0.05,19,"one_slider","Yes","Female","21","spanish",2.27196666666667,"E 549"
"2745",549,"Y","I","YDI","D","queen",0,20,"one_slider","Yes","Female","21","spanish",2.27196666666667,"E 549"
"2746",549,"f","l","filler","i","filler3",1,21,"one_slider","Yes","Female","21","spanish",2.27196666666667,"E 549"
"2747",549,"N","I","NQI","Q","nutritionist",0.96,22,"one_slider","Yes","Female","21","spanish",2.27196666666667,"E 549"
"2748",549,"f","l","filler","i","filler6",0,23,"one_slider","Yes","Female","21","spanish",2.27196666666667,"E 549"
"2749",549,"N","I","NQI","Q","CEO",0.95,24,"one_slider","Yes","Female","21","spanish",2.27196666666667,"E 549"
"2750",549,"Y","A","YQA","Q","coach",0,25,"one_slider","Yes","Female","21","spanish",2.27196666666667,"E 549"
"2751",549,"Y","I","YQI","Q","choreographer",0.95,26,"one_slider","Yes","Female","21","spanish",2.27196666666667,"E 549"
"2752",549,"f","l","filler","i","filler1",0.96,27,"one_slider","Yes","Female","21","spanish",2.27196666666667,"E 549"
"2753",549,"Y","I","YQI","Q","troopleader",0.96,28,"one_slider","Yes","Female","21","spanish",2.27196666666667,"E 549"
"2754",549,"N","A","NDA","D","chef",0.96,29,"one_slider","Yes","Female","21","spanish",2.27196666666667,"E 549"
"2755",549,"Y","I","YDI","D","travelagent",0.98,30,"one_slider","Yes","Female","21","spanish",2.27196666666667,"E 549"
"2756",549,"N","I","NQI","Q","dentist",0.98,31,"one_slider","Yes","Female","21","spanish",2.27196666666667,"E 549"
"2757",549,"N","A","NQA","Q","artist",0.94,32,"one_slider","Yes","Female","21","spanish",2.27196666666667,"E 549"
"2758",549,"N","I","NDI","D","patient",0,33,"one_slider","Yes","Female","21","spanish",2.27196666666667,"E 549"
"2759",549,"Y","I","YQI","Q","conductor",0,34,"one_slider","Yes","Female","21","spanish",2.27196666666667,"E 549"
"2760",549,"N","I","NDI","D","scientist",0,35,"one_slider","Yes","Female","21","spanish",2.27196666666667,"E 549"
"2761",161,"","","","","",0.27,NA,"one_slider_practice","Yes","Female","21","Chinese",2.73403333333333,"E 161"
"2762",161,"","","","","",0.36,NA,"one_slider_practice","Yes","Female","21","Chinese",2.73403333333333,"E 161"
"2763",161,"f","l","filler","i","filler6",0.27,6,"one_slider","Yes","Female","21","Chinese",2.73403333333333,"E 161"
"2764",161,"f","l","filler","i","filler2",0.45,7,"one_slider","Yes","Female","21","Chinese",2.73403333333333,"E 161"
"2765",161,"N","A","NDA","D","troopleader",0.27,8,"one_slider","Yes","Female","21","Chinese",2.73403333333333,"E 161"
"2766",161,"f","l","filler","i","filler5",0.17,9,"one_slider","Yes","Female","21","Chinese",2.73403333333333,"E 161"
"2767",161,"Y","A","YQA","Q","playwright",0.5,10,"one_slider","Yes","Female","21","Chinese",2.73403333333333,"E 161"
"2768",161,"Y","A","YDA","D","groom",0.41,11,"one_slider","Yes","Female","21","Chinese",2.73403333333333,"E 161"
"2769",161,"N","I","NQI","Q","dentist",0.44,12,"one_slider","Yes","Female","21","Chinese",2.73403333333333,"E 161"
"2770",161,"Y","I","YDI","D","pilot",0.44,13,"one_slider","Yes","Female","21","Chinese",2.73403333333333,"E 161"
"2771",161,"Y","A","YQA","Q","fan",0.15,14,"one_slider","Yes","Female","21","Chinese",2.73403333333333,"E 161"
"2772",161,"f","l","filler","i","filler4",0.59,15,"one_slider","Yes","Female","21","Chinese",2.73403333333333,"E 161"
"2773",161,"N","I","NDI","D","priest",0.46,16,"one_slider","Yes","Female","21","Chinese",2.73403333333333,"E 161"
"2774",161,"N","I","NQI","Q","doctor",0.63,17,"one_slider","Yes","Female","21","Chinese",2.73403333333333,"E 161"
"2775",161,"N","A","NDA","D","artist",0.33,18,"one_slider","Yes","Female","21","Chinese",2.73403333333333,"E 161"
"2776",161,"N","A","NQA","Q","stylist",0.53,19,"one_slider","Yes","Female","21","Chinese",2.73403333333333,"E 161"
"2777",161,"N","A","NQA","Q","professor",0.46,20,"one_slider","Yes","Female","21","Chinese",2.73403333333333,"E 161"
"2778",161,"Y","I","YQI","Q","pianist",0.44,21,"one_slider","Yes","Female","21","Chinese",2.73403333333333,"E 161"
"2779",161,"N","A","NQA","Q","scientist",0.54,22,"one_slider","Yes","Female","21","Chinese",2.73403333333333,"E 161"
"2780",161,"Y","I","YDI","D","supervisor",0.42,23,"one_slider","Yes","Female","21","Chinese",2.73403333333333,"E 161"
"2781",161,"N","I","NQI","Q","queen",0.48,24,"one_slider","Yes","Female","21","Chinese",2.73403333333333,"E 161"
"2782",161,"Y","A","YDA","D","CEO",0.25,25,"one_slider","Yes","Female","21","Chinese",2.73403333333333,"E 161"
"2783",161,"Y","A","YQA","Q","nutritionist",0.5,26,"one_slider","Yes","Female","21","Chinese",2.73403333333333,"E 161"
"2784",161,"Y","I","YQI","Q","coach",0.44,27,"one_slider","Yes","Female","21","Chinese",2.73403333333333,"E 161"
"2785",161,"N","A","NDA","D","travelagent",0.49,28,"one_slider","Yes","Female","21","Chinese",2.73403333333333,"E 161"
"2786",161,"f","l","filler","i","filler1",0.62,29,"one_slider","Yes","Female","21","Chinese",2.73403333333333,"E 161"
"2787",161,"Y","I","YDI","D","chef",0.4,30,"one_slider","Yes","Female","21","Chinese",2.73403333333333,"E 161"
"2788",161,"N","I","NDI","D","bartender",0.68,31,"one_slider","Yes","Female","21","Chinese",2.73403333333333,"E 161"
"2789",161,"N","I","NDI","D","patient",0.27,32,"one_slider","Yes","Female","21","Chinese",2.73403333333333,"E 161"
"2790",161,"Y","I","YQI","Q","conductor",0.49,33,"one_slider","Yes","Female","21","Chinese",2.73403333333333,"E 161"
"2791",161,"Y","A","YDA","D","choreographer",0.7,34,"one_slider","Yes","Female","21","Chinese",2.73403333333333,"E 161"
"2792",161,"f","l","filler","i","filler3",0.14,35,"one_slider","Yes","Female","21","Chinese",2.73403333333333,"E 161"
"2793",284,"","","","","",0.32,NA,"one_slider_practice","Confused","Female","23","english",15.1340333333333,"E 284"
"2794",284,"","","","","",0.82,NA,"one_slider_practice","Confused","Female","23","english",15.1340333333333,"E 284"
"2795",284,"N","A","NDA","D","bartender",0.5,6,"one_slider","Confused","Female","23","english",15.1340333333333,"E 284"
"2796",284,"Y","I","YQI","Q","queen",0.41,7,"one_slider","Confused","Female","23","english",15.1340333333333,"E 284"
"2797",284,"N","I","NDI","D","playwright",0.81,8,"one_slider","Confused","Female","23","english",15.1340333333333,"E 284"
"2798",284,"N","I","NDI","D","groom",0.81,9,"one_slider","Confused","Female","23","english",15.1340333333333,"E 284"
"2799",284,"f","l","filler","i","filler4",0.72,10,"one_slider","Confused","Female","23","english",15.1340333333333,"E 284"
"2800",284,"f","l","filler","i","filler2",0.65,11,"one_slider","Confused","Female","23","english",15.1340333333333,"E 284"
"2801",284,"N","I","NQI","Q","choreographer",0.2,12,"one_slider","Confused","Female","23","english",15.1340333333333,"E 284"
"2802",284,"N","I","NDI","D","priest",0.76,13,"one_slider","Confused","Female","23","english",15.1340333333333,"E 284"
"2803",284,"N","A","NDA","D","professor",0.19,14,"one_slider","Confused","Female","23","english",15.1340333333333,"E 284"
"2804",284,"Y","A","YDA","D","chef",0.35,15,"one_slider","Confused","Female","23","english",15.1340333333333,"E 284"
"2805",284,"N","A","NQA","Q","coach",0.68,16,"one_slider","Confused","Female","23","english",15.1340333333333,"E 284"
"2806",284,"N","A","NQA","Q","supervisor",0.64,17,"one_slider","Confused","Female","23","english",15.1340333333333,"E 284"
"2807",284,"Y","I","YDI","D","patient",0.46,18,"one_slider","Confused","Female","23","english",15.1340333333333,"E 284"
"2808",284,"Y","I","YQI","Q","artist",0.5,19,"one_slider","Confused","Female","23","english",15.1340333333333,"E 284"
"2809",284,"Y","I","YDI","D","troopleader",0.58,20,"one_slider","Confused","Female","23","english",15.1340333333333,"E 284"
"2810",284,"f","l","filler","i","filler5",0.16,21,"one_slider","Confused","Female","23","english",15.1340333333333,"E 284"
"2811",284,"N","I","NQI","Q","doctor",0.76,22,"one_slider","Confused","Female","23","english",15.1340333333333,"E 284"
"2812",284,"f","l","filler","i","filler1",0.84,23,"one_slider","Confused","Female","23","english",15.1340333333333,"E 284"
"2813",284,"Y","A","YDA","D","conductor",0.11,24,"one_slider","Confused","Female","23","english",15.1340333333333,"E 284"
"2814",284,"Y","A","YDA","D","nutritionist",0.33,25,"one_slider","Confused","Female","23","english",15.1340333333333,"E 284"
"2815",284,"N","A","NDA","D","pianist",0.83,26,"one_slider","Confused","Female","23","english",15.1340333333333,"E 284"
"2816",284,"N","A","NQA","Q","fan",0.76,27,"one_slider","Confused","Female","23","english",15.1340333333333,"E 284"
"2817",284,"Y","I","YDI","D","travelagent",0.66,28,"one_slider","Confused","Female","23","english",15.1340333333333,"E 284"
"2818",284,"Y","I","YQI","Q","stylist",0.41,29,"one_slider","Confused","Female","23","english",15.1340333333333,"E 284"
"2819",284,"f","l","filler","i","filler3",0.78,30,"one_slider","Confused","Female","23","english",15.1340333333333,"E 284"
"2820",284,"Y","A","YQA","Q","CEO",0.56,31,"one_slider","Confused","Female","23","english",15.1340333333333,"E 284"
"2821",284,"N","I","NQI","Q","pilot",0.79,32,"one_slider","Confused","Female","23","english",15.1340333333333,"E 284"
"2822",284,"Y","A","YQA","Q","dentist",0.84,33,"one_slider","Confused","Female","23","english",15.1340333333333,"E 284"
"2823",284,"f","l","filler","i","filler6",0.31,34,"one_slider","Confused","Female","23","english",15.1340333333333,"E 284"
"2824",284,"Y","A","YQA","Q","scientist",0.71,35,"one_slider","Confused","Female","23","english",15.1340333333333,"E 284"
"2825",381,"","","","","",0.98,NA,"one_slider_practice","Yes","Female","20","English",10.6693833333333,"E 381"
"2826",381,"","","","","",0.94,NA,"one_slider_practice","Yes","Female","20","English",10.6693833333333,"E 381"
"2827",381,"Y","A","YQA","Q","dentist",0.03,6,"one_slider","Yes","Female","20","English",10.6693833333333,"E 381"
"2828",381,"f","l","filler","i","filler2",0.91,7,"one_slider","Yes","Female","20","English",10.6693833333333,"E 381"
"2829",381,"f","l","filler","i","filler6",0.06,8,"one_slider","Yes","Female","20","English",10.6693833333333,"E 381"
"2830",381,"N","A","NQA","Q","scientist",0.69,9,"one_slider","Yes","Female","20","English",10.6693833333333,"E 381"
"2831",381,"f","l","filler","i","filler5",0.05,10,"one_slider","Yes","Female","20","English",10.6693833333333,"E 381"
"2832",381,"Y","I","YDI","D","doctor",0.89,11,"one_slider","Yes","Female","20","English",10.6693833333333,"E 381"
"2833",381,"N","I","NDI","D","professor",0.94,12,"one_slider","Yes","Female","20","English",10.6693833333333,"E 381"
"2834",381,"Y","I","YDI","D","CEO",0.94,13,"one_slider","Yes","Female","20","English",10.6693833333333,"E 381"
"2835",381,"N","I","NDI","D","bartender",0.98,14,"one_slider","Yes","Female","20","English",10.6693833333333,"E 381"
"2836",381,"Y","A","YQA","Q","playwright",0.75,15,"one_slider","Yes","Female","20","English",10.6693833333333,"E 381"
"2837",381,"f","l","filler","i","filler1",0.82,16,"one_slider","Yes","Female","20","English",10.6693833333333,"E 381"
"2838",381,"N","A","NDA","D","pilot",0.56,17,"one_slider","Yes","Female","20","English",10.6693833333333,"E 381"
"2839",381,"f","l","filler","i","filler4",0.65,18,"one_slider","Yes","Female","20","English",10.6693833333333,"E 381"
"2840",381,"N","A","NDA","D","artist",0.69,19,"one_slider","Yes","Female","20","English",10.6693833333333,"E 381"
"2841",381,"Y","I","YQI","Q","groom",0.31,20,"one_slider","Yes","Female","20","English",10.6693833333333,"E 381"
"2842",381,"Y","I","YQI","Q","coach",0.96,21,"one_slider","Yes","Female","20","English",10.6693833333333,"E 381"
"2843",381,"Y","A","YQA","Q","patient",0.66,22,"one_slider","Yes","Female","20","English",10.6693833333333,"E 381"
"2844",381,"Y","I","YQI","Q","nutritionist",0.9,23,"one_slider","Yes","Female","20","English",10.6693833333333,"E 381"
"2845",381,"Y","A","YDA","D","queen",0.93,24,"one_slider","Yes","Female","20","English",10.6693833333333,"E 381"
"2846",381,"N","A","NQA","Q","supervisor",0.04,25,"one_slider","Yes","Female","20","English",10.6693833333333,"E 381"
"2847",381,"N","I","NQI","Q","troopleader",0.83,26,"one_slider","Yes","Female","20","English",10.6693833333333,"E 381"
"2848",381,"N","A","NQA","Q","pianist",0.96,27,"one_slider","Yes","Female","20","English",10.6693833333333,"E 381"
"2849",381,"f","l","filler","i","filler3",0.9,28,"one_slider","Yes","Female","20","English",10.6693833333333,"E 381"
"2850",381,"Y","I","YDI","D","choreographer",0.04,29,"one_slider","Yes","Female","20","English",10.6693833333333,"E 381"
"2851",381,"N","I","NDI","D","chef",0.62,30,"one_slider","Yes","Female","20","English",10.6693833333333,"E 381"
"2852",381,"Y","A","YDA","D","priest",0.9,31,"one_slider","Yes","Female","20","English",10.6693833333333,"E 381"
"2853",381,"Y","A","YDA","D","stylist",0.69,32,"one_slider","Yes","Female","20","English",10.6693833333333,"E 381"
"2854",381,"N","I","NQI","Q","travelagent",0.02,33,"one_slider","Yes","Female","20","English",10.6693833333333,"E 381"
"2855",381,"N","A","NDA","D","fan",0.95,34,"one_slider","Yes","Female","20","English",10.6693833333333,"E 381"
"2856",381,"N","I","NQI","Q","conductor",0.96,35,"one_slider","Yes","Female","20","English",10.6693833333333,"E 381"
"2857",249,"","","","","",0.64,NA,"one_slider_practice","Yes","Female","20","English",8.67921666666667,"E 249"
"2858",249,"","","","","",0.38,NA,"one_slider_practice","Yes","Female","20","English",8.67921666666667,"E 249"
"2859",249,"Y","I","YQI","Q","priest",0.31,6,"one_slider","Yes","Female","20","English",8.67921666666667,"E 249"
"2860",249,"Y","I","YDI","D","pianist",0.07,7,"one_slider","Yes","Female","20","English",8.67921666666667,"E 249"
"2861",249,"f","l","filler","i","filler2",0.64,8,"one_slider","Yes","Female","20","English",8.67921666666667,"E 249"
"2862",249,"N","A","NDA","D","artist",0.51,9,"one_slider","Yes","Female","20","English",8.67921666666667,"E 249"
"2863",249,"f","l","filler","i","filler4",0.28,10,"one_slider","Yes","Female","20","English",8.67921666666667,"E 249"
"2864",249,"Y","A","YQA","Q","travelagent",0.31,11,"one_slider","Yes","Female","20","English",8.67921666666667,"E 249"
"2865",249,"Y","I","YDI","D","coach",0.17,12,"one_slider","Yes","Female","20","English",8.67921666666667,"E 249"
"2866",249,"N","I","NQI","Q","troopleader",0.67,13,"one_slider","Yes","Female","20","English",8.67921666666667,"E 249"
"2867",249,"Y","I","YDI","D","dentist",0.37,14,"one_slider","Yes","Female","20","English",8.67921666666667,"E 249"
"2868",249,"Y","A","YDA","D","conductor",0.71,15,"one_slider","Yes","Female","20","English",8.67921666666667,"E 249"
"2869",249,"f","l","filler","i","filler1",0.69,16,"one_slider","Yes","Female","20","English",8.67921666666667,"E 249"
"2870",249,"N","A","NDA","D","stylist",0.78,17,"one_slider","Yes","Female","20","English",8.67921666666667,"E 249"
"2871",249,"N","A","NQA","Q","nutritionist",0.39,18,"one_slider","Yes","Female","20","English",8.67921666666667,"E 249"
"2872",249,"N","A","NDA","D","supervisor",0.4,19,"one_slider","Yes","Female","20","English",8.67921666666667,"E 249"
"2873",249,"N","I","NDI","D","groom",0.87,20,"one_slider","Yes","Female","20","English",8.67921666666667,"E 249"
"2874",249,"Y","A","YDA","D","professor",0.4,21,"one_slider","Yes","Female","20","English",8.67921666666667,"E 249"
"2875",249,"f","l","filler","i","filler5",0.06,22,"one_slider","Yes","Female","20","English",8.67921666666667,"E 249"
"2876",249,"Y","A","YQA","Q","CEO",0.85,23,"one_slider","Yes","Female","20","English",8.67921666666667,"E 249"
"2877",249,"N","I","NDI","D","doctor",0.82,24,"one_slider","Yes","Female","20","English",8.67921666666667,"E 249"
"2878",249,"N","I","NQI","Q","fan",0.28,25,"one_slider","Yes","Female","20","English",8.67921666666667,"E 249"
"2879",249,"Y","A","YQA","Q","bartender",0.49,26,"one_slider","Yes","Female","20","English",8.67921666666667,"E 249"
"2880",249,"N","I","NDI","D","queen",0.81,27,"one_slider","Yes","Female","20","English",8.67921666666667,"E 249"
"2881",249,"Y","I","YQI","Q","scientist",0.85,28,"one_slider","Yes","Female","20","English",8.67921666666667,"E 249"
"2882",249,"f","l","filler","i","filler3",0.09,29,"one_slider","Yes","Female","20","English",8.67921666666667,"E 249"
"2883",249,"Y","A","YDA","D","patient",0.46,30,"one_slider","Yes","Female","20","English",8.67921666666667,"E 249"
"2884",249,"f","l","filler","i","filler6",0.03,31,"one_slider","Yes","Female","20","English",8.67921666666667,"E 249"
"2885",249,"Y","I","YQI","Q","choreographer",0.57,32,"one_slider","Yes","Female","20","English",8.67921666666667,"E 249"
"2886",249,"N","A","NQA","Q","playwright",0.73,33,"one_slider","Yes","Female","20","English",8.67921666666667,"E 249"
"2887",249,"N","I","NQI","Q","pilot",0.62,34,"one_slider","Yes","Female","20","English",8.67921666666667,"E 249"
"2888",249,"N","A","NQA","Q","chef",0.71,35,"one_slider","Yes","Female","20","English",8.67921666666667,"E 249"
"2889",372,"","","","","",0.05,NA,"one_slider_practice","Yes","Female","19","cantonese",12.5148333333333,"E 372"
"2890",372,"","","","","",0.95,NA,"one_slider_practice","Yes","Female","19","cantonese",12.5148333333333,"E 372"
"2891",372,"Y","A","YDA","D","bartender",0.46,6,"one_slider","Yes","Female","19","cantonese",12.5148333333333,"E 372"
"2892",372,"Y","A","YDA","D","priest",0.5,7,"one_slider","Yes","Female","19","cantonese",12.5148333333333,"E 372"
"2893",372,"N","A","NDA","D","travelagent",0.62,8,"one_slider","Yes","Female","19","cantonese",12.5148333333333,"E 372"
"2894",372,"f","l","filler","i","filler5",0.06,9,"one_slider","Yes","Female","19","cantonese",12.5148333333333,"E 372"
"2895",372,"Y","A","YDA","D","coach",0.24,10,"one_slider","Yes","Female","19","cantonese",12.5148333333333,"E 372"
"2896",372,"f","l","filler","i","filler6",0.69,11,"one_slider","Yes","Female","19","cantonese",12.5148333333333,"E 372"
"2897",372,"Y","A","YQA","Q","dentist",0.28,12,"one_slider","Yes","Female","19","cantonese",12.5148333333333,"E 372"
"2898",372,"N","A","NDA","D","artist",1,13,"one_slider","Yes","Female","19","cantonese",12.5148333333333,"E 372"
"2899",372,"Y","A","YQA","Q","chef",0.84,14,"one_slider","Yes","Female","19","cantonese",12.5148333333333,"E 372"
"2900",372,"f","l","filler","i","filler2",0.76,15,"one_slider","Yes","Female","19","cantonese",12.5148333333333,"E 372"
"2901",372,"Y","I","YDI","D","CEO",0.73,16,"one_slider","Yes","Female","19","cantonese",12.5148333333333,"E 372"
"2902",372,"Y","I","YQI","Q","nutritionist",0.68,17,"one_slider","Yes","Female","19","cantonese",12.5148333333333,"E 372"
"2903",372,"Y","I","YDI","D","pianist",0.28,18,"one_slider","Yes","Female","19","cantonese",12.5148333333333,"E 372"
"2904",372,"N","I","NDI","D","groom",0.78,19,"one_slider","Yes","Female","19","cantonese",12.5148333333333,"E 372"
"2905",372,"N","A","NQA","Q","scientist",0.72,20,"one_slider","Yes","Female","19","cantonese",12.5148333333333,"E 372"
"2906",372,"N","I","NDI","D","stylist",0.21,21,"one_slider","Yes","Female","19","cantonese",12.5148333333333,"E 372"
"2907",372,"Y","I","YQI","Q","professor",0.72,22,"one_slider","Yes","Female","19","cantonese",12.5148333333333,"E 372"
"2908",372,"N","A","NQA","Q","fan",0.16,23,"one_slider","Yes","Female","19","cantonese",12.5148333333333,"E 372"
"2909",372,"N","A","NQA","Q","supervisor",0.81,24,"one_slider","Yes","Female","19","cantonese",12.5148333333333,"E 372"
"2910",372,"Y","I","YQI","Q","queen",0.69,25,"one_slider","Yes","Female","19","cantonese",12.5148333333333,"E 372"
"2911",372,"N","I","NQI","Q","playwright",0.63,26,"one_slider","Yes","Female","19","cantonese",12.5148333333333,"E 372"
"2912",372,"f","l","filler","i","filler4",0.68,27,"one_slider","Yes","Female","19","cantonese",12.5148333333333,"E 372"
"2913",372,"N","I","NQI","Q","troopleader",0.57,28,"one_slider","Yes","Female","19","cantonese",12.5148333333333,"E 372"
"2914",372,"Y","I","YDI","D","patient",0.67,29,"one_slider","Yes","Female","19","cantonese",12.5148333333333,"E 372"
"2915",372,"f","l","filler","i","filler3",0.19,30,"one_slider","Yes","Female","19","cantonese",12.5148333333333,"E 372"
"2916",372,"N","I","NDI","D","conductor",0.75,31,"one_slider","Yes","Female","19","cantonese",12.5148333333333,"E 372"
"2917",372,"f","l","filler","i","filler1",0.65,32,"one_slider","Yes","Female","19","cantonese",12.5148333333333,"E 372"
"2918",372,"N","I","NQI","Q","doctor",0.63,33,"one_slider","Yes","Female","19","cantonese",12.5148333333333,"E 372"
"2919",372,"N","A","NDA","D","choreographer",0.23,34,"one_slider","Yes","Female","19","cantonese",12.5148333333333,"E 372"
"2920",372,"Y","A","YQA","Q","pilot",0.29,35,"one_slider","Yes","Female","19","cantonese",12.5148333333333,"E 372"
"2921",354,"","","","","",1,NA,"one_slider_practice","Yes","Female","18","Spanish",45.3027166666667,"E 354"
"2922",354,"","","","","",1,NA,"one_slider_practice","Yes","Female","18","Spanish",45.3027166666667,"E 354"
"2923",354,"N","I","NQI","Q","nutritionist",0.25,6,"one_slider","Yes","Female","18","Spanish",45.3027166666667,"E 354"
"2924",354,"Y","A","YDA","D","bartender",0.94,7,"one_slider","Yes","Female","18","Spanish",45.3027166666667,"E 354"
"2925",354,"f","l","filler","i","filler4",0.46,8,"one_slider","Yes","Female","18","Spanish",45.3027166666667,"E 354"
"2926",354,"Y","I","YQI","Q","queen",0.83,9,"one_slider","Yes","Female","18","Spanish",45.3027166666667,"E 354"
"2927",354,"N","A","NQA","Q","travelagent",0,10,"one_slider","Yes","Female","18","Spanish",45.3027166666667,"E 354"
"2928",354,"Y","A","YQA","Q","pilot",0.27,11,"one_slider","Yes","Female","18","Spanish",45.3027166666667,"E 354"
"2929",354,"Y","A","YDA","D","pianist",0.1,12,"one_slider","Yes","Female","18","Spanish",45.3027166666667,"E 354"
"2930",354,"Y","A","YDA","D","artist",0.13,13,"one_slider","Yes","Female","18","Spanish",45.3027166666667,"E 354"
"2931",354,"f","l","filler","i","filler2",0.97,14,"one_slider","Yes","Female","18","Spanish",45.3027166666667,"E 354"
"2932",354,"N","A","NQA","Q","troopleader",0.94,15,"one_slider","Yes","Female","18","Spanish",45.3027166666667,"E 354"
"2933",354,"Y","I","YDI","D","fan",0.98,16,"one_slider","Yes","Female","18","Spanish",45.3027166666667,"E 354"
"2934",354,"Y","I","YDI","D","playwright",0.85,17,"one_slider","Yes","Female","18","Spanish",45.3027166666667,"E 354"
"2935",354,"Y","I","YDI","D","supervisor",0.05,18,"one_slider","Yes","Female","18","Spanish",45.3027166666667,"E 354"
"2936",354,"N","I","NDI","D","CEO",0.28,19,"one_slider","Yes","Female","18","Spanish",45.3027166666667,"E 354"
"2937",354,"f","l","filler","i","filler6",0.11,20,"one_slider","Yes","Female","18","Spanish",45.3027166666667,"E 354"
"2938",354,"N","A","NDA","D","groom",0.01,21,"one_slider","Yes","Female","18","Spanish",45.3027166666667,"E 354"
"2939",354,"N","I","NQI","Q","coach",0.01,22,"one_slider","Yes","Female","18","Spanish",45.3027166666667,"E 354"
"2940",354,"N","I","NQI","Q","stylist",0.98,23,"one_slider","Yes","Female","18","Spanish",45.3027166666667,"E 354"
"2941",354,"Y","A","YQA","Q","chef",0.03,24,"one_slider","Yes","Female","18","Spanish",45.3027166666667,"E 354"
"2942",354,"f","l","filler","i","filler3",1,25,"one_slider","Yes","Female","18","Spanish",45.3027166666667,"E 354"
"2943",354,"N","I","NDI","D","choreographer",0.04,26,"one_slider","Yes","Female","18","Spanish",45.3027166666667,"E 354"
"2944",354,"f","l","filler","i","filler1",0.05,27,"one_slider","Yes","Female","18","Spanish",45.3027166666667,"E 354"
"2945",354,"N","A","NDA","D","professor",0.95,28,"one_slider","Yes","Female","18","Spanish",45.3027166666667,"E 354"
"2946",354,"Y","A","YQA","Q","patient",0.98,29,"one_slider","Yes","Female","18","Spanish",45.3027166666667,"E 354"
"2947",354,"Y","I","YQI","Q","dentist",1,30,"one_slider","Yes","Female","18","Spanish",45.3027166666667,"E 354"
"2948",354,"Y","I","YQI","Q","scientist",1,31,"one_slider","Yes","Female","18","Spanish",45.3027166666667,"E 354"
"2949",354,"N","I","NDI","D","doctor",0.97,32,"one_slider","Yes","Female","18","Spanish",45.3027166666667,"E 354"
"2950",354,"N","A","NDA","D","conductor",0.08,33,"one_slider","Yes","Female","18","Spanish",45.3027166666667,"E 354"
"2951",354,"f","l","filler","i","filler5",0.3,34,"one_slider","Yes","Female","18","Spanish",45.3027166666667,"E 354"
"2952",354,"N","A","NQA","Q","priest",0.95,35,"one_slider","Yes","Female","18","Spanish",45.3027166666667,"E 354"
"2953",215,"","","","","",0.98,NA,"one_slider_practice","Yes","Female","19","Spanish",10.8688833333333,"E 215"
"2954",215,"","","","","",0.97,NA,"one_slider_practice","Yes","Female","19","Spanish",10.8688833333333,"E 215"
"2955",215,"N","I","NDI","D","coach",1,6,"one_slider","Yes","Female","19","Spanish",10.8688833333333,"E 215"
"2956",215,"N","A","NQA","Q","dentist",0.98,7,"one_slider","Yes","Female","19","Spanish",10.8688833333333,"E 215"
"2957",215,"Y","A","YQA","Q","supervisor",0,8,"one_slider","Yes","Female","19","Spanish",10.8688833333333,"E 215"
"2958",215,"Y","A","YDA","D","professor",0.04,9,"one_slider","Yes","Female","19","Spanish",10.8688833333333,"E 215"
"2959",215,"Y","I","YQI","Q","playwright",0.71,10,"one_slider","Yes","Female","19","Spanish",10.8688833333333,"E 215"
"2960",215,"N","I","NQI","Q","CEO",1,11,"one_slider","Yes","Female","19","Spanish",10.8688833333333,"E 215"
"2961",215,"N","I","NQI","Q","fan",1,12,"one_slider","Yes","Female","19","Spanish",10.8688833333333,"E 215"
"2962",215,"Y","A","YDA","D","groom",0.6,13,"one_slider","Yes","Female","19","Spanish",10.8688833333333,"E 215"
"2963",215,"f","l","filler","i","filler3",1,14,"one_slider","Yes","Female","19","Spanish",10.8688833333333,"E 215"
"2964",215,"N","I","NQI","Q","troopleader",0.97,15,"one_slider","Yes","Female","19","Spanish",10.8688833333333,"E 215"
"2965",215,"Y","I","YDI","D","doctor",0.96,16,"one_slider","Yes","Female","19","Spanish",10.8688833333333,"E 215"
"2966",215,"N","I","NDI","D","pilot",0.66,17,"one_slider","Yes","Female","19","Spanish",10.8688833333333,"E 215"
"2967",215,"Y","A","YQA","Q","queen",0.92,18,"one_slider","Yes","Female","19","Spanish",10.8688833333333,"E 215"
"2968",215,"Y","I","YDI","D","pianist",0.47,19,"one_slider","Yes","Female","19","Spanish",10.8688833333333,"E 215"
"2969",215,"N","A","NDA","D","nutritionist",0.96,20,"one_slider","Yes","Female","19","Spanish",10.8688833333333,"E 215"
"2970",215,"Y","I","YQI","Q","bartender",0.63,21,"one_slider","Yes","Female","19","Spanish",10.8688833333333,"E 215"
"2971",215,"f","l","filler","i","filler2",0.97,22,"one_slider","Yes","Female","19","Spanish",10.8688833333333,"E 215"
"2972",215,"N","A","NDA","D","artist",1,23,"one_slider","Yes","Female","19","Spanish",10.8688833333333,"E 215"
"2973",215,"f","l","filler","i","filler4",0,24,"one_slider","Yes","Female","19","Spanish",10.8688833333333,"E 215"
"2974",215,"Y","I","YDI","D","patient",0.54,25,"one_slider","Yes","Female","19","Spanish",10.8688833333333,"E 215"
"2975",215,"N","A","NQA","Q","priest",0.98,26,"one_slider","Yes","Female","19","Spanish",10.8688833333333,"E 215"
"2976",215,"N","I","NDI","D","stylist",0.96,27,"one_slider","Yes","Female","19","Spanish",10.8688833333333,"E 215"
"2977",215,"f","l","filler","i","filler6",0,28,"one_slider","Yes","Female","19","Spanish",10.8688833333333,"E 215"
"2978",215,"Y","I","YQI","Q","conductor",0.75,29,"one_slider","Yes","Female","19","Spanish",10.8688833333333,"E 215"
"2979",215,"f","l","filler","i","filler5",0,30,"one_slider","Yes","Female","19","Spanish",10.8688833333333,"E 215"
"2980",215,"N","A","NQA","Q","chef",1,31,"one_slider","Yes","Female","19","Spanish",10.8688833333333,"E 215"
"2981",215,"f","l","filler","i","filler1",1,32,"one_slider","Yes","Female","19","Spanish",10.8688833333333,"E 215"
"2982",215,"Y","A","YDA","D","scientist",0.61,33,"one_slider","Yes","Female","19","Spanish",10.8688833333333,"E 215"
"2983",215,"Y","A","YQA","Q","travelagent",0,34,"one_slider","Yes","Female","19","Spanish",10.8688833333333,"E 215"
"2984",215,"N","A","NDA","D","choreographer",1,35,"one_slider","Yes","Female","19","Spanish",10.8688833333333,"E 215"
"2985",129,"","","","","",0.5,NA,"one_slider_practice","Yes","Female","27","English",11.2052166666667,"E 129"
"2986",129,"","","","","",0.95,NA,"one_slider_practice","Yes","Female","27","English",11.2052166666667,"E 129"
"2987",129,"N","I","NDI","D","chef",0.95,6,"one_slider","Yes","Female","27","English",11.2052166666667,"E 129"
"2988",129,"Y","A","YQA","Q","priest",0.42,7,"one_slider","Yes","Female","27","English",11.2052166666667,"E 129"
"2989",129,"N","A","NDA","D","coach",0.95,8,"one_slider","Yes","Female","27","English",11.2052166666667,"E 129"
"2990",129,"N","I","NQI","Q","playwright",0.88,9,"one_slider","Yes","Female","27","English",11.2052166666667,"E 129"
"2991",129,"N","I","NQI","Q","artist",0.78,10,"one_slider","Yes","Female","27","English",11.2052166666667,"E 129"
"2992",129,"f","l","filler","i","filler3",0.96,11,"one_slider","Yes","Female","27","English",11.2052166666667,"E 129"
"2993",129,"f","l","filler","i","filler5",0.04,12,"one_slider","Yes","Female","27","English",11.2052166666667,"E 129"
"2994",129,"Y","A","YQA","Q","conductor",0.4,13,"one_slider","Yes","Female","27","English",11.2052166666667,"E 129"
"2995",129,"Y","I","YDI","D","stylist",0.58,14,"one_slider","Yes","Female","27","English",11.2052166666667,"E 129"
"2996",129,"Y","I","YDI","D","nutritionist",0.42,15,"one_slider","Yes","Female","27","English",11.2052166666667,"E 129"
"2997",129,"f","l","filler","i","filler4",0.03,16,"one_slider","Yes","Female","27","English",11.2052166666667,"E 129"
"2998",129,"N","I","NDI","D","scientist",0.98,17,"one_slider","Yes","Female","27","English",11.2052166666667,"E 129"
"2999",129,"N","A","NQA","Q","bartender",0.98,18,"one_slider","Yes","Female","27","English",11.2052166666667,"E 129"
"3000",129,"f","l","filler","i","filler2",0.99,19,"one_slider","Yes","Female","27","English",11.2052166666667,"E 129"
"3001",129,"N","A","NDA","D","troopleader",0.88,20,"one_slider","Yes","Female","27","English",11.2052166666667,"E 129"
"3002",129,"Y","I","YQI","Q","CEO",0.58,21,"one_slider","Yes","Female","27","English",11.2052166666667,"E 129"
"3003",129,"N","I","NDI","D","pilot",0.99,22,"one_slider","Yes","Female","27","English",11.2052166666667,"E 129"
"3004",129,"Y","I","YQI","Q","patient",0.6,23,"one_slider","Yes","Female","27","English",11.2052166666667,"E 129"
"3005",129,"N","I","NQI","Q","groom",0.96,24,"one_slider","Yes","Female","27","English",11.2052166666667,"E 129"
"3006",129,"Y","A","YDA","D","supervisor",0.95,25,"one_slider","Yes","Female","27","English",11.2052166666667,"E 129"
"3007",129,"f","l","filler","i","filler6",0,26,"one_slider","Yes","Female","27","English",11.2052166666667,"E 129"
"3008",129,"Y","A","YDA","D","professor",0.57,27,"one_slider","Yes","Female","27","English",11.2052166666667,"E 129"
"3009",129,"Y","A","YDA","D","dentist",0.58,28,"one_slider","Yes","Female","27","English",11.2052166666667,"E 129"
"3010",129,"Y","I","YQI","Q","pianist",0.41,29,"one_slider","Yes","Female","27","English",11.2052166666667,"E 129"
"3011",129,"N","A","NQA","Q","choreographer",0.84,30,"one_slider","Yes","Female","27","English",11.2052166666667,"E 129"
"3012",129,"f","l","filler","i","filler1",0.92,31,"one_slider","Yes","Female","27","English",11.2052166666667,"E 129"
"3013",129,"Y","A","YQA","Q","travelagent",0.88,32,"one_slider","Yes","Female","27","English",11.2052166666667,"E 129"
"3014",129,"Y","I","YDI","D","doctor",0.63,33,"one_slider","Yes","Female","27","English",11.2052166666667,"E 129"
"3015",129,"N","A","NQA","Q","queen",0.94,34,"one_slider","Yes","Female","27","English",11.2052166666667,"E 129"
"3016",129,"N","A","NDA","D","fan",0.96,35,"one_slider","Yes","Female","27","English",11.2052166666667,"E 129"
"3017",532,"","","","","",0.87,NA,"one_slider_practice","Confused","Female","20","vietnamese",5.95293333333333,"E 532"
"3018",532,"","","","","",0.6,NA,"one_slider_practice","Confused","Female","20","vietnamese",5.95293333333333,"E 532"
"3019",532,"N","A","NQA","Q","conductor",0.61,6,"one_slider","Confused","Female","20","vietnamese",5.95293333333333,"E 532"
"3020",532,"f","l","filler","i","filler2",0.01,7,"one_slider","Confused","Female","20","vietnamese",5.95293333333333,"E 532"
"3021",532,"Y","A","YDA","D","stylist",0.55,8,"one_slider","Confused","Female","20","vietnamese",5.95293333333333,"E 532"
"3022",532,"f","l","filler","i","filler1",0.55,9,"one_slider","Confused","Female","20","vietnamese",5.95293333333333,"E 532"
"3023",532,"N","I","NDI","D","dentist",0.11,10,"one_slider","Confused","Female","20","vietnamese",5.95293333333333,"E 532"
"3024",532,"f","l","filler","i","filler5",0.3,11,"one_slider","Confused","Female","20","vietnamese",5.95293333333333,"E 532"
"3025",532,"Y","I","YDI","D","priest",0.88,12,"one_slider","Confused","Female","20","vietnamese",5.95293333333333,"E 532"
"3026",532,"Y","I","YDI","D","CEO",0.5,13,"one_slider","Confused","Female","20","vietnamese",5.95293333333333,"E 532"
"3027",532,"Y","A","YQA","Q","choreographer",0.45,14,"one_slider","Confused","Female","20","vietnamese",5.95293333333333,"E 532"
"3028",532,"Y","I","YQI","Q","professor",0.39,15,"one_slider","Confused","Female","20","vietnamese",5.95293333333333,"E 532"
"3029",532,"N","A","NDA","D","supervisor",0.69,16,"one_slider","Confused","Female","20","vietnamese",5.95293333333333,"E 532"
"3030",532,"N","I","NQI","Q","artist",0.38,17,"one_slider","Confused","Female","20","vietnamese",5.95293333333333,"E 532"
"3031",532,"Y","I","YQI","Q","travelagent",0.5,18,"one_slider","Confused","Female","20","vietnamese",5.95293333333333,"E 532"
"3032",532,"Y","I","YDI","D","pianist",0.53,19,"one_slider","Confused","Female","20","vietnamese",5.95293333333333,"E 532"
"3033",532,"N","I","NDI","D","pilot",0.31,20,"one_slider","Confused","Female","20","vietnamese",5.95293333333333,"E 532"
"3034",532,"N","I","NQI","Q","playwright",0.53,21,"one_slider","Confused","Female","20","vietnamese",5.95293333333333,"E 532"
"3035",532,"Y","A","YDA","D","fan",0.56,22,"one_slider","Confused","Female","20","vietnamese",5.95293333333333,"E 532"
"3036",532,"Y","A","YQA","Q","nutritionist",0.55,23,"one_slider","Confused","Female","20","vietnamese",5.95293333333333,"E 532"
"3037",532,"N","A","NQA","Q","chef",0.33,24,"one_slider","Confused","Female","20","vietnamese",5.95293333333333,"E 532"
"3038",532,"f","l","filler","i","filler6",0.68,25,"one_slider","Confused","Female","20","vietnamese",5.95293333333333,"E 532"
"3039",532,"N","I","NQI","Q","groom",0.61,26,"one_slider","Confused","Female","20","vietnamese",5.95293333333333,"E 532"
"3040",532,"N","I","NDI","D","bartender",0.73,27,"one_slider","Confused","Female","20","vietnamese",5.95293333333333,"E 532"
"3041",532,"Y","A","YQA","Q","doctor",0.82,28,"one_slider","Confused","Female","20","vietnamese",5.95293333333333,"E 532"
"3042",532,"Y","I","YQI","Q","coach",0.5,29,"one_slider","Confused","Female","20","vietnamese",5.95293333333333,"E 532"
"3043",532,"N","A","NDA","D","scientist",0.54,30,"one_slider","Confused","Female","20","vietnamese",5.95293333333333,"E 532"
"3044",532,"f","l","filler","i","filler4",0.69,31,"one_slider","Confused","Female","20","vietnamese",5.95293333333333,"E 532"
"3045",532,"N","A","NDA","D","troopleader",0.5,32,"one_slider","Confused","Female","20","vietnamese",5.95293333333333,"E 532"
"3046",532,"Y","A","YDA","D","patient",0.69,33,"one_slider","Confused","Female","20","vietnamese",5.95293333333333,"E 532"
"3047",532,"N","A","NQA","Q","queen",0.63,34,"one_slider","Confused","Female","20","vietnamese",5.95293333333333,"E 532"
"3048",532,"f","l","filler","i","filler3",0.7,35,"one_slider","Confused","Female","20","vietnamese",5.95293333333333,"E 532"
"3049",189,"","","","","",0.92,NA,"one_slider_practice","Yes","Female","20","Spanish",12.38555,"E 189"
"3050",189,"","","","","",0.93,NA,"one_slider_practice","Yes","Female","20","Spanish",12.38555,"E 189"
"3051",189,"f","l","filler","i","filler5",0.7,6,"one_slider","Yes","Female","20","Spanish",12.38555,"E 189"
"3052",189,"f","l","filler","i","filler1",0.69,7,"one_slider","Yes","Female","20","Spanish",12.38555,"E 189"
"3053",189,"N","I","NQI","Q","conductor",0.85,8,"one_slider","Yes","Female","20","Spanish",12.38555,"E 189"
"3054",189,"f","l","filler","i","filler6",0.15,9,"one_slider","Yes","Female","20","Spanish",12.38555,"E 189"
"3055",189,"Y","A","YDA","D","dentist",0.17,10,"one_slider","Yes","Female","20","Spanish",12.38555,"E 189"
"3056",189,"Y","A","YDA","D","artist",0.68,11,"one_slider","Yes","Female","20","Spanish",12.38555,"E 189"
"3057",189,"N","A","NDA","D","playwright",0.64,12,"one_slider","Yes","Female","20","Spanish",12.38555,"E 189"
"3058",189,"N","A","NQA","Q","patient",0.91,13,"one_slider","Yes","Female","20","Spanish",12.38555,"E 189"
"3059",189,"Y","A","YQA","Q","coach",0.96,14,"one_slider","Yes","Female","20","Spanish",12.38555,"E 189"
"3060",189,"N","I","NQI","Q","groom",0.76,15,"one_slider","Yes","Female","20","Spanish",12.38555,"E 189"
"3061",189,"N","I","NDI","D","travelagent",0.81,16,"one_slider","Yes","Female","20","Spanish",12.38555,"E 189"
"3062",189,"Y","A","YDA","D","chef",0.9,17,"one_slider","Yes","Female","20","Spanish",12.38555,"E 189"
"3063",189,"Y","A","YQA","Q","doctor",0.9,18,"one_slider","Yes","Female","20","Spanish",12.38555,"E 189"
"3064",189,"f","l","filler","i","filler4",0.17,19,"one_slider","Yes","Female","20","Spanish",12.38555,"E 189"
"3065",189,"N","A","NQA","Q","troopleader",0.84,20,"one_slider","Yes","Female","20","Spanish",12.38555,"E 189"
"3066",189,"Y","I","YQI","Q","choreographer",0.82,21,"one_slider","Yes","Female","20","Spanish",12.38555,"E 189"
"3067",189,"Y","I","YDI","D","pilot",0.85,22,"one_slider","Yes","Female","20","Spanish",12.38555,"E 189"
"3068",189,"N","I","NDI","D","CEO",0.93,23,"one_slider","Yes","Female","20","Spanish",12.38555,"E 189"
"3069",189,"f","l","filler","i","filler2",0.21,24,"one_slider","Yes","Female","20","Spanish",12.38555,"E 189"
"3070",189,"Y","I","YDI","D","queen",0.92,25,"one_slider","Yes","Female","20","Spanish",12.38555,"E 189"
"3071",189,"f","l","filler","i","filler3",0.05,26,"one_slider","Yes","Female","20","Spanish",12.38555,"E 189"
"3072",189,"Y","I","YQI","Q","professor",0.87,27,"one_slider","Yes","Female","20","Spanish",12.38555,"E 189"
"3073",189,"N","A","NDA","D","fan",0.87,28,"one_slider","Yes","Female","20","Spanish",12.38555,"E 189"
"3074",189,"Y","I","YDI","D","pianist",0.97,29,"one_slider","Yes","Female","20","Spanish",12.38555,"E 189"
"3075",189,"N","A","NDA","D","bartender",0.95,30,"one_slider","Yes","Female","20","Spanish",12.38555,"E 189"
"3076",189,"Y","A","YQA","Q","supervisor",0.9,31,"one_slider","Yes","Female","20","Spanish",12.38555,"E 189"
"3077",189,"N","I","NQI","Q","priest",0.89,32,"one_slider","Yes","Female","20","Spanish",12.38555,"E 189"
"3078",189,"N","A","NQA","Q","nutritionist",0.09,33,"one_slider","Yes","Female","20","Spanish",12.38555,"E 189"
"3079",189,"N","I","NDI","D","stylist",0.93,34,"one_slider","Yes","Female","20","Spanish",12.38555,"E 189"
"3080",189,"Y","I","YQI","Q","scientist",0.63,35,"one_slider","Yes","Female","20","Spanish",12.38555,"E 189"
"3081",343,"","","","","",1,NA,"one_slider_practice","Yes","Female","21","Chinese, English",13.53485,"E 343"
"3082",343,"","","","","",0.66,NA,"one_slider_practice","Yes","Female","21","Chinese, English",13.53485,"E 343"
"3083",343,"N","A","NDA","D","priest",0.62,6,"one_slider","Yes","Female","21","Chinese, English",13.53485,"E 343"
"3084",343,"f","l","filler","i","filler3",0.78,7,"one_slider","Yes","Female","21","Chinese, English",13.53485,"E 343"
"3085",343,"Y","A","YDA","D","dentist",0.56,8,"one_slider","Yes","Female","21","Chinese, English",13.53485,"E 343"
"3086",343,"Y","I","YDI","D","CEO",0.23,9,"one_slider","Yes","Female","21","Chinese, English",13.53485,"E 343"
"3087",343,"Y","A","YQA","Q","supervisor",0.29,10,"one_slider","Yes","Female","21","Chinese, English",13.53485,"E 343"
"3088",343,"N","A","NDA","D","fan",0.63,11,"one_slider","Yes","Female","21","Chinese, English",13.53485,"E 343"
"3089",343,"N","A","NQA","Q","choreographer",0.47,12,"one_slider","Yes","Female","21","Chinese, English",13.53485,"E 343"
"3090",343,"Y","I","YDI","D","chef",0.61,13,"one_slider","Yes","Female","21","Chinese, English",13.53485,"E 343"
"3091",343,"Y","A","YDA","D","nutritionist",0.6,14,"one_slider","Yes","Female","21","Chinese, English",13.53485,"E 343"
"3092",343,"N","A","NQA","Q","travelagent",0.82,15,"one_slider","Yes","Female","21","Chinese, English",13.53485,"E 343"
"3093",343,"Y","I","YQI","Q","conductor",0.28,16,"one_slider","Yes","Female","21","Chinese, English",13.53485,"E 343"
"3094",343,"f","l","filler","i","filler5",0.09,17,"one_slider","Yes","Female","21","Chinese, English",13.53485,"E 343"
"3095",343,"Y","A","YQA","Q","pilot",1,18,"one_slider","Yes","Female","21","Chinese, English",13.53485,"E 343"
"3096",343,"Y","A","YQA","Q","troopleader",0.77,19,"one_slider","Yes","Female","21","Chinese, English",13.53485,"E 343"
"3097",343,"Y","I","YQI","Q","scientist",0.71,20,"one_slider","Yes","Female","21","Chinese, English",13.53485,"E 343"
"3098",343,"N","I","NDI","D","groom",1,21,"one_slider","Yes","Female","21","Chinese, English",13.53485,"E 343"
"3099",343,"N","A","NDA","D","professor",0.94,22,"one_slider","Yes","Female","21","Chinese, English",13.53485,"E 343"
"3100",343,"Y","A","YDA","D","stylist",0.84,23,"one_slider","Yes","Female","21","Chinese, English",13.53485,"E 343"
"3101",343,"Y","I","YDI","D","artist",0.33,24,"one_slider","Yes","Female","21","Chinese, English",13.53485,"E 343"
"3102",343,"f","l","filler","i","filler2",0.75,25,"one_slider","Yes","Female","21","Chinese, English",13.53485,"E 343"
"3103",343,"f","l","filler","i","filler4",0,26,"one_slider","Yes","Female","21","Chinese, English",13.53485,"E 343"
"3104",343,"Y","I","YQI","Q","bartender",0.29,27,"one_slider","Yes","Female","21","Chinese, English",13.53485,"E 343"
"3105",343,"f","l","filler","i","filler6",0.24,28,"one_slider","Yes","Female","21","Chinese, English",13.53485,"E 343"
"3106",343,"N","I","NDI","D","playwright",0.76,29,"one_slider","Yes","Female","21","Chinese, English",13.53485,"E 343"
"3107",343,"N","I","NQI","Q","queen",0.87,30,"one_slider","Yes","Female","21","Chinese, English",13.53485,"E 343"
"3108",343,"f","l","filler","i","filler1",0.98,31,"one_slider","Yes","Female","21","Chinese, English",13.53485,"E 343"
"3109",343,"N","I","NDI","D","doctor",0.81,32,"one_slider","Yes","Female","21","Chinese, English",13.53485,"E 343"
"3110",343,"N","I","NQI","Q","pianist",1,33,"one_slider","Yes","Female","21","Chinese, English",13.53485,"E 343"
"3111",343,"N","I","NQI","Q","coach",0.86,34,"one_slider","Yes","Female","21","Chinese, English",13.53485,"E 343"
"3112",343,"N","A","NQA","Q","patient",1,35,"one_slider","Yes","Female","21","Chinese, English",13.53485,"E 343"
"3113",572,"","","","","",0.04,NA,"one_slider_practice","Yes","Female","19","English",8.69176666666667,"E 572"
"3114",572,"","","","","",0.88,NA,"one_slider_practice","Yes","Female","19","English",8.69176666666667,"E 572"
"3115",572,"N","A","NDA","D","troopleader",0.72,6,"one_slider","Yes","Female","19","English",8.69176666666667,"E 572"
"3116",572,"Y","I","YDI","D","playwright",0.02,7,"one_slider","Yes","Female","19","English",8.69176666666667,"E 572"
"3117",572,"Y","A","YQA","Q","travelagent",0.13,8,"one_slider","Yes","Female","19","English",8.69176666666667,"E 572"
"3118",572,"N","A","NDA","D","doctor",0.86,9,"one_slider","Yes","Female","19","English",8.69176666666667,"E 572"
"3119",572,"Y","I","YQI","Q","coach",0.23,10,"one_slider","Yes","Female","19","English",8.69176666666667,"E 572"
"3120",572,"N","I","NDI","D","pilot",0.91,11,"one_slider","Yes","Female","19","English",8.69176666666667,"E 572"
"3121",572,"f","l","filler","i","filler2",0.49,12,"one_slider","Yes","Female","19","English",8.69176666666667,"E 572"
"3122",572,"Y","I","YQI","Q","stylist",0.13,13,"one_slider","Yes","Female","19","English",8.69176666666667,"E 572"
"3123",572,"f","l","filler","i","filler6",0.02,14,"one_slider","Yes","Female","19","English",8.69176666666667,"E 572"
"3124",572,"Y","A","YDA","D","chef",0.69,15,"one_slider","Yes","Female","19","English",8.69176666666667,"E 572"
"3125",572,"f","l","filler","i","filler1",0.88,16,"one_slider","Yes","Female","19","English",8.69176666666667,"E 572"
"3126",572,"N","I","NDI","D","nutritionist",0.84,17,"one_slider","Yes","Female","19","English",8.69176666666667,"E 572"
"3127",572,"N","I","NDI","D","queen",0.89,18,"one_slider","Yes","Female","19","English",8.69176666666667,"E 572"
"3128",572,"N","I","NQI","Q","CEO",0.67,19,"one_slider","Yes","Female","19","English",8.69176666666667,"E 572"
"3129",572,"Y","A","YDA","D","conductor",0.11,20,"one_slider","Yes","Female","19","English",8.69176666666667,"E 572"
"3130",572,"f","l","filler","i","filler5",0.07,21,"one_slider","Yes","Female","19","English",8.69176666666667,"E 572"
"3131",572,"N","A","NQA","Q","fan",0.67,22,"one_slider","Yes","Female","19","English",8.69176666666667,"E 572"
"3132",572,"Y","A","YQA","Q","supervisor",0,23,"one_slider","Yes","Female","19","English",8.69176666666667,"E 572"
"3133",572,"N","I","NQI","Q","pianist",0.6,24,"one_slider","Yes","Female","19","English",8.69176666666667,"E 572"
"3134",572,"N","A","NQA","Q","bartender",0.71,25,"one_slider","Yes","Female","19","English",8.69176666666667,"E 572"
"3135",572,"N","A","NQA","Q","artist",0.91,26,"one_slider","Yes","Female","19","English",8.69176666666667,"E 572"
"3136",572,"Y","I","YDI","D","dentist",0.27,27,"one_slider","Yes","Female","19","English",8.69176666666667,"E 572"
"3137",572,"Y","I","YQI","Q","groom",0,28,"one_slider","Yes","Female","19","English",8.69176666666667,"E 572"
"3138",572,"f","l","filler","i","filler4",0,29,"one_slider","Yes","Female","19","English",8.69176666666667,"E 572"
"3139",572,"f","l","filler","i","filler3",0.8,30,"one_slider","Yes","Female","19","English",8.69176666666667,"E 572"
"3140",572,"Y","A","YDA","D","priest",0.05,31,"one_slider","Yes","Female","19","English",8.69176666666667,"E 572"
"3141",572,"N","A","NDA","D","scientist",0.82,32,"one_slider","Yes","Female","19","English",8.69176666666667,"E 572"
"3142",572,"N","I","NQI","Q","choreographer",0.78,33,"one_slider","Yes","Female","19","English",8.69176666666667,"E 572"
"3143",572,"Y","I","YDI","D","patient",0.05,34,"one_slider","Yes","Female","19","English",8.69176666666667,"E 572"
"3144",572,"Y","A","YQA","Q","professor",0.06,35,"one_slider","Yes","Female","19","English",8.69176666666667,"E 572"
"3145",586,"","","","","",0.98,NA,"one_slider_practice","Yes","Female","22","English ",9.12131666666667,"E 586"
"3146",586,"","","","","",0.99,NA,"one_slider_practice","Yes","Female","22","English ",9.12131666666667,"E 586"
"3147",586,"N","A","NDA","D","professor",0.71,6,"one_slider","Yes","Female","22","English ",9.12131666666667,"E 586"
"3148",586,"Y","I","YQI","Q","groom",0.23,7,"one_slider","Yes","Female","22","English ",9.12131666666667,"E 586"
"3149",586,"f","l","filler","i","filler2",1,8,"one_slider","Yes","Female","22","English ",9.12131666666667,"E 586"
"3150",586,"Y","I","YDI","D","priest",0.37,9,"one_slider","Yes","Female","22","English ",9.12131666666667,"E 586"
"3151",586,"Y","A","YDA","D","nutritionist",0.73,10,"one_slider","Yes","Female","22","English ",9.12131666666667,"E 586"
"3152",586,"N","A","NQA","Q","pilot",0.62,11,"one_slider","Yes","Female","22","English ",9.12131666666667,"E 586"
"3153",586,"f","l","filler","i","filler1",1,12,"one_slider","Yes","Female","22","English ",9.12131666666667,"E 586"
"3154",586,"Y","A","YQA","Q","patient",0.42,13,"one_slider","Yes","Female","22","English ",9.12131666666667,"E 586"
"3155",586,"Y","A","YDA","D","fan",0.81,14,"one_slider","Yes","Female","22","English ",9.12131666666667,"E 586"
"3156",586,"Y","I","YQI","Q","chef",0.81,15,"one_slider","Yes","Female","22","English ",9.12131666666667,"E 586"
"3157",586,"N","I","NDI","D","playwright",0.55,16,"one_slider","Yes","Female","22","English ",9.12131666666667,"E 586"
"3158",586,"f","l","filler","i","filler3",0.96,17,"one_slider","Yes","Female","22","English ",9.12131666666667,"E 586"
"3159",586,"N","I","NDI","D","choreographer",0.57,18,"one_slider","Yes","Female","22","English ",9.12131666666667,"E 586"
"3160",586,"N","I","NDI","D","scientist",0.75,19,"one_slider","Yes","Female","22","English ",9.12131666666667,"E 586"
"3161",586,"Y","A","YQA","Q","queen",0.18,20,"one_slider","Yes","Female","22","English ",9.12131666666667,"E 586"
"3162",586,"Y","A","YQA","Q","conductor",0.23,21,"one_slider","Yes","Female","22","English ",9.12131666666667,"E 586"
"3163",586,"Y","I","YDI","D","doctor",0.8,22,"one_slider","Yes","Female","22","English ",9.12131666666667,"E 586"
"3164",586,"N","I","NQI","Q","pianist",0.88,23,"one_slider","Yes","Female","22","English ",9.12131666666667,"E 586"
"3165",586,"f","l","filler","i","filler5",0.02,24,"one_slider","Yes","Female","22","English ",9.12131666666667,"E 586"
"3166",586,"Y","I","YQI","Q","bartender",0.13,25,"one_slider","Yes","Female","22","English ",9.12131666666667,"E 586"
"3167",586,"N","I","NQI","Q","travelagent",0.93,26,"one_slider","Yes","Female","22","English ",9.12131666666667,"E 586"
"3168",586,"Y","I","YDI","D","dentist",0.82,27,"one_slider","Yes","Female","22","English ",9.12131666666667,"E 586"
"3169",586,"Y","A","YDA","D","troopleader",0.68,28,"one_slider","Yes","Female","22","English ",9.12131666666667,"E 586"
"3170",586,"N","I","NQI","Q","stylist",0.78,29,"one_slider","Yes","Female","22","English ",9.12131666666667,"E 586"
"3171",586,"N","A","NQA","Q","supervisor",0.89,30,"one_slider","Yes","Female","22","English ",9.12131666666667,"E 586"
"3172",586,"N","A","NDA","D","CEO",0.72,31,"one_slider","Yes","Female","22","English ",9.12131666666667,"E 586"
"3173",586,"N","A","NDA","D","artist",0.86,32,"one_slider","Yes","Female","22","English ",9.12131666666667,"E 586"
"3174",586,"N","A","NQA","Q","coach",0.76,33,"one_slider","Yes","Female","22","English ",9.12131666666667,"E 586"
"3175",586,"f","l","filler","i","filler4",0.15,34,"one_slider","Yes","Female","22","English ",9.12131666666667,"E 586"
"3176",586,"f","l","filler","i","filler6",0,35,"one_slider","Yes","Female","22","English ",9.12131666666667,"E 586"
"3177",569,"","","","","",0.24,NA,"one_slider_practice","Yes","Female","19","English",12.4411166666667,"E 569"
"3178",569,"","","","","",0.82,NA,"one_slider_practice","Yes","Female","19","English",12.4411166666667,"E 569"
"3179",569,"f","l","filler","i","filler2",0.03,6,"one_slider","Yes","Female","19","English",12.4411166666667,"E 569"
"3180",569,"N","I","NQI","Q","pianist",0.5,7,"one_slider","Yes","Female","19","English",12.4411166666667,"E 569"
"3181",569,"N","A","NQA","Q","supervisor",0.07,8,"one_slider","Yes","Female","19","English",12.4411166666667,"E 569"
"3182",569,"Y","A","YDA","D","priest",0.03,9,"one_slider","Yes","Female","19","English",12.4411166666667,"E 569"
"3183",569,"Y","I","YDI","D","groom",0.04,10,"one_slider","Yes","Female","19","English",12.4411166666667,"E 569"
"3184",569,"Y","A","YQA","Q","CEO",0.31,11,"one_slider","Yes","Female","19","English",12.4411166666667,"E 569"
"3185",569,"f","l","filler","i","filler1",0.12,12,"one_slider","Yes","Female","19","English",12.4411166666667,"E 569"
"3186",569,"N","A","NQA","Q","doctor",0.85,13,"one_slider","Yes","Female","19","English",12.4411166666667,"E 569"
"3187",569,"N","I","NDI","D","travelagent",0.26,14,"one_slider","Yes","Female","19","English",12.4411166666667,"E 569"
"3188",569,"f","l","filler","i","filler6",0.03,15,"one_slider","Yes","Female","19","English",12.4411166666667,"E 569"
"3189",569,"Y","I","YDI","D","scientist",0.21,16,"one_slider","Yes","Female","19","English",12.4411166666667,"E 569"
"3190",569,"N","I","NDI","D","queen",0.97,17,"one_slider","Yes","Female","19","English",12.4411166666667,"E 569"
"3191",569,"Y","I","YDI","D","coach",0.16,18,"one_slider","Yes","Female","19","English",12.4411166666667,"E 569"
"3192",569,"N","A","NDA","D","conductor",0.5,19,"one_slider","Yes","Female","19","English",12.4411166666667,"E 569"
"3193",569,"N","I","NQI","Q","fan",0.65,20,"one_slider","Yes","Female","19","English",12.4411166666667,"E 569"
"3194",569,"Y","A","YQA","Q","dentist",0.1,21,"one_slider","Yes","Female","19","English",12.4411166666667,"E 569"
"3195",569,"Y","I","YQI","Q","professor",0.38,22,"one_slider","Yes","Female","19","English",12.4411166666667,"E 569"
"3196",569,"Y","A","YDA","D","nutritionist",0.14,23,"one_slider","Yes","Female","19","English",12.4411166666667,"E 569"
"3197",569,"N","A","NDA","D","choreographer",0.66,24,"one_slider","Yes","Female","19","English",12.4411166666667,"E 569"
"3198",569,"N","A","NDA","D","artist",0.98,25,"one_slider","Yes","Female","19","English",12.4411166666667,"E 569"
"3199",569,"Y","A","YDA","D","patient",0.27,26,"one_slider","Yes","Female","19","English",12.4411166666667,"E 569"
"3200",569,"Y","I","YQI","Q","bartender",0.08,27,"one_slider","Yes","Female","19","English",12.4411166666667,"E 569"
"3201",569,"f","l","filler","i","filler5",0.03,28,"one_slider","Yes","Female","19","English",12.4411166666667,"E 569"
"3202",569,"f","l","filler","i","filler3",0.61,29,"one_slider","Yes","Female","19","English",12.4411166666667,"E 569"
"3203",569,"N","I","NQI","Q","chef",0.67,30,"one_slider","Yes","Female","19","English",12.4411166666667,"E 569"
"3204",569,"Y","A","YQA","Q","troopleader",0.07,31,"one_slider","Yes","Female","19","English",12.4411166666667,"E 569"
"3205",569,"Y","I","YQI","Q","stylist",0.05,32,"one_slider","Yes","Female","19","English",12.4411166666667,"E 569"
"3206",569,"f","l","filler","i","filler4",0,33,"one_slider","Yes","Female","19","English",12.4411166666667,"E 569"
"3207",569,"N","I","NDI","D","playwright",0.71,34,"one_slider","Yes","Female","19","English",12.4411166666667,"E 569"
"3208",569,"N","A","NQA","Q","pilot",0.75,35,"one_slider","Yes","Female","19","English",12.4411166666667,"E 569"
"3209",528,"","","","","",0.97,NA,"one_slider_practice","Yes","Female","22","English",13.8084166666667,"E 528"
"3210",528,"","","","","",1,NA,"one_slider_practice","Yes","Female","22","English",13.8084166666667,"E 528"
"3211",528,"Y","A","YDA","D","supervisor",0,6,"one_slider","Yes","Female","22","English",13.8084166666667,"E 528"
"3212",528,"Y","A","YDA","D","playwright",0.22,7,"one_slider","Yes","Female","22","English",13.8084166666667,"E 528"
"3213",528,"Y","I","YQI","Q","dentist",0.12,8,"one_slider","Yes","Female","22","English",13.8084166666667,"E 528"
"3214",528,"Y","I","YQI","Q","priest",0.29,9,"one_slider","Yes","Female","22","English",13.8084166666667,"E 528"
"3215",528,"f","l","filler","i","filler2",0.82,10,"one_slider","Yes","Female","22","English",13.8084166666667,"E 528"
"3216",528,"Y","I","YDI","D","scientist",0.21,11,"one_slider","Yes","Female","22","English",13.8084166666667,"E 528"
"3217",528,"f","l","filler","i","filler1",0.82,12,"one_slider","Yes","Female","22","English",13.8084166666667,"E 528"
"3218",528,"Y","I","YDI","D","choreographer",0.14,13,"one_slider","Yes","Female","22","English",13.8084166666667,"E 528"
"3219",528,"N","I","NQI","Q","artist",0.35,14,"one_slider","Yes","Female","22","English",13.8084166666667,"E 528"
"3220",528,"N","A","NDA","D","nutritionist",0.78,15,"one_slider","Yes","Female","22","English",13.8084166666667,"E 528"
"3221",528,"Y","A","YQA","Q","pianist",0.28,16,"one_slider","Yes","Female","22","English",13.8084166666667,"E 528"
"3222",528,"N","I","NDI","D","doctor",0.73,17,"one_slider","Yes","Female","22","English",13.8084166666667,"E 528"
"3223",528,"N","I","NDI","D","coach",0.86,18,"one_slider","Yes","Female","22","English",13.8084166666667,"E 528"
"3224",528,"Y","I","YQI","Q","conductor",0.48,19,"one_slider","Yes","Female","22","English",13.8084166666667,"E 528"
"3225",528,"f","l","filler","i","filler6",0.44,20,"one_slider","Yes","Female","22","English",13.8084166666667,"E 528"
"3226",528,"N","I","NDI","D","patient",0.89,21,"one_slider","Yes","Female","22","English",13.8084166666667,"E 528"
"3227",528,"Y","A","YDA","D","troopleader",0.27,22,"one_slider","Yes","Female","22","English",13.8084166666667,"E 528"
"3228",528,"N","A","NDA","D","chef",0.83,23,"one_slider","Yes","Female","22","English",13.8084166666667,"E 528"
"3229",528,"N","A","NQA","Q","groom",0.85,24,"one_slider","Yes","Female","22","English",13.8084166666667,"E 528"
"3230",528,"N","A","NDA","D","queen",0.11,25,"one_slider","Yes","Female","22","English",13.8084166666667,"E 528"
"3231",528,"Y","I","YDI","D","CEO",0.26,26,"one_slider","Yes","Female","22","English",13.8084166666667,"E 528"
"3232",528,"N","I","NQI","Q","fan",0.22,27,"one_slider","Yes","Female","22","English",13.8084166666667,"E 528"
"3233",528,"N","I","NQI","Q","pilot",0.83,28,"one_slider","Yes","Female","22","English",13.8084166666667,"E 528"
"3234",528,"f","l","filler","i","filler4",0.1,29,"one_slider","Yes","Female","22","English",13.8084166666667,"E 528"
"3235",528,"f","l","filler","i","filler5",0.05,30,"one_slider","Yes","Female","22","English",13.8084166666667,"E 528"
"3236",528,"f","l","filler","i","filler3",0.94,31,"one_slider","Yes","Female","22","English",13.8084166666667,"E 528"
"3237",528,"Y","A","YQA","Q","professor",0.14,32,"one_slider","Yes","Female","22","English",13.8084166666667,"E 528"
"3238",528,"N","A","NQA","Q","travelagent",0.83,33,"one_slider","Yes","Female","22","English",13.8084166666667,"E 528"
"3239",528,"N","A","NQA","Q","stylist",0.44,34,"one_slider","Yes","Female","22","English",13.8084166666667,"E 528"
"3240",528,"Y","A","YQA","Q","bartender",0.26,35,"one_slider","Yes","Female","22","English",13.8084166666667,"E 528"
"3241",392,"","","","","",0.28,NA,"one_slider_practice","Confused","Female","20","English",72.8936833333333,"E 392"
"3242",392,"","","","","",0.85,NA,"one_slider_practice","Confused","Female","20","English",72.8936833333333,"E 392"
"3243",392,"N","A","NDA","D","playwright",0.48,6,"one_slider","Confused","Female","20","English",72.8936833333333,"E 392"
"3244",392,"N","I","NQI","Q","professor",0.78,7,"one_slider","Confused","Female","20","English",72.8936833333333,"E 392"
"3245",392,"N","A","NQA","Q","nutritionist",0.34,8,"one_slider","Confused","Female","20","English",72.8936833333333,"E 392"
"3246",392,"Y","A","YDA","D","fan",0.26,9,"one_slider","Confused","Female","20","English",72.8936833333333,"E 392"
"3247",392,"f","l","filler","i","filler3",0.68,10,"one_slider","Confused","Female","20","English",72.8936833333333,"E 392"
"3248",392,"f","l","filler","i","filler5",0.18,11,"one_slider","Confused","Female","20","English",72.8936833333333,"E 392"
"3249",392,"Y","I","YQI","Q","travelagent",0.89,12,"one_slider","Confused","Female","20","English",72.8936833333333,"E 392"
"3250",392,"Y","I","YDI","D","conductor",0.24,13,"one_slider","Confused","Female","20","English",72.8936833333333,"E 392"
"3251",392,"Y","A","YQA","Q","chef",0.74,14,"one_slider","Confused","Female","20","English",72.8936833333333,"E 392"
"3252",392,"Y","A","YDA","D","troopleader",0.3,15,"one_slider","Confused","Female","20","English",72.8936833333333,"E 392"
"3253",392,"f","l","filler","i","filler2",0.85,16,"one_slider","Confused","Female","20","English",72.8936833333333,"E 392"
"3254",392,"Y","I","YQI","Q","dentist",0.91,17,"one_slider","Confused","Female","20","English",72.8936833333333,"E 392"
"3255",392,"N","A","NDA","D","supervisor",0.17,18,"one_slider","Confused","Female","20","English",72.8936833333333,"E 392"
"3256",392,"N","I","NDI","D","pianist",0.73,19,"one_slider","Confused","Female","20","English",72.8936833333333,"E 392"
"3257",392,"N","A","NDA","D","coach",0.75,20,"one_slider","Confused","Female","20","English",72.8936833333333,"E 392"
"3258",392,"Y","I","YDI","D","patient",0.82,21,"one_slider","Confused","Female","20","English",72.8936833333333,"E 392"
"3259",392,"Y","A","YQA","Q","CEO",0.87,22,"one_slider","Confused","Female","20","English",72.8936833333333,"E 392"
"3260",392,"N","I","NDI","D","scientist",0.87,23,"one_slider","Confused","Female","20","English",72.8936833333333,"E 392"
"3261",392,"f","l","filler","i","filler6",0.13,24,"one_slider","Confused","Female","20","English",72.8936833333333,"E 392"
"3262",392,"N","I","NQI","Q","bartender",0.31,25,"one_slider","Confused","Female","20","English",72.8936833333333,"E 392"
"3263",392,"Y","A","YDA","D","stylist",0.85,26,"one_slider","Confused","Female","20","English",72.8936833333333,"E 392"
"3264",392,"Y","I","YDI","D","pilot",0.86,27,"one_slider","Confused","Female","20","English",72.8936833333333,"E 392"
"3265",392,"N","A","NQA","Q","queen",0.12,28,"one_slider","Confused","Female","20","English",72.8936833333333,"E 392"
"3266",392,"f","l","filler","i","filler4",0.15,29,"one_slider","Confused","Female","20","English",72.8936833333333,"E 392"
"3267",392,"Y","I","YQI","Q","priest",0.14,30,"one_slider","Confused","Female","20","English",72.8936833333333,"E 392"
"3268",392,"Y","A","YQA","Q","artist",0.14,31,"one_slider","Confused","Female","20","English",72.8936833333333,"E 392"
"3269",392,"N","I","NDI","D","groom",0.24,32,"one_slider","Confused","Female","20","English",72.8936833333333,"E 392"
"3270",392,"f","l","filler","i","filler1",0.68,33,"one_slider","Confused","Female","20","English",72.8936833333333,"E 392"
"3271",392,"N","A","NQA","Q","choreographer",0.51,34,"one_slider","Confused","Female","20","English",72.8936833333333,"E 392"
"3272",392,"N","I","NQI","Q","doctor",0.79,35,"one_slider","Confused","Female","20","English",72.8936833333333,"E 392"
"3273",533,"","","","","",0.4,NA,"one_slider_practice","Confused","Female","20","vietnamese",2.4112,"E 533"
"3274",533,"","","","","",0.77,NA,"one_slider_practice","Confused","Female","20","vietnamese",2.4112,"E 533"
"3275",533,"Y","I","YDI","D","fan",0.64,6,"one_slider","Confused","Female","20","vietnamese",2.4112,"E 533"
"3276",533,"Y","A","YDA","D","troopleader",0.6,7,"one_slider","Confused","Female","20","vietnamese",2.4112,"E 533"
"3277",533,"N","I","NQI","Q","pianist",0.67,8,"one_slider","Confused","Female","20","vietnamese",2.4112,"E 533"
"3278",533,"Y","A","YDA","D","pilot",0.69,9,"one_slider","Confused","Female","20","vietnamese",2.4112,"E 533"
"3279",533,"Y","I","YQI","Q","bartender",0.73,10,"one_slider","Confused","Female","20","vietnamese",2.4112,"E 533"
"3280",533,"N","I","NQI","Q","dentist",0.64,11,"one_slider","Confused","Female","20","vietnamese",2.4112,"E 533"
"3281",533,"f","l","filler","i","filler3",0.75,12,"one_slider","Confused","Female","20","vietnamese",2.4112,"E 533"
"3282",533,"N","I","NDI","D","nutritionist",0.64,13,"one_slider","Confused","Female","20","vietnamese",2.4112,"E 533"
"3283",533,"Y","I","YDI","D","artist",0.63,14,"one_slider","Confused","Female","20","vietnamese",2.4112,"E 533"
"3284",533,"N","A","NDA","D","playwright",0.63,15,"one_slider","Confused","Female","20","vietnamese",2.4112,"E 533"
"3285",533,"Y","A","YQA","Q","scientist",0.36,16,"one_slider","Confused","Female","20","vietnamese",2.4112,"E 533"
"3286",533,"N","A","NDA","D","stylist",0.61,17,"one_slider","Confused","Female","20","vietnamese",2.4112,"E 533"
"3287",533,"N","I","NDI","D","professor",0.67,18,"one_slider","Confused","Female","20","vietnamese",2.4112,"E 533"
"3288",533,"f","l","filler","i","filler5",0.69,19,"one_slider","Confused","Female","20","vietnamese",2.4112,"E 533"
"3289",533,"N","A","NQA","Q","CEO",0.67,20,"one_slider","Confused","Female","20","vietnamese",2.4112,"E 533"
"3290",533,"f","l","filler","i","filler1",0.66,21,"one_slider","Confused","Female","20","vietnamese",2.4112,"E 533"
"3291",533,"f","l","filler","i","filler4",0.74,22,"one_slider","Confused","Female","20","vietnamese",2.4112,"E 533"
"3292",533,"N","I","NDI","D","priest",0.66,23,"one_slider","Confused","Female","20","vietnamese",2.4112,"E 533"
"3293",533,"N","A","NQA","Q","groom",0.74,24,"one_slider","Confused","Female","20","vietnamese",2.4112,"E 533"
"3294",533,"Y","A","YDA","D","queen",0.63,25,"one_slider","Confused","Female","20","vietnamese",2.4112,"E 533"
"3295",533,"Y","I","YDI","D","supervisor",0.61,26,"one_slider","Confused","Female","20","vietnamese",2.4112,"E 533"
"3296",533,"N","I","NQI","Q","choreographer",0.58,27,"one_slider","Confused","Female","20","vietnamese",2.4112,"E 533"
"3297",533,"N","A","NDA","D","doctor",0.66,28,"one_slider","Confused","Female","20","vietnamese",2.4112,"E 533"
"3298",533,"f","l","filler","i","filler2",0.74,29,"one_slider","Confused","Female","20","vietnamese",2.4112,"E 533"
"3299",533,"f","l","filler","i","filler6",0.62,30,"one_slider","Confused","Female","20","vietnamese",2.4112,"E 533"
"3300",533,"Y","A","YQA","Q","conductor",0.61,31,"one_slider","Confused","Female","20","vietnamese",2.4112,"E 533"
"3301",533,"Y","I","YQI","Q","coach",0.67,32,"one_slider","Confused","Female","20","vietnamese",2.4112,"E 533"
"3302",533,"Y","I","YQI","Q","travelagent",0.74,33,"one_slider","Confused","Female","20","vietnamese",2.4112,"E 533"
"3303",533,"Y","A","YQA","Q","chef",0.75,34,"one_slider","Confused","Female","20","vietnamese",2.4112,"E 533"
"3304",533,"N","A","NQA","Q","patient",0.57,35,"one_slider","Confused","Female","20","vietnamese",2.4112,"E 533"
"3305",521,"","","","","",0.35,NA,"one_slider_practice","Confused","Female","22","Vietnamese",2.735,"E 521"
"3306",521,"","","","","",0.74,NA,"one_slider_practice","Confused","Female","22","Vietnamese",2.735,"E 521"
"3307",521,"Y","A","YDA","D","professor",0.32,6,"one_slider","Confused","Female","22","Vietnamese",2.735,"E 521"
"3308",521,"f","l","filler","i","filler4",0.24,7,"one_slider","Confused","Female","22","Vietnamese",2.735,"E 521"
"3309",521,"Y","I","YQI","Q","troopleader",0.23,8,"one_slider","Confused","Female","22","Vietnamese",2.735,"E 521"
"3310",521,"f","l","filler","i","filler1",0.37,9,"one_slider","Confused","Female","22","Vietnamese",2.735,"E 521"
"3311",521,"Y","I","YDI","D","bartender",0.74,10,"one_slider","Confused","Female","22","Vietnamese",2.735,"E 521"
"3312",521,"N","A","NQA","Q","priest",0.77,11,"one_slider","Confused","Female","22","Vietnamese",2.735,"E 521"
"3313",521,"Y","A","YDA","D","nutritionist",0.76,12,"one_slider","Confused","Female","22","Vietnamese",2.735,"E 521"
"3314",521,"N","A","NDA","D","chef",0.29,13,"one_slider","Confused","Female","22","Vietnamese",2.735,"E 521"
"3315",521,"Y","I","YDI","D","coach",0.33,14,"one_slider","Confused","Female","22","Vietnamese",2.735,"E 521"
"3316",521,"N","A","NQA","Q","stylist",0.26,15,"one_slider","Confused","Female","22","Vietnamese",2.735,"E 521"
"3317",521,"N","A","NQA","Q","groom",0.73,16,"one_slider","Confused","Female","22","Vietnamese",2.735,"E 521"
"3318",521,"Y","A","YQA","Q","scientist",0.81,17,"one_slider","Confused","Female","22","Vietnamese",2.735,"E 521"
"3319",521,"N","I","NDI","D","supervisor",0.77,18,"one_slider","Confused","Female","22","Vietnamese",2.735,"E 521"
"3320",521,"Y","A","YDA","D","conductor",0.76,19,"one_slider","Confused","Female","22","Vietnamese",2.735,"E 521"
"3321",521,"f","l","filler","i","filler3",0.77,20,"one_slider","Confused","Female","22","Vietnamese",2.735,"E 521"
"3322",521,"N","I","NDI","D","choreographer",0.2,21,"one_slider","Confused","Female","22","Vietnamese",2.735,"E 521"
"3323",521,"N","I","NQI","Q","patient",0.26,22,"one_slider","Confused","Female","22","Vietnamese",2.735,"E 521"
"3324",521,"f","l","filler","i","filler6",0.77,23,"one_slider","Confused","Female","22","Vietnamese",2.735,"E 521"
"3325",521,"N","I","NDI","D","doctor",0.1,24,"one_slider","Confused","Female","22","Vietnamese",2.735,"E 521"
"3326",521,"N","I","NQI","Q","dentist",0.19,25,"one_slider","Confused","Female","22","Vietnamese",2.735,"E 521"
"3327",521,"Y","A","YQA","Q","queen",0.77,26,"one_slider","Confused","Female","22","Vietnamese",2.735,"E 521"
"3328",521,"Y","I","YQI","Q","fan",0.82,27,"one_slider","Confused","Female","22","Vietnamese",2.735,"E 521"
"3329",521,"Y","I","YDI","D","pianist",0.77,28,"one_slider","Confused","Female","22","Vietnamese",2.735,"E 521"
"3330",521,"N","A","NDA","D","artist",0.78,29,"one_slider","Confused","Female","22","Vietnamese",2.735,"E 521"
"3331",521,"N","A","NDA","D","playwright",0.8,30,"one_slider","Confused","Female","22","Vietnamese",2.735,"E 521"
"3332",521,"N","I","NQI","Q","CEO",0.82,31,"one_slider","Confused","Female","22","Vietnamese",2.735,"E 521"
"3333",521,"Y","I","YQI","Q","travelagent",0.84,32,"one_slider","Confused","Female","22","Vietnamese",2.735,"E 521"
"3334",521,"Y","A","YQA","Q","pilot",0.85,33,"one_slider","Confused","Female","22","Vietnamese",2.735,"E 521"
"3335",521,"f","l","filler","i","filler5",0.03,34,"one_slider","Confused","Female","22","Vietnamese",2.735,"E 521"
"3336",521,"f","l","filler","i","filler2",0.74,35,"one_slider","Confused","Female","22","Vietnamese",2.735,"E 521"
"3337",154,"","","","","",0.92,NA,"one_slider_practice","Confused","Female","19","",10.8086166666667,"E 154"
"3338",154,"","","","","",0.87,NA,"one_slider_practice","Confused","Female","19","",10.8086166666667,"E 154"
"3339",154,"f","l","filler","i","filler5",0.54,6,"one_slider","Confused","Female","19","",10.8086166666667,"E 154"
"3340",154,"N","I","NDI","D","troopleader",0.7,7,"one_slider","Confused","Female","19","",10.8086166666667,"E 154"
"3341",154,"Y","A","YDA","D","supervisor",0.19,8,"one_slider","Confused","Female","19","",10.8086166666667,"E 154"
"3342",154,"N","A","NQA","Q","bartender",0.6,9,"one_slider","Confused","Female","19","",10.8086166666667,"E 154"
"3343",154,"N","I","NQI","Q","artist",0.18,10,"one_slider","Confused","Female","19","",10.8086166666667,"E 154"
"3344",154,"N","A","NDA","D","playwright",0.13,11,"one_slider","Confused","Female","19","",10.8086166666667,"E 154"
"3345",154,"N","I","NQI","Q","CEO",0.2,12,"one_slider","Confused","Female","19","",10.8086166666667,"E 154"
"3346",154,"Y","A","YQA","Q","professor",0.77,13,"one_slider","Confused","Female","19","",10.8086166666667,"E 154"
"3347",154,"Y","I","YDI","D","conductor",0.18,14,"one_slider","Confused","Female","19","",10.8086166666667,"E 154"
"3348",154,"Y","A","YDA","D","choreographer",0.76,15,"one_slider","Confused","Female","19","",10.8086166666667,"E 154"
"3349",154,"f","l","filler","i","filler4",0.79,16,"one_slider","Confused","Female","19","",10.8086166666667,"E 154"
"3350",154,"Y","I","YDI","D","pilot",0.14,17,"one_slider","Confused","Female","19","",10.8086166666667,"E 154"
"3351",154,"Y","A","YDA","D","fan",0.82,18,"one_slider","Confused","Female","19","",10.8086166666667,"E 154"
"3352",154,"N","A","NDA","D","doctor",0.32,19,"one_slider","Confused","Female","19","",10.8086166666667,"E 154"
"3353",154,"f","l","filler","i","filler3",0.83,20,"one_slider","Confused","Female","19","",10.8086166666667,"E 154"
"3354",154,"f","l","filler","i","filler1",0.19,21,"one_slider","Confused","Female","19","",10.8086166666667,"E 154"
"3355",154,"N","I","NDI","D","chef",0.77,22,"one_slider","Confused","Female","19","",10.8086166666667,"E 154"
"3356",154,"Y","I","YQI","Q","scientist",0.16,23,"one_slider","Confused","Female","19","",10.8086166666667,"E 154"
"3357",154,"Y","A","YQA","Q","nutritionist",0.73,24,"one_slider","Confused","Female","19","",10.8086166666667,"E 154"
"3358",154,"N","I","NDI","D","priest",0.77,25,"one_slider","Confused","Female","19","",10.8086166666667,"E 154"
"3359",154,"Y","I","YQI","Q","travelagent",0.74,26,"one_slider","Confused","Female","19","",10.8086166666667,"E 154"
"3360",154,"Y","I","YQI","Q","queen",0.66,27,"one_slider","Confused","Female","19","",10.8086166666667,"E 154"
"3361",154,"Y","A","YQA","Q","coach",0.44,28,"one_slider","Confused","Female","19","",10.8086166666667,"E 154"
"3362",154,"N","A","NQA","Q","dentist",0.65,29,"one_slider","Confused","Female","19","",10.8086166666667,"E 154"
"3363",154,"Y","I","YDI","D","patient",0.14,30,"one_slider","Confused","Female","19","",10.8086166666667,"E 154"
"3364",154,"N","A","NDA","D","groom",0.2,31,"one_slider","Confused","Female","19","",10.8086166666667,"E 154"
"3365",154,"N","A","NQA","Q","stylist",0.62,32,"one_slider","Confused","Female","19","",10.8086166666667,"E 154"
"3366",154,"N","I","NQI","Q","pianist",0.78,33,"one_slider","Confused","Female","19","",10.8086166666667,"E 154"
"3367",154,"f","l","filler","i","filler6",0.75,34,"one_slider","Confused","Female","19","",10.8086166666667,"E 154"
"3368",154,"f","l","filler","i","filler2",0.61,35,"one_slider","Confused","Female","19","",10.8086166666667,"E 154"
"3369",491,"","","","","",0.73,NA,"one_slider_practice","Yes","Male","20","English",6.51723333333333,"E 491"
"3370",491,"","","","","",0.17,NA,"one_slider_practice","Yes","Male","20","English",6.51723333333333,"E 491"
"3371",491,"N","I","NQI","Q","travelagent",0.74,6,"one_slider","Yes","Male","20","English",6.51723333333333,"E 491"
"3372",491,"Y","A","YDA","D","bartender",0.22,7,"one_slider","Yes","Male","20","English",6.51723333333333,"E 491"
"3373",491,"N","A","NQA","Q","queen",0.9,8,"one_slider","Yes","Male","20","English",6.51723333333333,"E 491"
"3374",491,"Y","I","YQI","Q","fan",0.77,9,"one_slider","Yes","Male","20","English",6.51723333333333,"E 491"
"3375",491,"N","A","NDA","D","doctor",1,10,"one_slider","Yes","Male","20","English",6.51723333333333,"E 491"
"3376",491,"f","l","filler","i","filler1",0.96,11,"one_slider","Yes","Male","20","English",6.51723333333333,"E 491"
"3377",491,"Y","A","YQA","Q","supervisor",0,12,"one_slider","Yes","Male","20","English",6.51723333333333,"E 491"
"3378",491,"f","l","filler","i","filler5",0,13,"one_slider","Yes","Male","20","English",6.51723333333333,"E 491"
"3379",491,"f","l","filler","i","filler4",1,14,"one_slider","Yes","Male","20","English",6.51723333333333,"E 491"
"3380",491,"Y","I","YQI","Q","choreographer",0,15,"one_slider","Yes","Male","20","English",6.51723333333333,"E 491"
"3381",491,"N","I","NDI","D","priest",1,16,"one_slider","Yes","Male","20","English",6.51723333333333,"E 491"
"3382",491,"N","A","NQA","Q","artist",0.51,17,"one_slider","Yes","Male","20","English",6.51723333333333,"E 491"
"3383",491,"Y","I","YDI","D","pianist",0,18,"one_slider","Yes","Male","20","English",6.51723333333333,"E 491"
"3384",491,"Y","A","YQA","Q","conductor",0.47,19,"one_slider","Yes","Male","20","English",6.51723333333333,"E 491"
"3385",491,"N","A","NDA","D","coach",1,20,"one_slider","Yes","Male","20","English",6.51723333333333,"E 491"
"3386",491,"N","A","NQA","Q","groom",0,21,"one_slider","Yes","Male","20","English",6.51723333333333,"E 491"
"3387",491,"f","l","filler","i","filler6",0,22,"one_slider","Yes","Male","20","English",6.51723333333333,"E 491"
"3388",491,"Y","I","YQI","Q","playwright",1,23,"one_slider","Yes","Male","20","English",6.51723333333333,"E 491"
"3389",491,"N","I","NQI","Q","chef",0.3,24,"one_slider","Yes","Male","20","English",6.51723333333333,"E 491"
"3390",491,"Y","A","YQA","Q","scientist",0.07,25,"one_slider","Yes","Male","20","English",6.51723333333333,"E 491"
"3391",491,"N","I","NDI","D","stylist",0,26,"one_slider","Yes","Male","20","English",6.51723333333333,"E 491"
"3392",491,"f","l","filler","i","filler3",1,27,"one_slider","Yes","Male","20","English",6.51723333333333,"E 491"
"3393",491,"N","I","NQI","Q","professor",1,28,"one_slider","Yes","Male","20","English",6.51723333333333,"E 491"
"3394",491,"N","I","NDI","D","CEO",0.71,29,"one_slider","Yes","Male","20","English",6.51723333333333,"E 491"
"3395",491,"Y","A","YDA","D","pilot",0,30,"one_slider","Yes","Male","20","English",6.51723333333333,"E 491"
"3396",491,"Y","I","YDI","D","troopleader",0.27,31,"one_slider","Yes","Male","20","English",6.51723333333333,"E 491"
"3397",491,"Y","A","YDA","D","patient",0.06,32,"one_slider","Yes","Male","20","English",6.51723333333333,"E 491"
"3398",491,"Y","I","YDI","D","nutritionist",0.72,33,"one_slider","Yes","Male","20","English",6.51723333333333,"E 491"
"3399",491,"f","l","filler","i","filler2",1,34,"one_slider","Yes","Male","20","English",6.51723333333333,"E 491"
"3400",491,"N","A","NDA","D","dentist",1,35,"one_slider","Yes","Male","20","English",6.51723333333333,"E 491"
"3401",511,"","","","","",0.61,NA,"one_slider_practice","Yes","Female","23","English, Spanish, Romanian",7.89061666666667,"E 511"
"3402",511,"","","","","",0.87,NA,"one_slider_practice","Yes","Female","23","English, Spanish, Romanian",7.89061666666667,"E 511"
"3403",511,"Y","A","YDA","D","doctor",0.16,6,"one_slider","Yes","Female","23","English, Spanish, Romanian",7.89061666666667,"E 511"
"3404",511,"f","l","filler","i","filler6",0.11,7,"one_slider","Yes","Female","23","English, Spanish, Romanian",7.89061666666667,"E 511"
"3405",511,"N","A","NQA","Q","troopleader",0.67,8,"one_slider","Yes","Female","23","English, Spanish, Romanian",7.89061666666667,"E 511"
"3406",511,"Y","A","YQA","Q","coach",0.41,9,"one_slider","Yes","Female","23","English, Spanish, Romanian",7.89061666666667,"E 511"
"3407",511,"f","l","filler","i","filler5",0.15,10,"one_slider","Yes","Female","23","English, Spanish, Romanian",7.89061666666667,"E 511"
"3408",511,"N","I","NQI","Q","choreographer",0.92,11,"one_slider","Yes","Female","23","English, Spanish, Romanian",7.89061666666667,"E 511"
"3409",511,"Y","I","YQI","Q","CEO",0.94,12,"one_slider","Yes","Female","23","English, Spanish, Romanian",7.89061666666667,"E 511"
"3410",511,"Y","I","YQI","Q","artist",0.54,13,"one_slider","Yes","Female","23","English, Spanish, Romanian",7.89061666666667,"E 511"
"3411",511,"Y","I","YQI","Q","supervisor",0.07,14,"one_slider","Yes","Female","23","English, Spanish, Romanian",7.89061666666667,"E 511"
"3412",511,"N","I","NQI","Q","conductor",0.85,15,"one_slider","Yes","Female","23","English, Spanish, Romanian",7.89061666666667,"E 511"
"3413",511,"Y","A","YDA","D","groom",0.85,16,"one_slider","Yes","Female","23","English, Spanish, Romanian",7.89061666666667,"E 511"
"3414",511,"N","I","NDI","D","scientist",0.95,17,"one_slider","Yes","Female","23","English, Spanish, Romanian",7.89061666666667,"E 511"
"3415",511,"N","I","NQI","Q","travelagent",0.94,18,"one_slider","Yes","Female","23","English, Spanish, Romanian",7.89061666666667,"E 511"
"3416",511,"f","l","filler","i","filler3",0.93,19,"one_slider","Yes","Female","23","English, Spanish, Romanian",7.89061666666667,"E 511"
"3417",511,"Y","A","YDA","D","playwright",0.29,20,"one_slider","Yes","Female","23","English, Spanish, Romanian",7.89061666666667,"E 511"
"3418",511,"N","A","NDA","D","queen",0.85,21,"one_slider","Yes","Female","23","English, Spanish, Romanian",7.89061666666667,"E 511"
"3419",511,"f","l","filler","i","filler1",0.55,22,"one_slider","Yes","Female","23","English, Spanish, Romanian",7.89061666666667,"E 511"
"3420",511,"N","A","NQA","Q","chef",0.59,23,"one_slider","Yes","Female","23","English, Spanish, Romanian",7.89061666666667,"E 511"
"3421",511,"Y","A","YQA","Q","dentist",0.23,24,"one_slider","Yes","Female","23","English, Spanish, Romanian",7.89061666666667,"E 511"
"3422",511,"Y","A","YQA","Q","professor",0.27,25,"one_slider","Yes","Female","23","English, Spanish, Romanian",7.89061666666667,"E 511"
"3423",511,"f","l","filler","i","filler4",0.05,26,"one_slider","Yes","Female","23","English, Spanish, Romanian",7.89061666666667,"E 511"
"3424",511,"N","A","NQA","Q","nutritionist",0.11,27,"one_slider","Yes","Female","23","English, Spanish, Romanian",7.89061666666667,"E 511"
"3425",511,"N","I","NDI","D","patient",0.85,28,"one_slider","Yes","Female","23","English, Spanish, Romanian",7.89061666666667,"E 511"
"3426",511,"N","I","NDI","D","pilot",0.7,29,"one_slider","Yes","Female","23","English, Spanish, Romanian",7.89061666666667,"E 511"
"3427",511,"N","A","NDA","D","fan",0.95,30,"one_slider","Yes","Female","23","English, Spanish, Romanian",7.89061666666667,"E 511"
"3428",511,"N","A","NDA","D","stylist",0.69,31,"one_slider","Yes","Female","23","English, Spanish, Romanian",7.89061666666667,"E 511"
"3429",511,"Y","I","YDI","D","bartender",0.98,32,"one_slider","Yes","Female","23","English, Spanish, Romanian",7.89061666666667,"E 511"
"3430",511,"Y","I","YDI","D","priest",0.9,33,"one_slider","Yes","Female","23","English, Spanish, Romanian",7.89061666666667,"E 511"
"3431",511,"Y","I","YDI","D","pianist",0.12,34,"one_slider","Yes","Female","23","English, Spanish, Romanian",7.89061666666667,"E 511"
"3432",511,"f","l","filler","i","filler2",0.51,35,"one_slider","Yes","Female","23","English, Spanish, Romanian",7.89061666666667,"E 511"
"3433",578,"","","","","",0.21,NA,"one_slider_practice","Confused","Female","21","Korean",7.54675,"E 578"
"3434",578,"","","","","",0.92,NA,"one_slider_practice","Confused","Female","21","Korean",7.54675,"E 578"
"3435",578,"Y","A","YQA","Q","supervisor",0.54,6,"one_slider","Confused","Female","21","Korean",7.54675,"E 578"
"3436",578,"Y","I","YQI","Q","doctor",0.5,7,"one_slider","Confused","Female","21","Korean",7.54675,"E 578"
"3437",578,"Y","I","YDI","D","coach",0.55,8,"one_slider","Confused","Female","21","Korean",7.54675,"E 578"
"3438",578,"N","I","NDI","D","dentist",0.87,9,"one_slider","Confused","Female","21","Korean",7.54675,"E 578"
"3439",578,"Y","I","YDI","D","troopleader",0.96,10,"one_slider","Confused","Female","21","Korean",7.54675,"E 578"
"3440",578,"N","I","NQI","Q","scientist",0.88,11,"one_slider","Confused","Female","21","Korean",7.54675,"E 578"
"3441",578,"Y","I","YDI","D","patient",0.87,12,"one_slider","Confused","Female","21","Korean",7.54675,"E 578"
"3442",578,"f","l","filler","i","filler2",0.58,13,"one_slider","Confused","Female","21","Korean",7.54675,"E 578"
"3443",578,"N","A","NDA","D","playwright",0.77,14,"one_slider","Confused","Female","21","Korean",7.54675,"E 578"
"3444",578,"N","A","NQA","Q","priest",0.8,15,"one_slider","Confused","Female","21","Korean",7.54675,"E 578"
"3445",578,"Y","I","YQI","Q","choreographer",0.58,16,"one_slider","Confused","Female","21","Korean",7.54675,"E 578"
"3446",578,"f","l","filler","i","filler6",0.68,17,"one_slider","Confused","Female","21","Korean",7.54675,"E 578"
"3447",578,"f","l","filler","i","filler5",0.47,18,"one_slider","Confused","Female","21","Korean",7.54675,"E 578"
"3448",578,"N","I","NDI","D","CEO",0.7,19,"one_slider","Confused","Female","21","Korean",7.54675,"E 578"
"3449",578,"Y","A","YDA","D","queen",0.77,20,"one_slider","Confused","Female","21","Korean",7.54675,"E 578"
"3450",578,"Y","A","YQA","Q","pilot",0.95,21,"one_slider","Confused","Female","21","Korean",7.54675,"E 578"
"3451",578,"N","A","NDA","D","nutritionist",0.59,22,"one_slider","Confused","Female","21","Korean",7.54675,"E 578"
"3452",578,"N","A","NQA","Q","stylist",0.71,23,"one_slider","Confused","Female","21","Korean",7.54675,"E 578"
"3453",578,"N","I","NQI","Q","groom",0.76,24,"one_slider","Confused","Female","21","Korean",7.54675,"E 578"
"3454",578,"N","A","NDA","D","bartender",0.49,25,"one_slider","Confused","Female","21","Korean",7.54675,"E 578"
"3455",578,"f","l","filler","i","filler1",0.81,26,"one_slider","Confused","Female","21","Korean",7.54675,"E 578"
"3456",578,"Y","A","YDA","D","fan",0.71,27,"one_slider","Confused","Female","21","Korean",7.54675,"E 578"
"3457",578,"Y","I","YQI","Q","professor",0.75,28,"one_slider","Confused","Female","21","Korean",7.54675,"E 578"
"3458",578,"Y","A","YDA","D","conductor",0.67,29,"one_slider","Confused","Female","21","Korean",7.54675,"E 578"
"3459",578,"f","l","filler","i","filler3",0.2,30,"one_slider","Confused","Female","21","Korean",7.54675,"E 578"
"3460",578,"Y","A","YQA","Q","pianist",0.56,31,"one_slider","Confused","Female","21","Korean",7.54675,"E 578"
"3461",578,"N","I","NQI","Q","artist",0.87,32,"one_slider","Confused","Female","21","Korean",7.54675,"E 578"
"3462",578,"f","l","filler","i","filler4",0.71,33,"one_slider","Confused","Female","21","Korean",7.54675,"E 578"
"3463",578,"N","A","NQA","Q","chef",0.63,34,"one_slider","Confused","Female","21","Korean",7.54675,"E 578"
"3464",578,"N","I","NDI","D","travelagent",0.68,35,"one_slider","Confused","Female","21","Korean",7.54675,"E 578"
"3465",588,"","","","","",0.53,NA,"one_slider_practice","Yes","Female","20","Spanish",12.1214166666667,"E 588"
"3466",588,"","","","","",0.78,NA,"one_slider_practice","Yes","Female","20","Spanish",12.1214166666667,"E 588"
"3467",588,"Y","A","YQA","Q","conductor",0.15,6,"one_slider","Yes","Female","20","Spanish",12.1214166666667,"E 588"
"3468",588,"f","l","filler","i","filler3",0.06,7,"one_slider","Yes","Female","20","Spanish",12.1214166666667,"E 588"
"3469",588,"N","A","NDA","D","chef",0.52,8,"one_slider","Yes","Female","20","Spanish",12.1214166666667,"E 588"
"3470",588,"N","A","NQA","Q","priest",0.49,9,"one_slider","Yes","Female","20","Spanish",12.1214166666667,"E 588"
"3471",588,"Y","I","YQI","Q","supervisor",0.88,10,"one_slider","Yes","Female","20","Spanish",12.1214166666667,"E 588"
"3472",588,"Y","I","YQI","Q","groom",0.83,11,"one_slider","Yes","Female","20","Spanish",12.1214166666667,"E 588"
"3473",588,"Y","I","YQI","Q","doctor",0.82,12,"one_slider","Yes","Female","20","Spanish",12.1214166666667,"E 588"
"3474",588,"N","I","NDI","D","pianist",0.16,13,"one_slider","Yes","Female","20","Spanish",12.1214166666667,"E 588"
"3475",588,"N","I","NQI","Q","professor",0.69,14,"one_slider","Yes","Female","20","Spanish",12.1214166666667,"E 588"
"3476",588,"Y","A","YQA","Q","CEO",0.85,15,"one_slider","Yes","Female","20","Spanish",12.1214166666667,"E 588"
"3477",588,"Y","A","YQA","Q","queen",0.88,16,"one_slider","Yes","Female","20","Spanish",12.1214166666667,"E 588"
"3478",588,"N","I","NQI","Q","playwright",0.72,17,"one_slider","Yes","Female","20","Spanish",12.1214166666667,"E 588"
"3479",588,"Y","A","YDA","D","bartender",0.46,18,"one_slider","Yes","Female","20","Spanish",12.1214166666667,"E 588"
"3480",588,"Y","I","YDI","D","patient",0.89,19,"one_slider","Yes","Female","20","Spanish",12.1214166666667,"E 588"
"3481",588,"Y","A","YDA","D","coach",0.31,20,"one_slider","Yes","Female","20","Spanish",12.1214166666667,"E 588"
"3482",588,"f","l","filler","i","filler1",0.27,21,"one_slider","Yes","Female","20","Spanish",12.1214166666667,"E 588"
"3483",588,"f","l","filler","i","filler5",0.34,22,"one_slider","Yes","Female","20","Spanish",12.1214166666667,"E 588"
"3484",588,"N","A","NDA","D","pilot",0.05,23,"one_slider","Yes","Female","20","Spanish",12.1214166666667,"E 588"
"3485",588,"N","A","NQA","Q","troopleader",0.09,24,"one_slider","Yes","Female","20","Spanish",12.1214166666667,"E 588"
"3486",588,"N","I","NDI","D","nutritionist",0.08,25,"one_slider","Yes","Female","20","Spanish",12.1214166666667,"E 588"
"3487",588,"Y","A","YDA","D","stylist",0.87,26,"one_slider","Yes","Female","20","Spanish",12.1214166666667,"E 588"
"3488",588,"f","l","filler","i","filler4",0.89,27,"one_slider","Yes","Female","20","Spanish",12.1214166666667,"E 588"
"3489",588,"N","A","NQA","Q","fan",0.85,28,"one_slider","Yes","Female","20","Spanish",12.1214166666667,"E 588"
"3490",588,"f","l","filler","i","filler6",0.32,29,"one_slider","Yes","Female","20","Spanish",12.1214166666667,"E 588"
"3491",588,"N","I","NQI","Q","scientist",0.59,30,"one_slider","Yes","Female","20","Spanish",12.1214166666667,"E 588"
"3492",588,"f","l","filler","i","filler2",0.33,31,"one_slider","Yes","Female","20","Spanish",12.1214166666667,"E 588"
"3493",588,"Y","I","YDI","D","dentist",0.52,32,"one_slider","Yes","Female","20","Spanish",12.1214166666667,"E 588"
"3494",588,"Y","I","YDI","D","artist",0.71,33,"one_slider","Yes","Female","20","Spanish",12.1214166666667,"E 588"
"3495",588,"N","I","NDI","D","choreographer",0.06,34,"one_slider","Yes","Female","20","Spanish",12.1214166666667,"E 588"
"3496",588,"N","A","NDA","D","travelagent",0.58,35,"one_slider","Yes","Female","20","Spanish",12.1214166666667,"E 588"
"3497",500,"","","","","",0.95,NA,"one_slider_practice","Yes","Male","21","English",11.6838166666667,"E 500"
"3498",500,"","","","","",0.97,NA,"one_slider_practice","Yes","Male","21","English",11.6838166666667,"E 500"
"3499",500,"f","l","filler","i","filler1",0.98,6,"one_slider","Yes","Male","21","English",11.6838166666667,"E 500"
"3500",500,"Y","A","YQA","Q","pianist",0.99,7,"one_slider","Yes","Male","21","English",11.6838166666667,"E 500"
"3501",500,"f","l","filler","i","filler5",0.62,8,"one_slider","Yes","Male","21","English",11.6838166666667,"E 500"
"3502",500,"N","A","NQA","Q","professor",0.8,9,"one_slider","Yes","Male","21","English",11.6838166666667,"E 500"
"3503",500,"N","I","NQI","Q","playwright",0.94,10,"one_slider","Yes","Male","21","English",11.6838166666667,"E 500"
"3504",500,"Y","A","YDA","D","groom",0.81,11,"one_slider","Yes","Male","21","English",11.6838166666667,"E 500"
"3505",500,"Y","A","YDA","D","stylist",0.79,12,"one_slider","Yes","Male","21","English",11.6838166666667,"E 500"
"3506",500,"Y","I","YDI","D","patient",0.94,13,"one_slider","Yes","Male","21","English",11.6838166666667,"E 500"
"3507",500,"f","l","filler","i","filler2",0.33,14,"one_slider","Yes","Male","21","English",11.6838166666667,"E 500"
"3508",500,"N","I","NDI","D","scientist",0.92,15,"one_slider","Yes","Male","21","English",11.6838166666667,"E 500"
"3509",500,"Y","I","YQI","Q","fan",0.5,16,"one_slider","Yes","Male","21","English",11.6838166666667,"E 500"
"3510",500,"N","I","NQI","Q","doctor",0.84,17,"one_slider","Yes","Male","21","English",11.6838166666667,"E 500"
"3511",500,"Y","A","YQA","Q","queen",0.75,18,"one_slider","Yes","Male","21","English",11.6838166666667,"E 500"
"3512",500,"Y","I","YQI","Q","pilot",0.85,19,"one_slider","Yes","Male","21","English",11.6838166666667,"E 500"
"3513",500,"f","l","filler","i","filler3",0.7,20,"one_slider","Yes","Male","21","English",11.6838166666667,"E 500"
"3514",500,"N","I","NDI","D","CEO",0.74,21,"one_slider","Yes","Male","21","English",11.6838166666667,"E 500"
"3515",500,"Y","I","YDI","D","travelagent",0.88,22,"one_slider","Yes","Male","21","English",11.6838166666667,"E 500"
"3516",500,"N","I","NQI","Q","artist",0.82,23,"one_slider","Yes","Male","21","English",11.6838166666667,"E 500"
"3517",500,"Y","A","YQA","Q","bartender",0.9,24,"one_slider","Yes","Male","21","English",11.6838166666667,"E 500"
"3518",500,"f","l","filler","i","filler6",0.12,25,"one_slider","Yes","Male","21","English",11.6838166666667,"E 500"
"3519",500,"Y","I","YDI","D","chef",0.88,26,"one_slider","Yes","Male","21","English",11.6838166666667,"E 500"
"3520",500,"N","A","NDA","D","dentist",0.88,27,"one_slider","Yes","Male","21","English",11.6838166666667,"E 500"
"3521",500,"N","A","NQA","Q","nutritionist",0.83,28,"one_slider","Yes","Male","21","English",11.6838166666667,"E 500"
"3522",500,"N","A","NDA","D","troopleader",0.93,29,"one_slider","Yes","Male","21","English",11.6838166666667,"E 500"
"3523",500,"Y","A","YDA","D","conductor",0.22,30,"one_slider","Yes","Male","21","English",11.6838166666667,"E 500"
"3524",500,"f","l","filler","i","filler4",0.52,31,"one_slider","Yes","Male","21","English",11.6838166666667,"E 500"
"3525",500,"N","A","NDA","D","coach",0.86,32,"one_slider","Yes","Male","21","English",11.6838166666667,"E 500"
"3526",500,"Y","I","YQI","Q","priest",0.68,33,"one_slider","Yes","Male","21","English",11.6838166666667,"E 500"
"3527",500,"N","I","NDI","D","supervisor",0.76,34,"one_slider","Yes","Male","21","English",11.6838166666667,"E 500"
"3528",500,"N","A","NQA","Q","choreographer",0.77,35,"one_slider","Yes","Male","21","English",11.6838166666667,"E 500"
"3529",431,"","","","","",0.99,NA,"one_slider_practice","Yes","Male","21","English",142.554916666667,"E 431"
"3530",431,"","","","","",0.88,NA,"one_slider_practice","Yes","Male","21","English",142.554916666667,"E 431"
"3531",431,"N","I","NQI","Q","chef",0.88,6,"one_slider","Yes","Male","21","English",142.554916666667,"E 431"
"3532",431,"N","I","NQI","Q","patient",0.94,7,"one_slider","Yes","Male","21","English",142.554916666667,"E 431"
"3533",431,"f","l","filler","i","filler4",0.37,8,"one_slider","Yes","Male","21","English",142.554916666667,"E 431"
"3534",431,"N","I","NDI","D","queen",0.97,9,"one_slider","Yes","Male","21","English",142.554916666667,"E 431"
"3535",431,"N","A","NQA","Q","priest",0.87,10,"one_slider","Yes","Male","21","English",142.554916666667,"E 431"
"3536",431,"Y","I","YQI","Q","dentist",0.91,11,"one_slider","Yes","Male","21","English",142.554916666667,"E 431"
"3537",431,"Y","I","YQI","Q","artist",0.87,12,"one_slider","Yes","Male","21","English",142.554916666667,"E 431"
"3538",431,"N","A","NQA","Q","scientist",0.43,13,"one_slider","Yes","Male","21","English",142.554916666667,"E 431"
"3539",431,"Y","A","YDA","D","nutritionist",0.31,14,"one_slider","Yes","Male","21","English",142.554916666667,"E 431"
"3540",431,"Y","I","YDI","D","coach",0.51,15,"one_slider","Yes","Male","21","English",142.554916666667,"E 431"
"3541",431,"Y","A","YDA","D","conductor",0.42,16,"one_slider","Yes","Male","21","English",142.554916666667,"E 431"
"3542",431,"N","I","NQI","Q","troopleader",0.4,17,"one_slider","Yes","Male","21","English",142.554916666667,"E 431"
"3543",431,"N","I","NDI","D","supervisor",0.43,18,"one_slider","Yes","Male","21","English",142.554916666667,"E 431"
"3544",431,"Y","A","YQA","Q","playwright",0.09,19,"one_slider","Yes","Male","21","English",142.554916666667,"E 431"
"3545",431,"N","A","NDA","D","bartender",0.98,20,"one_slider","Yes","Male","21","English",142.554916666667,"E 431"
"3546",431,"N","A","NDA","D","pianist",0.94,21,"one_slider","Yes","Male","21","English",142.554916666667,"E 431"
"3547",431,"f","l","filler","i","filler2",0.63,22,"one_slider","Yes","Male","21","English",142.554916666667,"E 431"
"3548",431,"f","l","filler","i","filler5",0.21,23,"one_slider","Yes","Male","21","English",142.554916666667,"E 431"
"3549",431,"Y","I","YQI","Q","fan",0.54,24,"one_slider","Yes","Male","21","English",142.554916666667,"E 431"
"3550",431,"f","l","filler","i","filler6",0.08,25,"one_slider","Yes","Male","21","English",142.554916666667,"E 431"
"3551",431,"N","A","NDA","D","travelagent",0.79,26,"one_slider","Yes","Male","21","English",142.554916666667,"E 431"
"3552",431,"Y","I","YDI","D","groom",0.87,27,"one_slider","Yes","Male","21","English",142.554916666667,"E 431"
"3553",431,"N","A","NQA","Q","pilot",0.73,28,"one_slider","Yes","Male","21","English",142.554916666667,"E 431"
"3554",431,"f","l","filler","i","filler3",0.93,29,"one_slider","Yes","Male","21","English",142.554916666667,"E 431"
"3555",431,"Y","A","YQA","Q","stylist",0.8,30,"one_slider","Yes","Male","21","English",142.554916666667,"E 431"
"3556",431,"f","l","filler","i","filler1",0.9,31,"one_slider","Yes","Male","21","English",142.554916666667,"E 431"
"3557",431,"Y","A","YQA","Q","CEO",0.8,32,"one_slider","Yes","Male","21","English",142.554916666667,"E 431"
"3558",431,"Y","A","YDA","D","choreographer",0.89,33,"one_slider","Yes","Male","21","English",142.554916666667,"E 431"
"3559",431,"Y","I","YDI","D","professor",0.82,34,"one_slider","Yes","Male","21","English",142.554916666667,"E 431"
"3560",431,"N","I","NDI","D","doctor",0.85,35,"one_slider","Yes","Male","21","English",142.554916666667,"E 431"
"3561",171,"","","","","",0.89,NA,"one_slider_practice","Yes","Female","20","Spanish",8.0479,"E 171"
"3562",171,"","","","","",0.85,NA,"one_slider_practice","Yes","Female","20","Spanish",8.0479,"E 171"
"3563",171,"Y","I","YDI","D","coach",0.72,6,"one_slider","Yes","Female","20","Spanish",8.0479,"E 171"
"3564",171,"N","A","NQA","Q","scientist",0.88,7,"one_slider","Yes","Female","20","Spanish",8.0479,"E 171"
"3565",171,"Y","A","YQA","Q","professor",0.67,8,"one_slider","Yes","Female","20","Spanish",8.0479,"E 171"
"3566",171,"f","l","filler","i","filler6",0.33,9,"one_slider","Yes","Female","20","Spanish",8.0479,"E 171"
"3567",171,"Y","A","YDA","D","fan",0.49,10,"one_slider","Yes","Female","20","Spanish",8.0479,"E 171"
"3568",171,"f","l","filler","i","filler2",0.43,11,"one_slider","Yes","Female","20","Spanish",8.0479,"E 171"
"3569",171,"Y","A","YDA","D","supervisor",0.68,12,"one_slider","Yes","Female","20","Spanish",8.0479,"E 171"
"3570",171,"N","A","NDA","D","pilot",0.74,13,"one_slider","Yes","Female","20","Spanish",8.0479,"E 171"
"3571",171,"Y","A","YQA","Q","choreographer",0.59,14,"one_slider","Yes","Female","20","Spanish",8.0479,"E 171"
"3572",171,"N","I","NDI","D","conductor",0.69,15,"one_slider","Yes","Female","20","Spanish",8.0479,"E 171"
"3573",171,"Y","A","YDA","D","groom",0.2,16,"one_slider","Yes","Female","20","Spanish",8.0479,"E 171"
"3574",171,"f","l","filler","i","filler1",0.9,17,"one_slider","Yes","Female","20","Spanish",8.0479,"E 171"
"3575",171,"N","I","NDI","D","bartender",0.85,18,"one_slider","Yes","Female","20","Spanish",8.0479,"E 171"
"3576",171,"Y","I","YQI","Q","doctor",0.88,19,"one_slider","Yes","Female","20","Spanish",8.0479,"E 171"
"3577",171,"Y","I","YDI","D","chef",0.99,20,"one_slider","Yes","Female","20","Spanish",8.0479,"E 171"
"3578",171,"N","I","NQI","Q","artist",0.81,21,"one_slider","Yes","Female","20","Spanish",8.0479,"E 171"
"3579",171,"Y","A","YQA","Q","troopleader",0.82,22,"one_slider","Yes","Female","20","Spanish",8.0479,"E 171"
"3580",171,"N","A","NDA","D","nutritionist",0.43,23,"one_slider","Yes","Female","20","Spanish",8.0479,"E 171"
"3581",171,"N","A","NDA","D","dentist",0.08,24,"one_slider","Yes","Female","20","Spanish",8.0479,"E 171"
"3582",171,"N","I","NDI","D","queen",0.7,25,"one_slider","Yes","Female","20","Spanish",8.0479,"E 171"
"3583",171,"N","I","NQI","Q","stylist",0.97,26,"one_slider","Yes","Female","20","Spanish",8.0479,"E 171"
"3584",171,"f","l","filler","i","filler3",0.42,27,"one_slider","Yes","Female","20","Spanish",8.0479,"E 171"
"3585",171,"Y","I","YQI","Q","pianist",0.05,28,"one_slider","Yes","Female","20","Spanish",8.0479,"E 171"
"3586",171,"N","A","NQA","Q","playwright",0.35,29,"one_slider","Yes","Female","20","Spanish",8.0479,"E 171"
"3587",171,"Y","I","YDI","D","patient",0.87,30,"one_slider","Yes","Female","20","Spanish",8.0479,"E 171"
"3588",171,"N","A","NQA","Q","priest",0.84,31,"one_slider","Yes","Female","20","Spanish",8.0479,"E 171"
"3589",171,"f","l","filler","i","filler4",0.84,32,"one_slider","Yes","Female","20","Spanish",8.0479,"E 171"
"3590",171,"Y","I","YQI","Q","CEO",0.92,33,"one_slider","Yes","Female","20","Spanish",8.0479,"E 171"
"3591",171,"f","l","filler","i","filler5",0.02,34,"one_slider","Yes","Female","20","Spanish",8.0479,"E 171"
"3592",171,"N","I","NQI","Q","travelagent",0.88,35,"one_slider","Yes","Female","20","Spanish",8.0479,"E 171"
"3593",182,"","","","","",0.96,NA,"one_slider_practice","Yes","Female","20","Spanish",3.9745,"E 182"
"3594",182,"","","","","",0.96,NA,"one_slider_practice","Yes","Female","20","Spanish",3.9745,"E 182"
"3595",182,"f","l","filler","i","filler1",0.96,6,"one_slider","Yes","Female","20","Spanish",3.9745,"E 182"
"3596",182,"Y","I","YQI","Q","priest",0.95,7,"one_slider","Yes","Female","20","Spanish",3.9745,"E 182"
"3597",182,"N","A","NDA","D","conductor",0.02,8,"one_slider","Yes","Female","20","Spanish",3.9745,"E 182"
"3598",182,"N","A","NDA","D","fan",0.02,9,"one_slider","Yes","Female","20","Spanish",3.9745,"E 182"
"3599",182,"N","I","NQI","Q","supervisor",0.43,10,"one_slider","Yes","Female","20","Spanish",3.9745,"E 182"
"3600",182,"Y","A","YDA","D","doctor",0.97,11,"one_slider","Yes","Female","20","Spanish",3.9745,"E 182"
"3601",182,"Y","A","YDA","D","travelagent",0.92,12,"one_slider","Yes","Female","20","Spanish",3.9745,"E 182"
"3602",182,"Y","A","YQA","Q","pilot",0,13,"one_slider","Yes","Female","20","Spanish",3.9745,"E 182"
"3603",182,"Y","A","YQA","Q","nutritionist",0.01,14,"one_slider","Yes","Female","20","Spanish",3.9745,"E 182"
"3604",182,"N","I","NQI","Q","scientist",0.97,15,"one_slider","Yes","Female","20","Spanish",3.9745,"E 182"
"3605",182,"f","l","filler","i","filler2",0.99,16,"one_slider","Yes","Female","20","Spanish",3.9745,"E 182"
"3606",182,"Y","I","YDI","D","patient",0.98,17,"one_slider","Yes","Female","20","Spanish",3.9745,"E 182"
"3607",182,"N","A","NDA","D","dentist",0.93,18,"one_slider","Yes","Female","20","Spanish",3.9745,"E 182"
"3608",182,"f","l","filler","i","filler3",0,19,"one_slider","Yes","Female","20","Spanish",3.9745,"E 182"
"3609",182,"N","I","NQI","Q","CEO",0.97,20,"one_slider","Yes","Female","20","Spanish",3.9745,"E 182"
"3610",182,"N","A","NQA","Q","groom",0.58,21,"one_slider","Yes","Female","20","Spanish",3.9745,"E 182"
"3611",182,"N","I","NDI","D","chef",0.68,22,"one_slider","Yes","Female","20","Spanish",3.9745,"E 182"
"3612",182,"Y","A","YQA","Q","artist",0.98,23,"one_slider","Yes","Female","20","Spanish",3.9745,"E 182"
"3613",182,"Y","I","YDI","D","playwright",0.96,24,"one_slider","Yes","Female","20","Spanish",3.9745,"E 182"
"3614",182,"Y","I","YQI","Q","coach",0.97,25,"one_slider","Yes","Female","20","Spanish",3.9745,"E 182"
"3615",182,"N","I","NDI","D","bartender",0.01,26,"one_slider","Yes","Female","20","Spanish",3.9745,"E 182"
"3616",182,"N","A","NQA","Q","troopleader",0.89,27,"one_slider","Yes","Female","20","Spanish",3.9745,"E 182"
"3617",182,"f","l","filler","i","filler4",0.99,28,"one_slider","Yes","Female","20","Spanish",3.9745,"E 182"
"3618",182,"Y","I","YQI","Q","choreographer",0.02,29,"one_slider","Yes","Female","20","Spanish",3.9745,"E 182"
"3619",182,"Y","I","YDI","D","professor",0.96,30,"one_slider","Yes","Female","20","Spanish",3.9745,"E 182"
"3620",182,"N","A","NQA","Q","queen",0.95,31,"one_slider","Yes","Female","20","Spanish",3.9745,"E 182"
"3621",182,"f","l","filler","i","filler6",0.01,32,"one_slider","Yes","Female","20","Spanish",3.9745,"E 182"
"3622",182,"Y","A","YDA","D","stylist",0.94,33,"one_slider","Yes","Female","20","Spanish",3.9745,"E 182"
"3623",182,"N","I","NDI","D","pianist",0,34,"one_slider","Yes","Female","20","Spanish",3.9745,"E 182"
"3624",182,"f","l","filler","i","filler5",0,35,"one_slider","Yes","Female","20","Spanish",3.9745,"E 182"
"3625",546,"","","","","",1,NA,"one_slider_practice","Yes","Female","21","English",11.5642,"E 546"
"3626",546,"","","","","",1,NA,"one_slider_practice","Yes","Female","21","English",11.5642,"E 546"
"3627",546,"f","l","filler","i","filler4",0,6,"one_slider","Yes","Female","21","English",11.5642,"E 546"
"3628",546,"Y","I","YDI","D","groom",0.26,7,"one_slider","Yes","Female","21","English",11.5642,"E 546"
"3629",546,"f","l","filler","i","filler5",0,8,"one_slider","Yes","Female","21","English",11.5642,"E 546"
"3630",546,"Y","I","YQI","Q","artist",0.17,9,"one_slider","Yes","Female","21","English",11.5642,"E 546"
"3631",546,"Y","I","YQI","Q","scientist",0.47,10,"one_slider","Yes","Female","21","English",11.5642,"E 546"
"3632",546,"Y","A","YDA","D","professor",0.47,11,"one_slider","Yes","Female","21","English",11.5642,"E 546"
"3633",546,"Y","A","YQA","Q","bartender",0.64,12,"one_slider","Yes","Female","21","English",11.5642,"E 546"
"3634",546,"Y","I","YDI","D","queen",0.73,13,"one_slider","Yes","Female","21","English",11.5642,"E 546"
"3635",546,"f","l","filler","i","filler3",0.92,14,"one_slider","Yes","Female","21","English",11.5642,"E 546"
"3636",546,"Y","A","YQA","Q","coach",0.64,15,"one_slider","Yes","Female","21","English",11.5642,"E 546"
"3637",546,"N","I","NDI","D","nutritionist",0.74,16,"one_slider","Yes","Female","21","English",11.5642,"E 546"
"3638",546,"N","I","NQI","Q","conductor",0.74,17,"one_slider","Yes","Female","21","English",11.5642,"E 546"
"3639",546,"N","A","NQA","Q","travelagent",0.63,18,"one_slider","Yes","Female","21","English",11.5642,"E 546"
"3640",546,"N","A","NQA","Q","pianist",0.89,19,"one_slider","Yes","Female","21","English",11.5642,"E 546"
"3641",546,"Y","A","YDA","D","troopleader",0.34,20,"one_slider","Yes","Female","21","English",11.5642,"E 546"
"3642",546,"N","I","NQI","Q","dentist",0.79,21,"one_slider","Yes","Female","21","English",11.5642,"E 546"
"3643",546,"N","A","NDA","D","chef",0.89,22,"one_slider","Yes","Female","21","English",11.5642,"E 546"
"3644",546,"N","A","NDA","D","doctor",0.83,23,"one_slider","Yes","Female","21","English",11.5642,"E 546"
"3645",546,"N","I","NDI","D","choreographer",0.89,24,"one_slider","Yes","Female","21","English",11.5642,"E 546"
"3646",546,"Y","I","YQI","Q","supervisor",0.69,25,"one_slider","Yes","Female","21","English",11.5642,"E 546"
"3647",546,"Y","A","YQA","Q","stylist",0.67,26,"one_slider","Yes","Female","21","English",11.5642,"E 546"
"3648",546,"f","l","filler","i","filler1",0.86,27,"one_slider","Yes","Female","21","English",11.5642,"E 546"
"3649",546,"f","l","filler","i","filler2",0.91,28,"one_slider","Yes","Female","21","English",11.5642,"E 546"
"3650",546,"N","A","NQA","Q","playwright",0.92,29,"one_slider","Yes","Female","21","English",11.5642,"E 546"
"3651",546,"N","I","NDI","D","pilot",0.96,30,"one_slider","Yes","Female","21","English",11.5642,"E 546"
"3652",546,"N","A","NDA","D","patient",0.92,31,"one_slider","Yes","Female","21","English",11.5642,"E 546"
"3653",546,"f","l","filler","i","filler6",0.01,32,"one_slider","Yes","Female","21","English",11.5642,"E 546"
"3654",546,"Y","I","YDI","D","CEO",0.65,33,"one_slider","Yes","Female","21","English",11.5642,"E 546"
"3655",546,"Y","A","YDA","D","priest",0.82,34,"one_slider","Yes","Female","21","English",11.5642,"E 546"
"3656",546,"N","I","NQI","Q","fan",0.87,35,"one_slider","Yes","Female","21","English",11.5642,"E 546"
"3657",226,"","","","","",0.69,NA,"one_slider_practice","Yes","Male","21","english",7.28041666666667,"E 226"
"3658",226,"","","","","",0.39,NA,"one_slider_practice","Yes","Male","21","english",7.28041666666667,"E 226"
"3659",226,"N","A","NQA","Q","coach",0.36,6,"one_slider","Yes","Male","21","english",7.28041666666667,"E 226"
"3660",226,"Y","I","YDI","D","patient",0.12,7,"one_slider","Yes","Male","21","english",7.28041666666667,"E 226"
"3661",226,"Y","A","YDA","D","professor",0.19,8,"one_slider","Yes","Male","21","english",7.28041666666667,"E 226"
"3662",226,"Y","A","YQA","Q","troopleader",0.45,9,"one_slider","Yes","Male","21","english",7.28041666666667,"E 226"
"3663",226,"N","I","NQI","Q","pianist",0.3,10,"one_slider","Yes","Male","21","english",7.28041666666667,"E 226"
"3664",226,"f","l","filler","i","filler4",0.14,11,"one_slider","Yes","Male","21","english",7.28041666666667,"E 226"
"3665",226,"Y","A","YQA","Q","conductor",0.4,12,"one_slider","Yes","Male","21","english",7.28041666666667,"E 226"
"3666",226,"N","I","NDI","D","doctor",0.12,13,"one_slider","Yes","Male","21","english",7.28041666666667,"E 226"
"3667",226,"N","A","NDA","D","choreographer",0.02,14,"one_slider","Yes","Male","21","english",7.28041666666667,"E 226"
"3668",226,"f","l","filler","i","filler5",0.17,15,"one_slider","Yes","Male","21","english",7.28041666666667,"E 226"
"3669",226,"N","A","NQA","Q","travelagent",0.48,16,"one_slider","Yes","Male","21","english",7.28041666666667,"E 226"
"3670",226,"N","A","NDA","D","supervisor",0.36,17,"one_slider","Yes","Male","21","english",7.28041666666667,"E 226"
"3671",226,"Y","I","YDI","D","chef",0.25,18,"one_slider","Yes","Male","21","english",7.28041666666667,"E 226"
"3672",226,"N","I","NQI","Q","nutritionist",0.54,19,"one_slider","Yes","Male","21","english",7.28041666666667,"E 226"
"3673",226,"Y","A","YQA","Q","playwright",0.67,20,"one_slider","Yes","Male","21","english",7.28041666666667,"E 226"
"3674",226,"Y","I","YDI","D","artist",0.41,21,"one_slider","Yes","Male","21","english",7.28041666666667,"E 226"
"3675",226,"f","l","filler","i","filler1",0.68,22,"one_slider","Yes","Male","21","english",7.28041666666667,"E 226"
"3676",226,"f","l","filler","i","filler2",0.43,23,"one_slider","Yes","Male","21","english",7.28041666666667,"E 226"
"3677",226,"N","A","NQA","Q","queen",0.66,24,"one_slider","Yes","Male","21","english",7.28041666666667,"E 226"
"3678",226,"Y","A","YDA","D","stylist",0.49,25,"one_slider","Yes","Male","21","english",7.28041666666667,"E 226"
"3679",226,"N","A","NDA","D","bartender",0.42,26,"one_slider","Yes","Male","21","english",7.28041666666667,"E 226"
"3680",226,"f","l","filler","i","filler3",0.68,27,"one_slider","Yes","Male","21","english",7.28041666666667,"E 226"
"3681",226,"N","I","NQI","Q","groom",0.35,28,"one_slider","Yes","Male","21","english",7.28041666666667,"E 226"
"3682",226,"N","I","NDI","D","dentist",0.36,29,"one_slider","Yes","Male","21","english",7.28041666666667,"E 226"
"3683",226,"Y","A","YDA","D","priest",0.25,30,"one_slider","Yes","Male","21","english",7.28041666666667,"E 226"
"3684",226,"Y","I","YQI","Q","scientist",0.54,31,"one_slider","Yes","Male","21","english",7.28041666666667,"E 226"
"3685",226,"f","l","filler","i","filler6",0.52,32,"one_slider","Yes","Male","21","english",7.28041666666667,"E 226"
"3686",226,"N","I","NDI","D","pilot",0.14,33,"one_slider","Yes","Male","21","english",7.28041666666667,"E 226"
"3687",226,"Y","I","YQI","Q","fan",0.28,34,"one_slider","Yes","Male","21","english",7.28041666666667,"E 226"
"3688",226,"Y","I","YQI","Q","CEO",0.7,35,"one_slider","Yes","Male","21","english",7.28041666666667,"E 226"
"3689",454,"","","","","",0.97,NA,"one_slider_practice","Confused","Female","21","English",19.0256166666667,"E 454"
"3690",454,"","","","","",0.96,NA,"one_slider_practice","Confused","Female","21","English",19.0256166666667,"E 454"
"3691",454,"N","I","NDI","D","supervisor",0.94,6,"one_slider","Confused","Female","21","English",19.0256166666667,"E 454"
"3692",454,"N","A","NQA","Q","professor",0.99,7,"one_slider","Confused","Female","21","English",19.0256166666667,"E 454"
"3693",454,"N","A","NQA","Q","playwright",0.98,8,"one_slider","Confused","Female","21","English",19.0256166666667,"E 454"
"3694",454,"N","I","NQI","Q","priest",0.98,9,"one_slider","Confused","Female","21","English",19.0256166666667,"E 454"
"3695",454,"Y","A","YDA","D","CEO",0.65,10,"one_slider","Confused","Female","21","English",19.0256166666667,"E 454"
"3696",454,"f","l","filler","i","filler1",1,11,"one_slider","Confused","Female","21","English",19.0256166666667,"E 454"
"3697",454,"f","l","filler","i","filler5",0,12,"one_slider","Confused","Female","21","English",19.0256166666667,"E 454"
"3698",454,"Y","A","YDA","D","chef",0.62,13,"one_slider","Confused","Female","21","English",19.0256166666667,"E 454"
"3699",454,"f","l","filler","i","filler2",0.91,14,"one_slider","Confused","Female","21","English",19.0256166666667,"E 454"
"3700",454,"Y","A","YQA","Q","queen",1,15,"one_slider","Confused","Female","21","English",19.0256166666667,"E 454"
"3701",454,"Y","I","YDI","D","pilot",0.92,16,"one_slider","Confused","Female","21","English",19.0256166666667,"E 454"
"3702",454,"Y","I","YDI","D","choreographer",0.83,17,"one_slider","Confused","Female","21","English",19.0256166666667,"E 454"
"3703",454,"f","l","filler","i","filler6",0,18,"one_slider","Confused","Female","21","English",19.0256166666667,"E 454"
"3704",454,"Y","I","YQI","Q","coach",1,19,"one_slider","Confused","Female","21","English",19.0256166666667,"E 454"
"3705",454,"Y","I","YQI","Q","nutritionist",0.93,20,"one_slider","Confused","Female","21","English",19.0256166666667,"E 454"
"3706",454,"Y","I","YQI","Q","groom",0.93,21,"one_slider","Confused","Female","21","English",19.0256166666667,"E 454"
"3707",454,"f","l","filler","i","filler3",1,22,"one_slider","Confused","Female","21","English",19.0256166666667,"E 454"
"3708",454,"N","A","NDA","D","scientist",0.99,23,"one_slider","Confused","Female","21","English",19.0256166666667,"E 454"
"3709",454,"N","A","NQA","Q","patient",1,24,"one_slider","Confused","Female","21","English",19.0256166666667,"E 454"
"3710",454,"N","I","NQI","Q","artist",1,25,"one_slider","Confused","Female","21","English",19.0256166666667,"E 454"
"3711",454,"Y","A","YQA","Q","fan",1,26,"one_slider","Confused","Female","21","English",19.0256166666667,"E 454"
"3712",454,"N","A","NDA","D","dentist",0.99,27,"one_slider","Confused","Female","21","English",19.0256166666667,"E 454"
"3713",454,"N","I","NDI","D","travelagent",1,28,"one_slider","Confused","Female","21","English",19.0256166666667,"E 454"
"3714",454,"Y","I","YDI","D","conductor",0.76,29,"one_slider","Confused","Female","21","English",19.0256166666667,"E 454"
"3715",454,"N","I","NDI","D","troopleader",1,30,"one_slider","Confused","Female","21","English",19.0256166666667,"E 454"
"3716",454,"Y","A","YDA","D","doctor",0.87,31,"one_slider","Confused","Female","21","English",19.0256166666667,"E 454"
"3717",454,"N","A","NDA","D","pianist",1,32,"one_slider","Confused","Female","21","English",19.0256166666667,"E 454"
"3718",454,"Y","A","YQA","Q","stylist",0.76,33,"one_slider","Confused","Female","21","English",19.0256166666667,"E 454"
"3719",454,"f","l","filler","i","filler4",0,34,"one_slider","Confused","Female","21","English",19.0256166666667,"E 454"
"3720",454,"N","I","NQI","Q","bartender",0.86,35,"one_slider","Confused","Female","21","English",19.0256166666667,"E 454"
"3721",150,"","","","","",0.9,NA,"one_slider_practice","Yes","Female","20","Spanish",7.3262,"E 150"
"3722",150,"","","","","",0.86,NA,"one_slider_practice","Yes","Female","20","Spanish",7.3262,"E 150"
"3723",150,"Y","A","YQA","Q","stylist",0.66,6,"one_slider","Yes","Female","20","Spanish",7.3262,"E 150"
"3724",150,"Y","A","YDA","D","professor",0.41,7,"one_slider","Yes","Female","20","Spanish",7.3262,"E 150"
"3725",150,"f","l","filler","i","filler5",0.31,8,"one_slider","Yes","Female","20","Spanish",7.3262,"E 150"
"3726",150,"Y","I","YQI","Q","dentist",0.35,9,"one_slider","Yes","Female","20","Spanish",7.3262,"E 150"
"3727",150,"Y","A","YDA","D","nutritionist",0.47,10,"one_slider","Yes","Female","20","Spanish",7.3262,"E 150"
"3728",150,"Y","A","YQA","Q","patient",0.54,11,"one_slider","Yes","Female","20","Spanish",7.3262,"E 150"
"3729",150,"f","l","filler","i","filler3",0.11,12,"one_slider","Yes","Female","20","Spanish",7.3262,"E 150"
"3730",150,"N","A","NQA","Q","choreographer",0.33,13,"one_slider","Yes","Female","20","Spanish",7.3262,"E 150"
"3731",150,"N","A","NDA","D","groom",0.04,14,"one_slider","Yes","Female","20","Spanish",7.3262,"E 150"
"3732",150,"f","l","filler","i","filler2",0.25,15,"one_slider","Yes","Female","20","Spanish",7.3262,"E 150"
"3733",150,"N","A","NQA","Q","troopleader",0.42,16,"one_slider","Yes","Female","20","Spanish",7.3262,"E 150"
"3734",150,"Y","I","YDI","D","supervisor",0.68,17,"one_slider","Yes","Female","20","Spanish",7.3262,"E 150"
"3735",150,"N","A","NQA","Q","doctor",0.66,18,"one_slider","Yes","Female","20","Spanish",7.3262,"E 150"
"3736",150,"N","I","NQI","Q","travelagent",0.86,19,"one_slider","Yes","Female","20","Spanish",7.3262,"E 150"
"3737",150,"N","I","NQI","Q","playwright",0.71,20,"one_slider","Yes","Female","20","Spanish",7.3262,"E 150"
"3738",150,"f","l","filler","i","filler4",0.61,21,"one_slider","Yes","Female","20","Spanish",7.3262,"E 150"
"3739",150,"N","A","NDA","D","pilot",0.35,22,"one_slider","Yes","Female","20","Spanish",7.3262,"E 150"
"3740",150,"Y","I","YQI","Q","scientist",0.55,23,"one_slider","Yes","Female","20","Spanish",7.3262,"E 150"
"3741",150,"f","l","filler","i","filler1",0.79,24,"one_slider","Yes","Female","20","Spanish",7.3262,"E 150"
"3742",150,"Y","I","YDI","D","CEO",0.86,25,"one_slider","Yes","Female","20","Spanish",7.3262,"E 150"
"3743",150,"N","I","NQI","Q","chef",0.63,26,"one_slider","Yes","Female","20","Spanish",7.3262,"E 150"
"3744",150,"Y","I","YQI","Q","artist",0.78,27,"one_slider","Yes","Female","20","Spanish",7.3262,"E 150"
"3745",150,"Y","A","YQA","Q","fan",0.45,28,"one_slider","Yes","Female","20","Spanish",7.3262,"E 150"
"3746",150,"f","l","filler","i","filler6",0.06,29,"one_slider","Yes","Female","20","Spanish",7.3262,"E 150"
"3747",150,"N","I","NDI","D","pianist",0.09,30,"one_slider","Yes","Female","20","Spanish",7.3262,"E 150"
"3748",150,"Y","I","YDI","D","queen",0.81,31,"one_slider","Yes","Female","20","Spanish",7.3262,"E 150"
"3749",150,"N","I","NDI","D","bartender",0.7,32,"one_slider","Yes","Female","20","Spanish",7.3262,"E 150"
"3750",150,"Y","A","YDA","D","conductor",0.44,33,"one_slider","Yes","Female","20","Spanish",7.3262,"E 150"
"3751",150,"N","I","NDI","D","priest",0.82,34,"one_slider","Yes","Female","20","Spanish",7.3262,"E 150"
"3752",150,"N","A","NDA","D","coach",0.76,35,"one_slider","Yes","Female","20","Spanish",7.3262,"E 150"
"3753",142,"","","","","",0.34,NA,"one_slider_practice","Yes","Female","20","English",10.32555,"E 142"
"3754",142,"","","","","",0.85,NA,"one_slider_practice","Yes","Female","20","English",10.32555,"E 142"
"3755",142,"N","I","NDI","D","queen",0.66,6,"one_slider","Yes","Female","20","English",10.32555,"E 142"
"3756",142,"N","A","NQA","Q","pilot",0.44,7,"one_slider","Yes","Female","20","English",10.32555,"E 142"
"3757",142,"Y","A","YDA","D","groom",0.16,8,"one_slider","Yes","Female","20","English",10.32555,"E 142"
"3758",142,"N","A","NDA","D","chef",0.73,9,"one_slider","Yes","Female","20","English",10.32555,"E 142"
"3759",142,"Y","A","YDA","D","pianist",0.48,10,"one_slider","Yes","Female","20","English",10.32555,"E 142"
"3760",142,"N","A","NQA","Q","nutritionist",0.31,11,"one_slider","Yes","Female","20","English",10.32555,"E 142"
"3761",142,"N","I","NDI","D","scientist",0.88,12,"one_slider","Yes","Female","20","English",10.32555,"E 142"
"3762",142,"N","I","NQI","Q","doctor",0.69,13,"one_slider","Yes","Female","20","English",10.32555,"E 142"
"3763",142,"N","I","NQI","Q","CEO",0.82,14,"one_slider","Yes","Female","20","English",10.32555,"E 142"
"3764",142,"Y","A","YQA","Q","coach",0.45,15,"one_slider","Yes","Female","20","English",10.32555,"E 142"
"3765",142,"Y","I","YDI","D","patient",0.81,16,"one_slider","Yes","Female","20","English",10.32555,"E 142"
"3766",142,"Y","A","YQA","Q","choreographer",0.74,17,"one_slider","Yes","Female","20","English",10.32555,"E 142"
"3767",142,"Y","I","YDI","D","professor",0.4,18,"one_slider","Yes","Female","20","English",10.32555,"E 142"
"3768",142,"N","I","NDI","D","artist",0.81,19,"one_slider","Yes","Female","20","English",10.32555,"E 142"
"3769",142,"Y","I","YQI","Q","supervisor",0.67,20,"one_slider","Yes","Female","20","English",10.32555,"E 142"
"3770",142,"f","l","filler","i","filler4",0.18,21,"one_slider","Yes","Female","20","English",10.32555,"E 142"
"3771",142,"N","A","NDA","D","troopleader",0.79,22,"one_slider","Yes","Female","20","English",10.32555,"E 142"
"3772",142,"Y","I","YQI","Q","playwright",0.71,23,"one_slider","Yes","Female","20","English",10.32555,"E 142"
"3773",142,"N","I","NQI","Q","conductor",0.53,24,"one_slider","Yes","Female","20","English",10.32555,"E 142"
"3774",142,"f","l","filler","i","filler5",0.18,25,"one_slider","Yes","Female","20","English",10.32555,"E 142"
"3775",142,"f","l","filler","i","filler6",0.21,26,"one_slider","Yes","Female","20","English",10.32555,"E 142"
"3776",142,"f","l","filler","i","filler2",0.83,27,"one_slider","Yes","Female","20","English",10.32555,"E 142"
"3777",142,"N","A","NQA","Q","dentist",0.8,28,"one_slider","Yes","Female","20","English",10.32555,"E 142"
"3778",142,"Y","A","YQA","Q","priest",0.8,29,"one_slider","Yes","Female","20","English",10.32555,"E 142"
"3779",142,"Y","I","YDI","D","stylist",0.87,30,"one_slider","Yes","Female","20","English",10.32555,"E 142"
"3780",142,"N","A","NDA","D","travelagent",0.82,31,"one_slider","Yes","Female","20","English",10.32555,"E 142"
"3781",142,"f","l","filler","i","filler3",0.78,32,"one_slider","Yes","Female","20","English",10.32555,"E 142"
"3782",142,"Y","I","YQI","Q","bartender",0.82,33,"one_slider","Yes","Female","20","English",10.32555,"E 142"
"3783",142,"Y","A","YDA","D","fan",0.79,34,"one_slider","Yes","Female","20","English",10.32555,"E 142"
"3784",142,"f","l","filler","i","filler1",0.79,35,"one_slider","Yes","Female","20","English",10.32555,"E 142"
"3785",371,"","","","","",0.04,NA,"one_slider_practice","Yes","Female","19","French",7.44165,"E 371"
"3786",371,"","","","","",0.96,NA,"one_slider_practice","Yes","Female","19","French",7.44165,"E 371"
"3787",371,"Y","I","YQI","Q","artist",0.1,6,"one_slider","Yes","Female","19","French",7.44165,"E 371"
"3788",371,"N","A","NDA","D","queen",0.93,7,"one_slider","Yes","Female","19","French",7.44165,"E 371"
"3789",371,"Y","A","YQA","Q","doctor",0.92,8,"one_slider","Yes","Female","19","French",7.44165,"E 371"
"3790",371,"Y","I","YDI","D","patient",0.31,9,"one_slider","Yes","Female","19","French",7.44165,"E 371"
"3791",371,"f","l","filler","i","filler5",0.2,10,"one_slider","Yes","Female","19","French",7.44165,"E 371"
"3792",371,"f","l","filler","i","filler3",0.97,11,"one_slider","Yes","Female","19","French",7.44165,"E 371"
"3793",371,"f","l","filler","i","filler4",0.06,12,"one_slider","Yes","Female","19","French",7.44165,"E 371"
"3794",371,"N","A","NQA","Q","scientist",0.91,13,"one_slider","Yes","Female","19","French",7.44165,"E 371"
"3795",371,"Y","A","YDA","D","fan",0.43,14,"one_slider","Yes","Female","19","French",7.44165,"E 371"
"3796",371,"f","l","filler","i","filler2",0.94,15,"one_slider","Yes","Female","19","French",7.44165,"E 371"
"3797",371,"Y","A","YQA","Q","dentist",0.27,16,"one_slider","Yes","Female","19","French",7.44165,"E 371"
"3798",371,"N","A","NDA","D","bartender",0.95,17,"one_slider","Yes","Female","19","French",7.44165,"E 371"
"3799",371,"N","A","NDA","D","travelagent",0.46,18,"one_slider","Yes","Female","19","French",7.44165,"E 371"
"3800",371,"Y","A","YDA","D","pianist",0.14,19,"one_slider","Yes","Female","19","French",7.44165,"E 371"
"3801",371,"f","l","filler","i","filler6",0.19,20,"one_slider","Yes","Female","19","French",7.44165,"E 371"
"3802",371,"N","I","NDI","D","coach",0.9,21,"one_slider","Yes","Female","19","French",7.44165,"E 371"
"3803",371,"N","I","NQI","Q","playwright",0.67,22,"one_slider","Yes","Female","19","French",7.44165,"E 371"
"3804",371,"Y","I","YQI","Q","priest",0.5,23,"one_slider","Yes","Female","19","French",7.44165,"E 371"
"3805",371,"N","I","NQI","Q","groom",0.92,24,"one_slider","Yes","Female","19","French",7.44165,"E 371"
"3806",371,"N","I","NQI","Q","choreographer",0.94,25,"one_slider","Yes","Female","19","French",7.44165,"E 371"
"3807",371,"Y","A","YDA","D","supervisor",0.29,26,"one_slider","Yes","Female","19","French",7.44165,"E 371"
"3808",371,"N","I","NDI","D","pilot",1,27,"one_slider","Yes","Female","19","French",7.44165,"E 371"
"3809",371,"N","A","NQA","Q","chef",0.98,28,"one_slider","Yes","Female","19","French",7.44165,"E 371"
"3810",371,"N","A","NQA","Q","professor",0.95,29,"one_slider","Yes","Female","19","French",7.44165,"E 371"
"3811",371,"N","I","NDI","D","troopleader",0.33,30,"one_slider","Yes","Female","19","French",7.44165,"E 371"
"3812",371,"Y","A","YQA","Q","CEO",0.24,31,"one_slider","Yes","Female","19","French",7.44165,"E 371"
"3813",371,"Y","I","YDI","D","conductor",0.94,32,"one_slider","Yes","Female","19","French",7.44165,"E 371"
"3814",371,"Y","I","YQI","Q","nutritionist",0.25,33,"one_slider","Yes","Female","19","French",7.44165,"E 371"
"3815",371,"f","l","filler","i","filler1",0.92,34,"one_slider","Yes","Female","19","French",7.44165,"E 371"
"3816",371,"Y","I","YDI","D","stylist",0.49,35,"one_slider","Yes","Female","19","French",7.44165,"E 371"
"3817",239,"","","","","",0.97,NA,"one_slider_practice","Yes","Female","24","english",14.4613666666667,"E 239"
"3818",239,"","","","","",0.83,NA,"one_slider_practice","Yes","Female","24","english",14.4613666666667,"E 239"
"3819",239,"Y","A","YQA","Q","artist",0.42,6,"one_slider","Yes","Female","24","english",14.4613666666667,"E 239"
"3820",239,"N","I","NDI","D","doctor",0.87,7,"one_slider","Yes","Female","24","english",14.4613666666667,"E 239"
"3821",239,"N","I","NDI","D","pianist",0.04,8,"one_slider","Yes","Female","24","english",14.4613666666667,"E 239"
"3822",239,"Y","A","YQA","Q","stylist",0.65,9,"one_slider","Yes","Female","24","english",14.4613666666667,"E 239"
"3823",239,"N","A","NDA","D","choreographer",0.96,10,"one_slider","Yes","Female","24","english",14.4613666666667,"E 239"
"3824",239,"Y","I","YDI","D","patient",0.19,11,"one_slider","Yes","Female","24","english",14.4613666666667,"E 239"
"3825",239,"Y","I","YDI","D","CEO",0.4,12,"one_slider","Yes","Female","24","english",14.4613666666667,"E 239"
"3826",239,"N","I","NDI","D","conductor",0.76,13,"one_slider","Yes","Female","24","english",14.4613666666667,"E 239"
"3827",239,"Y","I","YQI","Q","pilot",0.32,14,"one_slider","Yes","Female","24","english",14.4613666666667,"E 239"
"3828",239,"f","l","filler","i","filler3",0.74,15,"one_slider","Yes","Female","24","english",14.4613666666667,"E 239"
"3829",239,"Y","A","YQA","Q","groom",0.43,16,"one_slider","Yes","Female","24","english",14.4613666666667,"E 239"
"3830",239,"Y","A","YDA","D","chef",0.28,17,"one_slider","Yes","Female","24","english",14.4613666666667,"E 239"
"3831",239,"f","l","filler","i","filler6",0.03,18,"one_slider","Yes","Female","24","english",14.4613666666667,"E 239"
"3832",239,"f","l","filler","i","filler4",0.04,19,"one_slider","Yes","Female","24","english",14.4613666666667,"E 239"
"3833",239,"Y","I","YQI","Q","fan",0.24,20,"one_slider","Yes","Female","24","english",14.4613666666667,"E 239"
"3834",239,"Y","A","YDA","D","coach",0.3,21,"one_slider","Yes","Female","24","english",14.4613666666667,"E 239"
"3835",239,"N","I","NQI","Q","travelagent",0.87,22,"one_slider","Yes","Female","24","english",14.4613666666667,"E 239"
"3836",239,"f","l","filler","i","filler2",0.9,23,"one_slider","Yes","Female","24","english",14.4613666666667,"E 239"
"3837",239,"N","A","NQA","Q","playwright",0.85,24,"one_slider","Yes","Female","24","english",14.4613666666667,"E 239"
"3838",239,"N","A","NDA","D","dentist",0.72,25,"one_slider","Yes","Female","24","english",14.4613666666667,"E 239"
"3839",239,"Y","A","YDA","D","scientist",0.44,26,"one_slider","Yes","Female","24","english",14.4613666666667,"E 239"
"3840",239,"N","A","NDA","D","supervisor",0.74,27,"one_slider","Yes","Female","24","english",14.4613666666667,"E 239"
"3841",239,"N","I","NQI","Q","bartender",0.94,28,"one_slider","Yes","Female","24","english",14.4613666666667,"E 239"
"3842",239,"N","A","NQA","Q","troopleader",0.83,29,"one_slider","Yes","Female","24","english",14.4613666666667,"E 239"
"3843",239,"f","l","filler","i","filler1",0.32,30,"one_slider","Yes","Female","24","english",14.4613666666667,"E 239"
"3844",239,"f","l","filler","i","filler5",0.05,31,"one_slider","Yes","Female","24","english",14.4613666666667,"E 239"
"3845",239,"N","I","NQI","Q","priest",0.85,32,"one_slider","Yes","Female","24","english",14.4613666666667,"E 239"
"3846",239,"Y","I","YQI","Q","queen",0.8,33,"one_slider","Yes","Female","24","english",14.4613666666667,"E 239"
"3847",239,"N","A","NQA","Q","nutritionist",0.65,34,"one_slider","Yes","Female","24","english",14.4613666666667,"E 239"
"3848",239,"Y","I","YDI","D","professor",0.47,35,"one_slider","Yes","Female","24","english",14.4613666666667,"E 239"
"3849",391,"","","","","",0.89,NA,"one_slider_practice","No","Male","21","cantonese",6.92663333333333,"E 391"
"3850",391,"","","","","",0.83,NA,"one_slider_practice","No","Male","21","cantonese",6.92663333333333,"E 391"
"3851",391,"Y","A","YQA","Q","playwright",0.28,6,"one_slider","No","Male","21","cantonese",6.92663333333333,"E 391"
"3852",391,"f","l","filler","i","filler4",0.87,7,"one_slider","No","Male","21","cantonese",6.92663333333333,"E 391"
"3853",391,"f","l","filler","i","filler6",0.05,8,"one_slider","No","Male","21","cantonese",6.92663333333333,"E 391"
"3854",391,"f","l","filler","i","filler2",0.93,9,"one_slider","No","Male","21","cantonese",6.92663333333333,"E 391"
"3855",391,"Y","I","YDI","D","stylist",0.16,10,"one_slider","No","Male","21","cantonese",6.92663333333333,"E 391"
"3856",391,"N","A","NDA","D","pilot",0.9,11,"one_slider","No","Male","21","cantonese",6.92663333333333,"E 391"
"3857",391,"N","I","NDI","D","professor",0.41,12,"one_slider","No","Male","21","cantonese",6.92663333333333,"E 391"
"3858",391,"N","A","NQA","Q","choreographer",0.53,13,"one_slider","No","Male","21","cantonese",6.92663333333333,"E 391"
"3859",391,"Y","A","YQA","Q","artist",0.53,14,"one_slider","No","Male","21","cantonese",6.92663333333333,"E 391"
"3860",391,"f","l","filler","i","filler3",1,15,"one_slider","No","Male","21","cantonese",6.92663333333333,"E 391"
"3861",391,"N","I","NQI","Q","scientist",0.68,16,"one_slider","No","Male","21","cantonese",6.92663333333333,"E 391"
"3862",391,"N","A","NDA","D","troopleader",0.57,17,"one_slider","No","Male","21","cantonese",6.92663333333333,"E 391"
"3863",391,"Y","I","YQI","Q","chef",0.4,18,"one_slider","No","Male","21","cantonese",6.92663333333333,"E 391"
"3864",391,"Y","A","YDA","D","patient",0.41,19,"one_slider","No","Male","21","cantonese",6.92663333333333,"E 391"
"3865",391,"Y","A","YDA","D","coach",0.69,20,"one_slider","No","Male","21","cantonese",6.92663333333333,"E 391"
"3866",391,"f","l","filler","i","filler1",0.53,21,"one_slider","No","Male","21","cantonese",6.92663333333333,"E 391"
"3867",391,"Y","A","YQA","Q","conductor",0.36,22,"one_slider","No","Male","21","cantonese",6.92663333333333,"E 391"
"3868",391,"N","A","NDA","D","bartender",0.45,23,"one_slider","No","Male","21","cantonese",6.92663333333333,"E 391"
"3869",391,"N","I","NDI","D","fan",0.33,24,"one_slider","No","Male","21","cantonese",6.92663333333333,"E 391"
"3870",391,"Y","I","YDI","D","priest",0.24,25,"one_slider","No","Male","21","cantonese",6.92663333333333,"E 391"
"3871",391,"f","l","filler","i","filler5",0.25,26,"one_slider","No","Male","21","cantonese",6.92663333333333,"E 391"
"3872",391,"N","I","NDI","D","CEO",0.73,27,"one_slider","No","Male","21","cantonese",6.92663333333333,"E 391"
"3873",391,"N","I","NQI","Q","supervisor",0.8,28,"one_slider","No","Male","21","cantonese",6.92663333333333,"E 391"
"3874",391,"N","A","NQA","Q","pianist",0.67,29,"one_slider","No","Male","21","cantonese",6.92663333333333,"E 391"
"3875",391,"Y","I","YQI","Q","doctor",0.18,30,"one_slider","No","Male","21","cantonese",6.92663333333333,"E 391"
"3876",391,"Y","I","YDI","D","travelagent",0.31,31,"one_slider","No","Male","21","cantonese",6.92663333333333,"E 391"
"3877",391,"Y","I","YQI","Q","dentist",0.21,32,"one_slider","No","Male","21","cantonese",6.92663333333333,"E 391"
"3878",391,"N","A","NQA","Q","groom",0.32,33,"one_slider","No","Male","21","cantonese",6.92663333333333,"E 391"
"3879",391,"Y","A","YDA","D","queen",0.69,34,"one_slider","No","Male","21","cantonese",6.92663333333333,"E 391"
"3880",391,"N","I","NQI","Q","nutritionist",0.68,35,"one_slider","No","Male","21","cantonese",6.92663333333333,"E 391"
"3881",589,"","","","","",0.94,NA,"one_slider_practice","Confused","Female","20","English, Mandarin",4.89826666666667,"E 589"
"3882",589,"","","","","",0.94,NA,"one_slider_practice","Confused","Female","20","English, Mandarin",4.89826666666667,"E 589"
"3883",589,"Y","A","YDA","D","patient",0.98,6,"one_slider","Confused","Female","20","English, Mandarin",4.89826666666667,"E 589"
"3884",589,"N","A","NDA","D","priest",0.99,7,"one_slider","Confused","Female","20","English, Mandarin",4.89826666666667,"E 589"
"3885",589,"f","l","filler","i","filler3",0.96,8,"one_slider","Confused","Female","20","English, Mandarin",4.89826666666667,"E 589"
"3886",589,"Y","A","YQA","Q","chef",0.96,9,"one_slider","Confused","Female","20","English, Mandarin",4.89826666666667,"E 589"
"3887",589,"Y","I","YQI","Q","nutritionist",0.66,10,"one_slider","Confused","Female","20","English, Mandarin",4.89826666666667,"E 589"
"3888",589,"Y","I","YQI","Q","scientist",0.99,11,"one_slider","Confused","Female","20","English, Mandarin",4.89826666666667,"E 589"
"3889",589,"N","A","NQA","Q","groom",0.98,12,"one_slider","Confused","Female","20","English, Mandarin",4.89826666666667,"E 589"
"3890",589,"f","l","filler","i","filler5",0.25,13,"one_slider","Confused","Female","20","English, Mandarin",4.89826666666667,"E 589"
"3891",589,"N","A","NDA","D","conductor",0.97,14,"one_slider","Confused","Female","20","English, Mandarin",4.89826666666667,"E 589"
"3892",589,"N","I","NDI","D","travelagent",0.73,15,"one_slider","Confused","Female","20","English, Mandarin",4.89826666666667,"E 589"
"3893",589,"N","I","NQI","Q","troopleader",0.78,16,"one_slider","Confused","Female","20","English, Mandarin",4.89826666666667,"E 589"
"3894",589,"f","l","filler","i","filler6",0.09,17,"one_slider","Confused","Female","20","English, Mandarin",4.89826666666667,"E 589"
"3895",589,"N","A","NQA","Q","pilot",0.88,18,"one_slider","Confused","Female","20","English, Mandarin",4.89826666666667,"E 589"
"3896",589,"f","l","filler","i","filler1",0.85,19,"one_slider","Confused","Female","20","English, Mandarin",4.89826666666667,"E 589"
"3897",589,"Y","I","YDI","D","artist",0.93,20,"one_slider","Confused","Female","20","English, Mandarin",4.89826666666667,"E 589"
"3898",589,"N","A","NQA","Q","coach",0.85,21,"one_slider","Confused","Female","20","English, Mandarin",4.89826666666667,"E 589"
"3899",589,"N","A","NDA","D","dentist",0.82,22,"one_slider","Confused","Female","20","English, Mandarin",4.89826666666667,"E 589"
"3900",589,"Y","A","YDA","D","fan",0.75,23,"one_slider","Confused","Female","20","English, Mandarin",4.89826666666667,"E 589"
"3901",589,"f","l","filler","i","filler2",1,24,"one_slider","Confused","Female","20","English, Mandarin",4.89826666666667,"E 589"
"3902",589,"N","I","NQI","Q","doctor",0.84,25,"one_slider","Confused","Female","20","English, Mandarin",4.89826666666667,"E 589"
"3903",589,"N","I","NDI","D","professor",0.94,26,"one_slider","Confused","Female","20","English, Mandarin",4.89826666666667,"E 589"
"3904",589,"Y","A","YQA","Q","choreographer",0.06,27,"one_slider","Confused","Female","20","English, Mandarin",4.89826666666667,"E 589"
"3905",589,"N","I","NQI","Q","stylist",0.73,28,"one_slider","Confused","Female","20","English, Mandarin",4.89826666666667,"E 589"
"3906",589,"Y","I","YQI","Q","queen",0.7,29,"one_slider","Confused","Female","20","English, Mandarin",4.89826666666667,"E 589"
"3907",589,"Y","A","YQA","Q","bartender",0.85,30,"one_slider","Confused","Female","20","English, Mandarin",4.89826666666667,"E 589"
"3908",589,"Y","A","YDA","D","supervisor",0.86,31,"one_slider","Confused","Female","20","English, Mandarin",4.89826666666667,"E 589"
"3909",589,"Y","I","YDI","D","CEO",0.16,32,"one_slider","Confused","Female","20","English, Mandarin",4.89826666666667,"E 589"
"3910",589,"f","l","filler","i","filler4",0.12,33,"one_slider","Confused","Female","20","English, Mandarin",4.89826666666667,"E 589"
"3911",589,"N","I","NDI","D","playwright",0.8,34,"one_slider","Confused","Female","20","English, Mandarin",4.89826666666667,"E 589"
"3912",589,"Y","I","YDI","D","pianist",0.24,35,"one_slider","Confused","Female","20","English, Mandarin",4.89826666666667,"E 589"
"3913",245,"","","","","",0.67,NA,"one_slider_practice","Yes","Female","20","English ",21.1069333333333,"E 245"
"3914",245,"","","","","",0.95,NA,"one_slider_practice","Yes","Female","20","English ",21.1069333333333,"E 245"
"3915",245,"Y","I","YQI","Q","groom",0.2,6,"one_slider","Yes","Female","20","English ",21.1069333333333,"E 245"
"3916",245,"N","A","NDA","D","supervisor",0.62,7,"one_slider","Yes","Female","20","English ",21.1069333333333,"E 245"
"3917",245,"N","A","NQA","Q","coach",0.8,8,"one_slider","Yes","Female","20","English ",21.1069333333333,"E 245"
"3918",245,"N","I","NDI","D","pilot",0.22,9,"one_slider","Yes","Female","20","English ",21.1069333333333,"E 245"
"3919",245,"Y","A","YDA","D","playwright",0.65,10,"one_slider","Yes","Female","20","English ",21.1069333333333,"E 245"
"3920",245,"Y","I","YDI","D","pianist",0.12,11,"one_slider","Yes","Female","20","English ",21.1069333333333,"E 245"
"3921",245,"N","A","NDA","D","stylist",0.84,12,"one_slider","Yes","Female","20","English ",21.1069333333333,"E 245"
"3922",245,"N","A","NQA","Q","choreographer",0.31,13,"one_slider","Yes","Female","20","English ",21.1069333333333,"E 245"
"3923",245,"f","l","filler","i","filler2",0.28,14,"one_slider","Yes","Female","20","English ",21.1069333333333,"E 245"
"3924",245,"f","l","filler","i","filler3",0.41,15,"one_slider","Yes","Female","20","English ",21.1069333333333,"E 245"
"3925",245,"N","I","NDI","D","dentist",0.75,16,"one_slider","Yes","Female","20","English ",21.1069333333333,"E 245"
"3926",245,"Y","A","YQA","Q","artist",0.31,17,"one_slider","Yes","Female","20","English ",21.1069333333333,"E 245"
"3927",245,"f","l","filler","i","filler6",0.22,18,"one_slider","Yes","Female","20","English ",21.1069333333333,"E 245"
"3928",245,"N","A","NQA","Q","patient",0.39,19,"one_slider","Yes","Female","20","English ",21.1069333333333,"E 245"
"3929",245,"Y","A","YQA","Q","priest",0.8,20,"one_slider","Yes","Female","20","English ",21.1069333333333,"E 245"
"3930",245,"Y","I","YDI","D","chef",0.97,21,"one_slider","Yes","Female","20","English ",21.1069333333333,"E 245"
"3931",245,"f","l","filler","i","filler1",0.85,22,"one_slider","Yes","Female","20","English ",21.1069333333333,"E 245"
"3932",245,"N","I","NQI","Q","troopleader",0.31,23,"one_slider","Yes","Female","20","English ",21.1069333333333,"E 245"
"3933",245,"Y","A","YDA","D","scientist",0.77,24,"one_slider","Yes","Female","20","English ",21.1069333333333,"E 245"
"3934",245,"Y","A","YDA","D","bartender",0.83,25,"one_slider","Yes","Female","20","English ",21.1069333333333,"E 245"
"3935",245,"f","l","filler","i","filler5",0.25,26,"one_slider","Yes","Female","20","English ",21.1069333333333,"E 245"
"3936",245,"Y","I","YDI","D","travelagent",0.84,27,"one_slider","Yes","Female","20","English ",21.1069333333333,"E 245"
"3937",245,"Y","I","YQI","Q","professor",0.23,28,"one_slider","Yes","Female","20","English ",21.1069333333333,"E 245"
"3938",245,"N","I","NDI","D","conductor",0.74,29,"one_slider","Yes","Female","20","English ",21.1069333333333,"E 245"
"3939",245,"N","I","NQI","Q","doctor",0.27,30,"one_slider","Yes","Female","20","English ",21.1069333333333,"E 245"
"3940",245,"N","I","NQI","Q","fan",0.35,31,"one_slider","Yes","Female","20","English ",21.1069333333333,"E 245"
"3941",245,"Y","I","YQI","Q","nutritionist",0.32,32,"one_slider","Yes","Female","20","English ",21.1069333333333,"E 245"
"3942",245,"N","A","NDA","D","queen",0.76,33,"one_slider","Yes","Female","20","English ",21.1069333333333,"E 245"
"3943",245,"f","l","filler","i","filler4",0.2,34,"one_slider","Yes","Female","20","English ",21.1069333333333,"E 245"
"3944",245,"Y","A","YQA","Q","CEO",0.65,35,"one_slider","Yes","Female","20","English ",21.1069333333333,"E 245"
"3945",292,"","","","","",0.94,NA,"one_slider_practice","Yes","Female","21","English",14.1657166666667,"E 292"
"3946",292,"","","","","",0.98,NA,"one_slider_practice","Yes","Female","21","English",14.1657166666667,"E 292"
"3947",292,"N","A","NQA","Q","priest",0.72,6,"one_slider","Yes","Female","21","English",14.1657166666667,"E 292"
"3948",292,"Y","I","YQI","Q","pianist",0.42,7,"one_slider","Yes","Female","21","English",14.1657166666667,"E 292"
"3949",292,"N","I","NQI","Q","CEO",0.63,8,"one_slider","Yes","Female","21","English",14.1657166666667,"E 292"
"3950",292,"N","I","NDI","D","patient",0.82,9,"one_slider","Yes","Female","21","English",14.1657166666667,"E 292"
"3951",292,"N","A","NQA","Q","playwright",0.28,10,"one_slider","Yes","Female","21","English",14.1657166666667,"E 292"
"3952",292,"f","l","filler","i","filler4",0.24,11,"one_slider","Yes","Female","21","English",14.1657166666667,"E 292"
"3953",292,"f","l","filler","i","filler3",0.84,12,"one_slider","Yes","Female","21","English",14.1657166666667,"E 292"
"3954",292,"Y","A","YDA","D","troopleader",0.59,13,"one_slider","Yes","Female","21","English",14.1657166666667,"E 292"
"3955",292,"N","I","NDI","D","professor",0.75,14,"one_slider","Yes","Female","21","English",14.1657166666667,"E 292"
"3956",292,"N","A","NQA","Q","conductor",0.83,15,"one_slider","Yes","Female","21","English",14.1657166666667,"E 292"
"3957",292,"Y","A","YQA","Q","supervisor",0.39,16,"one_slider","Yes","Female","21","English",14.1657166666667,"E 292"
"3958",292,"N","I","NDI","D","choreographer",0.6,17,"one_slider","Yes","Female","21","English",14.1657166666667,"E 292"
"3959",292,"Y","A","YDA","D","doctor",0.45,18,"one_slider","Yes","Female","21","English",14.1657166666667,"E 292"
"3960",292,"Y","I","YDI","D","queen",0.83,19,"one_slider","Yes","Female","21","English",14.1657166666667,"E 292"
"3961",292,"Y","A","YQA","Q","groom",0.61,20,"one_slider","Yes","Female","21","English",14.1657166666667,"E 292"
"3962",292,"f","l","filler","i","filler5",0.24,21,"one_slider","Yes","Female","21","English",14.1657166666667,"E 292"
"3963",292,"f","l","filler","i","filler6",0.33,22,"one_slider","Yes","Female","21","English",14.1657166666667,"E 292"
"3964",292,"Y","I","YQI","Q","dentist",0.55,23,"one_slider","Yes","Female","21","English",14.1657166666667,"E 292"
"3965",292,"N","I","NQI","Q","fan",0.65,24,"one_slider","Yes","Female","21","English",14.1657166666667,"E 292"
"3966",292,"f","l","filler","i","filler1",0.66,25,"one_slider","Yes","Female","21","English",14.1657166666667,"E 292"
"3967",292,"N","A","NDA","D","coach",0.66,26,"one_slider","Yes","Female","21","English",14.1657166666667,"E 292"
"3968",292,"N","I","NQI","Q","chef",0.78,27,"one_slider","Yes","Female","21","English",14.1657166666667,"E 292"
"3969",292,"N","A","NDA","D","nutritionist",0.65,28,"one_slider","Yes","Female","21","English",14.1657166666667,"E 292"
"3970",292,"Y","I","YDI","D","artist",0.46,29,"one_slider","Yes","Female","21","English",14.1657166666667,"E 292"
"3971",292,"N","A","NDA","D","scientist",0.71,30,"one_slider","Yes","Female","21","English",14.1657166666667,"E 292"
"3972",292,"f","l","filler","i","filler2",0.62,31,"one_slider","Yes","Female","21","English",14.1657166666667,"E 292"
"3973",292,"Y","I","YDI","D","bartender",0.47,32,"one_slider","Yes","Female","21","English",14.1657166666667,"E 292"
"3974",292,"Y","A","YQA","Q","travelagent",0.56,33,"one_slider","Yes","Female","21","English",14.1657166666667,"E 292"
"3975",292,"Y","I","YQI","Q","stylist",0.62,34,"one_slider","Yes","Female","21","English",14.1657166666667,"E 292"
"3976",292,"Y","A","YDA","D","pilot",0.35,35,"one_slider","Yes","Female","21","English",14.1657166666667,"E 292"
"3977",275,"","","","","",0.8,NA,"one_slider_practice","Yes","Other","26","Bahasa Indonesia, English",17.3528333333333,"E 275"
"3978",275,"","","","","",0.83,NA,"one_slider_practice","Yes","Other","26","Bahasa Indonesia, English",17.3528333333333,"E 275"
"3979",275,"Y","A","YDA","D","playwright",0.86,6,"one_slider","Yes","Other","26","Bahasa Indonesia, English",17.3528333333333,"E 275"
"3980",275,"N","I","NDI","D","bartender",0.92,7,"one_slider","Yes","Other","26","Bahasa Indonesia, English",17.3528333333333,"E 275"
"3981",275,"Y","I","YQI","Q","artist",0.36,8,"one_slider","Yes","Other","26","Bahasa Indonesia, English",17.3528333333333,"E 275"
"3982",275,"Y","I","YDI","D","CEO",0.08,9,"one_slider","Yes","Other","26","Bahasa Indonesia, English",17.3528333333333,"E 275"
"3983",275,"f","l","filler","i","filler4",0,10,"one_slider","Yes","Other","26","Bahasa Indonesia, English",17.3528333333333,"E 275"
"3984",275,"N","I","NQI","Q","choreographer",0.6,11,"one_slider","Yes","Other","26","Bahasa Indonesia, English",17.3528333333333,"E 275"
"3985",275,"N","I","NQI","Q","coach",0.73,12,"one_slider","Yes","Other","26","Bahasa Indonesia, English",17.3528333333333,"E 275"
"3986",275,"Y","I","YQI","Q","stylist",0.13,13,"one_slider","Yes","Other","26","Bahasa Indonesia, English",17.3528333333333,"E 275"
"3987",275,"N","A","NDA","D","supervisor",0.35,14,"one_slider","Yes","Other","26","Bahasa Indonesia, English",17.3528333333333,"E 275"
"3988",275,"N","I","NDI","D","priest",0.83,15,"one_slider","Yes","Other","26","Bahasa Indonesia, English",17.3528333333333,"E 275"
"3989",275,"Y","A","YDA","D","professor",0,16,"one_slider","Yes","Other","26","Bahasa Indonesia, English",17.3528333333333,"E 275"
"3990",275,"N","A","NDA","D","travelagent",1,17,"one_slider","Yes","Other","26","Bahasa Indonesia, English",17.3528333333333,"E 275"
"3991",275,"f","l","filler","i","filler6",0,18,"one_slider","Yes","Other","26","Bahasa Indonesia, English",17.3528333333333,"E 275"
"3992",275,"N","I","NDI","D","pilot",0.46,19,"one_slider","Yes","Other","26","Bahasa Indonesia, English",17.3528333333333,"E 275"
"3993",275,"f","l","filler","i","filler3",1,20,"one_slider","Yes","Other","26","Bahasa Indonesia, English",17.3528333333333,"E 275"
"3994",275,"Y","A","YQA","Q","pianist",0.09,21,"one_slider","Yes","Other","26","Bahasa Indonesia, English",17.3528333333333,"E 275"
"3995",275,"Y","A","YDA","D","patient",0.1,22,"one_slider","Yes","Other","26","Bahasa Indonesia, English",17.3528333333333,"E 275"
"3996",275,"Y","I","YDI","D","conductor",0.06,23,"one_slider","Yes","Other","26","Bahasa Indonesia, English",17.3528333333333,"E 275"
"3997",275,"N","A","NQA","Q","doctor",0.8,24,"one_slider","Yes","Other","26","Bahasa Indonesia, English",17.3528333333333,"E 275"
"3998",275,"N","I","NQI","Q","queen",0.83,25,"one_slider","Yes","Other","26","Bahasa Indonesia, English",17.3528333333333,"E 275"
"3999",275,"Y","I","YDI","D","nutritionist",0.35,26,"one_slider","Yes","Other","26","Bahasa Indonesia, English",17.3528333333333,"E 275"
"4000",275,"N","A","NDA","D","groom",0.75,27,"one_slider","Yes","Other","26","Bahasa Indonesia, English",17.3528333333333,"E 275"
"4001",275,"f","l","filler","i","filler1",0.87,28,"one_slider","Yes","Other","26","Bahasa Indonesia, English",17.3528333333333,"E 275"
"4002",275,"Y","A","YQA","Q","troopleader",0.08,29,"one_slider","Yes","Other","26","Bahasa Indonesia, English",17.3528333333333,"E 275"
"4003",275,"N","A","NQA","Q","fan",0.74,30,"one_slider","Yes","Other","26","Bahasa Indonesia, English",17.3528333333333,"E 275"
"4004",275,"f","l","filler","i","filler5",0.07,31,"one_slider","Yes","Other","26","Bahasa Indonesia, English",17.3528333333333,"E 275"
"4005",275,"N","A","NQA","Q","dentist",0.64,32,"one_slider","Yes","Other","26","Bahasa Indonesia, English",17.3528333333333,"E 275"
"4006",275,"Y","A","YQA","Q","chef",0.25,33,"one_slider","Yes","Other","26","Bahasa Indonesia, English",17.3528333333333,"E 275"
"4007",275,"Y","I","YQI","Q","scientist",0.73,34,"one_slider","Yes","Other","26","Bahasa Indonesia, English",17.3528333333333,"E 275"
"4008",275,"f","l","filler","i","filler2",0.9,35,"one_slider","Yes","Other","26","Bahasa Indonesia, English",17.3528333333333,"E 275"
"4009",412,"","","","","",0.83,NA,"one_slider_practice","Yes","Female","21","English",33.2049166666667,"E 412"
"4010",412,"","","","","",1,NA,"one_slider_practice","Yes","Female","21","English",33.2049166666667,"E 412"
"4011",412,"Y","A","YQA","Q","chef",0.72,6,"one_slider","Yes","Female","21","English",33.2049166666667,"E 412"
"4012",412,"Y","A","YDA","D","dentist",0.18,7,"one_slider","Yes","Female","21","English",33.2049166666667,"E 412"
"4013",412,"N","I","NDI","D","troopleader",0.67,8,"one_slider","Yes","Female","21","English",33.2049166666667,"E 412"
"4014",412,"N","A","NDA","D","nutritionist",0.22,9,"one_slider","Yes","Female","21","English",33.2049166666667,"E 412"
"4015",412,"f","l","filler","i","filler5",0.14,10,"one_slider","Yes","Female","21","English",33.2049166666667,"E 412"
"4016",412,"N","I","NQI","Q","fan",0.76,11,"one_slider","Yes","Female","21","English",33.2049166666667,"E 412"
"4017",412,"N","A","NDA","D","playwright",0.24,12,"one_slider","Yes","Female","21","English",33.2049166666667,"E 412"
"4018",412,"N","I","NDI","D","scientist",1,13,"one_slider","Yes","Female","21","English",33.2049166666667,"E 412"
"4019",412,"Y","I","YQI","Q","queen",1,14,"one_slider","Yes","Female","21","English",33.2049166666667,"E 412"
"4020",412,"Y","A","YDA","D","pianist",0.56,15,"one_slider","Yes","Female","21","English",33.2049166666667,"E 412"
"4021",412,"N","I","NDI","D","doctor",0.78,16,"one_slider","Yes","Female","21","English",33.2049166666667,"E 412"
"4022",412,"f","l","filler","i","filler4",0.6,17,"one_slider","Yes","Female","21","English",33.2049166666667,"E 412"
"4023",412,"Y","I","YQI","Q","supervisor",0.25,18,"one_slider","Yes","Female","21","English",33.2049166666667,"E 412"
"4024",412,"Y","A","YQA","Q","groom",0.18,19,"one_slider","Yes","Female","21","English",33.2049166666667,"E 412"
"4025",412,"Y","I","YQI","Q","bartender",0.73,20,"one_slider","Yes","Female","21","English",33.2049166666667,"E 412"
"4026",412,"N","A","NDA","D","CEO",0.84,21,"one_slider","Yes","Female","21","English",33.2049166666667,"E 412"
"4027",412,"Y","I","YDI","D","professor",0.82,22,"one_slider","Yes","Female","21","English",33.2049166666667,"E 412"
"4028",412,"N","A","NQA","Q","choreographer",0.76,23,"one_slider","Yes","Female","21","English",33.2049166666667,"E 412"
"4029",412,"Y","I","YDI","D","patient",0.29,24,"one_slider","Yes","Female","21","English",33.2049166666667,"E 412"
"4030",412,"N","I","NQI","Q","travelagent",0.72,25,"one_slider","Yes","Female","21","English",33.2049166666667,"E 412"
"4031",412,"Y","A","YQA","Q","pilot",0.73,26,"one_slider","Yes","Female","21","English",33.2049166666667,"E 412"
"4032",412,"N","A","NQA","Q","coach",0.71,27,"one_slider","Yes","Female","21","English",33.2049166666667,"E 412"
"4033",412,"f","l","filler","i","filler1",0.8,28,"one_slider","Yes","Female","21","English",33.2049166666667,"E 412"
"4034",412,"f","l","filler","i","filler3",0.76,29,"one_slider","Yes","Female","21","English",33.2049166666667,"E 412"
"4035",412,"N","I","NQI","Q","priest",0.68,30,"one_slider","Yes","Female","21","English",33.2049166666667,"E 412"
"4036",412,"f","l","filler","i","filler6",0.83,31,"one_slider","Yes","Female","21","English",33.2049166666667,"E 412"
"4037",412,"Y","I","YDI","D","artist",0.77,32,"one_slider","Yes","Female","21","English",33.2049166666667,"E 412"
"4038",412,"f","l","filler","i","filler2",0.76,33,"one_slider","Yes","Female","21","English",33.2049166666667,"E 412"
"4039",412,"N","A","NQA","Q","stylist",0.19,34,"one_slider","Yes","Female","21","English",33.2049166666667,"E 412"
"4040",412,"Y","A","YDA","D","conductor",0.23,35,"one_slider","Yes","Female","21","English",33.2049166666667,"E 412"
"4041",351,"","","","","",0.74,NA,"one_slider_practice","Yes","Female","20","English",10.6474666666667,"E 351"
"4042",351,"","","","","",1,NA,"one_slider_practice","Yes","Female","20","English",10.6474666666667,"E 351"
"4043",351,"Y","A","YDA","D","dentist",0.43,6,"one_slider","Yes","Female","20","English",10.6474666666667,"E 351"
"4044",351,"Y","I","YQI","Q","choreographer",0.38,7,"one_slider","Yes","Female","20","English",10.6474666666667,"E 351"
"4045",351,"N","A","NQA","Q","pilot",1,8,"one_slider","Yes","Female","20","English",10.6474666666667,"E 351"
"4046",351,"Y","A","YQA","Q","stylist",0.21,9,"one_slider","Yes","Female","20","English",10.6474666666667,"E 351"
"4047",351,"N","I","NQI","Q","fan",1,10,"one_slider","Yes","Female","20","English",10.6474666666667,"E 351"
"4048",351,"N","I","NDI","D","conductor",0.66,11,"one_slider","Yes","Female","20","English",10.6474666666667,"E 351"
"4049",351,"N","I","NDI","D","groom",0.93,12,"one_slider","Yes","Female","20","English",10.6474666666667,"E 351"
"4050",351,"Y","I","YDI","D","CEO",0,13,"one_slider","Yes","Female","20","English",10.6474666666667,"E 351"
"4051",351,"Y","I","YQI","Q","patient",0.69,14,"one_slider","Yes","Female","20","English",10.6474666666667,"E 351"
"4052",351,"f","l","filler","i","filler5",0,15,"one_slider","Yes","Female","20","English",10.6474666666667,"E 351"
"4053",351,"N","I","NDI","D","playwright",0.9,16,"one_slider","Yes","Female","20","English",10.6474666666667,"E 351"
"4054",351,"N","A","NDA","D","troopleader",1,17,"one_slider","Yes","Female","20","English",10.6474666666667,"E 351"
"4055",351,"Y","A","YDA","D","supervisor",0.07,18,"one_slider","Yes","Female","20","English",10.6474666666667,"E 351"
"4056",351,"N","A","NQA","Q","queen",1,19,"one_slider","Yes","Female","20","English",10.6474666666667,"E 351"
"4057",351,"N","I","NQI","Q","doctor",0.91,20,"one_slider","Yes","Female","20","English",10.6474666666667,"E 351"
"4058",351,"N","A","NDA","D","coach",1,21,"one_slider","Yes","Female","20","English",10.6474666666667,"E 351"
"4059",351,"N","A","NDA","D","professor",1,22,"one_slider","Yes","Female","20","English",10.6474666666667,"E 351"
"4060",351,"N","A","NQA","Q","pianist",0.93,23,"one_slider","Yes","Female","20","English",10.6474666666667,"E 351"
"4061",351,"Y","I","YDI","D","bartender",0.37,24,"one_slider","Yes","Female","20","English",10.6474666666667,"E 351"
"4062",351,"f","l","filler","i","filler1",1,25,"one_slider","Yes","Female","20","English",10.6474666666667,"E 351"
"4063",351,"Y","A","YDA","D","scientist",1,26,"one_slider","Yes","Female","20","English",10.6474666666667,"E 351"
"4064",351,"f","l","filler","i","filler4",1,27,"one_slider","Yes","Female","20","English",10.6474666666667,"E 351"
"4065",351,"f","l","filler","i","filler6",0.16,28,"one_slider","Yes","Female","20","English",10.6474666666667,"E 351"
"4066",351,"Y","I","YDI","D","priest",0.69,29,"one_slider","Yes","Female","20","English",10.6474666666667,"E 351"
"4067",351,"f","l","filler","i","filler2",0.95,30,"one_slider","Yes","Female","20","English",10.6474666666667,"E 351"
"4068",351,"Y","I","YQI","Q","travelagent",0.42,31,"one_slider","Yes","Female","20","English",10.6474666666667,"E 351"
"4069",351,"Y","A","YQA","Q","artist",0.58,32,"one_slider","Yes","Female","20","English",10.6474666666667,"E 351"
"4070",351,"N","I","NQI","Q","nutritionist",1,33,"one_slider","Yes","Female","20","English",10.6474666666667,"E 351"
"4071",351,"Y","A","YQA","Q","chef",0.71,34,"one_slider","Yes","Female","20","English",10.6474666666667,"E 351"
"4072",351,"f","l","filler","i","filler3",1,35,"one_slider","Yes","Female","20","English",10.6474666666667,"E 351"
"4073",498,"","","","","",1,NA,"one_slider_practice","Yes","Female","19","English",12.8301833333333,"E 498"
"4074",498,"","","","","",1,NA,"one_slider_practice","Yes","Female","19","English",12.8301833333333,"E 498"
"4075",498,"N","I","NQI","Q","chef",1,6,"one_slider","Yes","Female","19","English",12.8301833333333,"E 498"
"4076",498,"N","I","NDI","D","artist",0.98,7,"one_slider","Yes","Female","19","English",12.8301833333333,"E 498"
"4077",498,"N","A","NDA","D","coach",0.37,8,"one_slider","Yes","Female","19","English",12.8301833333333,"E 498"
"4078",498,"f","l","filler","i","filler2",0.36,9,"one_slider","Yes","Female","19","English",12.8301833333333,"E 498"
"4079",498,"N","A","NDA","D","fan",0.3,10,"one_slider","Yes","Female","19","English",12.8301833333333,"E 498"
"4080",498,"f","l","filler","i","filler4",0.51,11,"one_slider","Yes","Female","19","English",12.8301833333333,"E 498"
"4081",498,"N","I","NDI","D","travelagent",0.98,12,"one_slider","Yes","Female","19","English",12.8301833333333,"E 498"
"4082",498,"Y","I","YDI","D","playwright",0,13,"one_slider","Yes","Female","19","English",12.8301833333333,"E 498"
"4083",498,"Y","A","YDA","D","professor",0.95,14,"one_slider","Yes","Female","19","English",12.8301833333333,"E 498"
"4084",498,"Y","A","YQA","Q","bartender",0.76,15,"one_slider","Yes","Female","19","English",12.8301833333333,"E 498"
"4085",498,"Y","I","YQI","Q","conductor",0.13,16,"one_slider","Yes","Female","19","English",12.8301833333333,"E 498"
"4086",498,"Y","I","YQI","Q","scientist",0.69,17,"one_slider","Yes","Female","19","English",12.8301833333333,"E 498"
"4087",498,"f","l","filler","i","filler3",0.98,18,"one_slider","Yes","Female","19","English",12.8301833333333,"E 498"
"4088",498,"N","A","NQA","Q","stylist",0.99,19,"one_slider","Yes","Female","19","English",12.8301833333333,"E 498"
"4089",498,"Y","I","YQI","Q","priest",0.67,20,"one_slider","Yes","Female","19","English",12.8301833333333,"E 498"
"4090",498,"Y","A","YDA","D","troopleader",0.7,21,"one_slider","Yes","Female","19","English",12.8301833333333,"E 498"
"4091",498,"N","I","NDI","D","queen",0.97,22,"one_slider","Yes","Female","19","English",12.8301833333333,"E 498"
"4092",498,"f","l","filler","i","filler5",0,23,"one_slider","Yes","Female","19","English",12.8301833333333,"E 498"
"4093",498,"f","l","filler","i","filler6",0,24,"one_slider","Yes","Female","19","English",12.8301833333333,"E 498"
"4094",498,"N","I","NQI","Q","groom",0.95,25,"one_slider","Yes","Female","19","English",12.8301833333333,"E 498"
"4095",498,"N","A","NDA","D","nutritionist",0.96,26,"one_slider","Yes","Female","19","English",12.8301833333333,"E 498"
"4096",498,"Y","I","YDI","D","dentist",0.69,27,"one_slider","Yes","Female","19","English",12.8301833333333,"E 498"
"4097",498,"Y","I","YDI","D","choreographer",0.5,28,"one_slider","Yes","Female","19","English",12.8301833333333,"E 498"
"4098",498,"N","I","NQI","Q","pilot",0.97,29,"one_slider","Yes","Female","19","English",12.8301833333333,"E 498"
"4099",498,"N","A","NQA","Q","doctor",1,30,"one_slider","Yes","Female","19","English",12.8301833333333,"E 498"
"4100",498,"N","A","NQA","Q","patient",1,31,"one_slider","Yes","Female","19","English",12.8301833333333,"E 498"
"4101",498,"Y","A","YDA","D","CEO",0.4,32,"one_slider","Yes","Female","19","English",12.8301833333333,"E 498"
"4102",498,"Y","A","YQA","Q","pianist",0.63,33,"one_slider","Yes","Female","19","English",12.8301833333333,"E 498"
"4103",498,"Y","A","YQA","Q","supervisor",0.65,34,"one_slider","Yes","Female","19","English",12.8301833333333,"E 498"
"4104",498,"f","l","filler","i","filler1",0.82,35,"one_slider","Yes","Female","19","English",12.8301833333333,"E 498"
"4105",444,"","","","","",0.05,NA,"one_slider_practice","Yes","Female","20","English",7.00816666666667,"E 444"
"4106",444,"","","","","",0.62,NA,"one_slider_practice","Yes","Female","20","English",7.00816666666667,"E 444"
"4107",444,"N","A","NQA","Q","patient",0.92,6,"one_slider","Yes","Female","20","English",7.00816666666667,"E 444"
"4108",444,"f","l","filler","i","filler5",0.34,7,"one_slider","Yes","Female","20","English",7.00816666666667,"E 444"
"4109",444,"f","l","filler","i","filler1",0.93,8,"one_slider","Yes","Female","20","English",7.00816666666667,"E 444"
"4110",444,"Y","I","YDI","D","groom",0.85,9,"one_slider","Yes","Female","20","English",7.00816666666667,"E 444"
"4111",444,"N","A","NQA","Q","bartender",0.86,10,"one_slider","Yes","Female","20","English",7.00816666666667,"E 444"
"4112",444,"Y","I","YDI","D","scientist",0.66,11,"one_slider","Yes","Female","20","English",7.00816666666667,"E 444"
"4113",444,"Y","I","YQI","Q","troopleader",0.75,12,"one_slider","Yes","Female","20","English",7.00816666666667,"E 444"
"4114",444,"Y","I","YQI","Q","priest",0.79,13,"one_slider","Yes","Female","20","English",7.00816666666667,"E 444"
"4115",444,"N","I","NDI","D","supervisor",0.51,14,"one_slider","Yes","Female","20","English",7.00816666666667,"E 444"
"4116",444,"f","l","filler","i","filler6",0.16,15,"one_slider","Yes","Female","20","English",7.00816666666667,"E 444"
"4117",444,"f","l","filler","i","filler2",0.66,16,"one_slider","Yes","Female","20","English",7.00816666666667,"E 444"
"4118",444,"N","I","NDI","D","queen",0.79,17,"one_slider","Yes","Female","20","English",7.00816666666667,"E 444"
"4119",444,"N","A","NDA","D","nutritionist",0.74,18,"one_slider","Yes","Female","20","English",7.00816666666667,"E 444"
"4120",444,"Y","A","YDA","D","coach",0.76,19,"one_slider","Yes","Female","20","English",7.00816666666667,"E 444"
"4121",444,"N","I","NQI","Q","stylist",0.86,20,"one_slider","Yes","Female","20","English",7.00816666666667,"E 444"
"4122",444,"Y","A","YQA","Q","CEO",0.57,21,"one_slider","Yes","Female","20","English",7.00816666666667,"E 444"
"4123",444,"f","l","filler","i","filler3",0.56,22,"one_slider","Yes","Female","20","English",7.00816666666667,"E 444"
"4124",444,"N","I","NQI","Q","doctor",0.46,23,"one_slider","Yes","Female","20","English",7.00816666666667,"E 444"
"4125",444,"N","A","NDA","D","playwright",0.52,24,"one_slider","Yes","Female","20","English",7.00816666666667,"E 444"
"4126",444,"Y","I","YDI","D","chef",0.78,25,"one_slider","Yes","Female","20","English",7.00816666666667,"E 444"
"4127",444,"Y","A","YDA","D","pilot",0.5,26,"one_slider","Yes","Female","20","English",7.00816666666667,"E 444"
"4128",444,"N","I","NDI","D","professor",0.72,27,"one_slider","Yes","Female","20","English",7.00816666666667,"E 444"
"4129",444,"N","A","NDA","D","fan",0.84,28,"one_slider","Yes","Female","20","English",7.00816666666667,"E 444"
"4130",444,"f","l","filler","i","filler4",0.81,29,"one_slider","Yes","Female","20","English",7.00816666666667,"E 444"
"4131",444,"Y","I","YQI","Q","conductor",0.27,30,"one_slider","Yes","Female","20","English",7.00816666666667,"E 444"
"4132",444,"Y","A","YDA","D","pianist",0.78,31,"one_slider","Yes","Female","20","English",7.00816666666667,"E 444"
"4133",444,"N","I","NQI","Q","dentist",0.25,32,"one_slider","Yes","Female","20","English",7.00816666666667,"E 444"
"4134",444,"Y","A","YQA","Q","choreographer",0.77,33,"one_slider","Yes","Female","20","English",7.00816666666667,"E 444"
"4135",444,"N","A","NQA","Q","artist",0.58,34,"one_slider","Yes","Female","20","English",7.00816666666667,"E 444"
"4136",444,"Y","A","YQA","Q","travelagent",0.79,35,"one_slider","Yes","Female","20","English",7.00816666666667,"E 444"
"4137",513,"","","","","",0.77,NA,"one_slider_practice","Yes","",NA,"",4.96251666666667,"E 513"
"4138",513,"","","","","",0.7,NA,"one_slider_practice","Yes","",NA,"",4.96251666666667,"E 513"
"4139",513,"f","l","filler","i","filler6",0.79,6,"one_slider","Yes","",NA,"",4.96251666666667,"E 513"
"4140",513,"N","A","NDA","D","priest",0.85,7,"one_slider","Yes","",NA,"",4.96251666666667,"E 513"
"4141",513,"f","l","filler","i","filler3",0.85,8,"one_slider","Yes","",NA,"",4.96251666666667,"E 513"
"4142",513,"N","A","NDA","D","coach",0.87,9,"one_slider","Yes","",NA,"",4.96251666666667,"E 513"
"4143",513,"f","l","filler","i","filler1",0.81,10,"one_slider","Yes","",NA,"",4.96251666666667,"E 513"
"4144",513,"Y","A","YQA","Q","chef",0.97,11,"one_slider","Yes","",NA,"",4.96251666666667,"E 513"
"4145",513,"Y","A","YDA","D","bartender",0.88,12,"one_slider","Yes","",NA,"",4.96251666666667,"E 513"
"4146",513,"Y","I","YQI","Q","choreographer",0.8,13,"one_slider","Yes","",NA,"",4.96251666666667,"E 513"
"4147",513,"Y","I","YQI","Q","scientist",0.86,14,"one_slider","Yes","",NA,"",4.96251666666667,"E 513"
"4148",513,"Y","A","YQA","Q","playwright",0.82,15,"one_slider","Yes","",NA,"",4.96251666666667,"E 513"
"4149",513,"N","A","NDA","D","pianist",0.71,16,"one_slider","Yes","",NA,"",4.96251666666667,"E 513"
"4150",513,"f","l","filler","i","filler5",0.47,17,"one_slider","Yes","",NA,"",4.96251666666667,"E 513"
"4151",513,"N","I","NQI","Q","groom",0.35,18,"one_slider","Yes","",NA,"",4.96251666666667,"E 513"
"4152",513,"Y","I","YQI","Q","fan",0.18,19,"one_slider","Yes","",NA,"",4.96251666666667,"E 513"
"4153",513,"Y","A","YDA","D","travelagent",0.53,20,"one_slider","Yes","",NA,"",4.96251666666667,"E 513"
"4154",513,"Y","I","YDI","D","pilot",0.03,21,"one_slider","Yes","",NA,"",4.96251666666667,"E 513"
"4155",513,"Y","A","YQA","Q","artist",0.46,22,"one_slider","Yes","",NA,"",4.96251666666667,"E 513"
"4156",513,"N","I","NQI","Q","conductor",0.78,23,"one_slider","Yes","",NA,"",4.96251666666667,"E 513"
"4157",513,"f","l","filler","i","filler2",0.62,24,"one_slider","Yes","",NA,"",4.96251666666667,"E 513"
"4158",513,"N","A","NQA","Q","CEO",0.61,25,"one_slider","Yes","",NA,"",4.96251666666667,"E 513"
"4159",513,"Y","I","YDI","D","dentist",0.6,26,"one_slider","Yes","",NA,"",4.96251666666667,"E 513"
"4160",513,"f","l","filler","i","filler4",0.77,27,"one_slider","Yes","",NA,"",4.96251666666667,"E 513"
"4161",513,"Y","I","YDI","D","queen",0.58,28,"one_slider","Yes","",NA,"",4.96251666666667,"E 513"
"4162",513,"N","I","NDI","D","nutritionist",0.58,29,"one_slider","Yes","",NA,"",4.96251666666667,"E 513"
"4163",513,"N","I","NDI","D","stylist",0.58,30,"one_slider","Yes","",NA,"",4.96251666666667,"E 513"
"4164",513,"N","I","NDI","D","troopleader",0.55,31,"one_slider","Yes","",NA,"",4.96251666666667,"E 513"
"4165",513,"N","I","NQI","Q","doctor",0.51,32,"one_slider","Yes","",NA,"",4.96251666666667,"E 513"
"4166",513,"Y","A","YDA","D","professor",0.62,33,"one_slider","Yes","",NA,"",4.96251666666667,"E 513"
"4167",513,"N","A","NQA","Q","patient",0.87,34,"one_slider","Yes","",NA,"",4.96251666666667,"E 513"
"4168",513,"N","A","NQA","Q","supervisor",0.48,35,"one_slider","Yes","",NA,"",4.96251666666667,"E 513"
"4169",501,"","","","","",0.5,NA,"one_slider_practice","Confused","Female","20","English ",5.22293333333333,"E 501"
"4170",501,"","","","","",0,NA,"one_slider_practice","Confused","Female","20","English ",5.22293333333333,"E 501"
"4171",501,"Y","I","YDI","D","coach",0.93,6,"one_slider","Confused","Female","20","English ",5.22293333333333,"E 501"
"4172",501,"f","l","filler","i","filler4",0.84,7,"one_slider","Confused","Female","20","English ",5.22293333333333,"E 501"
"4173",501,"f","l","filler","i","filler3",0.46,8,"one_slider","Confused","Female","20","English ",5.22293333333333,"E 501"
"4174",501,"N","I","NDI","D","choreographer",0.73,9,"one_slider","Confused","Female","20","English ",5.22293333333333,"E 501"
"4175",501,"Y","A","YQA","Q","chef",0.6,10,"one_slider","Confused","Female","20","English ",5.22293333333333,"E 501"
"4176",501,"N","I","NQI","Q","doctor",0.32,11,"one_slider","Confused","Female","20","English ",5.22293333333333,"E 501"
"4177",501,"f","l","filler","i","filler6",0.55,12,"one_slider","Confused","Female","20","English ",5.22293333333333,"E 501"
"4178",501,"N","A","NQA","Q","artist",0.37,13,"one_slider","Confused","Female","20","English ",5.22293333333333,"E 501"
"4179",501,"N","I","NDI","D","travelagent",0.7,14,"one_slider","Confused","Female","20","English ",5.22293333333333,"E 501"
"4180",501,"N","I","NDI","D","nutritionist",0.75,15,"one_slider","Confused","Female","20","English ",5.22293333333333,"E 501"
"4181",501,"N","A","NDA","D","stylist",0.87,16,"one_slider","Confused","Female","20","English ",5.22293333333333,"E 501"
"4182",501,"f","l","filler","i","filler2",0.67,17,"one_slider","Confused","Female","20","English ",5.22293333333333,"E 501"
"4183",501,"N","I","NQI","Q","groom",0.94,18,"one_slider","Confused","Female","20","English ",5.22293333333333,"E 501"
"4184",501,"N","A","NDA","D","scientist",0.89,19,"one_slider","Confused","Female","20","English ",5.22293333333333,"E 501"
"4185",501,"N","A","NQA","Q","supervisor",0.96,20,"one_slider","Confused","Female","20","English ",5.22293333333333,"E 501"
"4186",501,"f","l","filler","i","filler5",0.57,21,"one_slider","Confused","Female","20","English ",5.22293333333333,"E 501"
"4187",501,"Y","A","YDA","D","CEO",0.78,22,"one_slider","Confused","Female","20","English ",5.22293333333333,"E 501"
"4188",501,"N","I","NQI","Q","pianist",0.9,23,"one_slider","Confused","Female","20","English ",5.22293333333333,"E 501"
"4189",501,"Y","I","YQI","Q","bartender",0.35,24,"one_slider","Confused","Female","20","English ",5.22293333333333,"E 501"
"4190",501,"Y","A","YQA","Q","troopleader",0.84,25,"one_slider","Confused","Female","20","English ",5.22293333333333,"E 501"
"4191",501,"Y","A","YDA","D","fan",0.92,26,"one_slider","Confused","Female","20","English ",5.22293333333333,"E 501"
"4192",501,"Y","I","YQI","Q","conductor",0.72,27,"one_slider","Confused","Female","20","English ",5.22293333333333,"E 501"
"4193",501,"Y","A","YDA","D","dentist",0.24,28,"one_slider","Confused","Female","20","English ",5.22293333333333,"E 501"
"4194",501,"f","l","filler","i","filler1",0.47,29,"one_slider","Confused","Female","20","English ",5.22293333333333,"E 501"
"4195",501,"N","A","NQA","Q","professor",0.69,30,"one_slider","Confused","Female","20","English ",5.22293333333333,"E 501"
"4196",501,"N","A","NDA","D","queen",0.96,31,"one_slider","Confused","Female","20","English ",5.22293333333333,"E 501"
"4197",501,"Y","A","YQA","Q","pilot",0.41,32,"one_slider","Confused","Female","20","English ",5.22293333333333,"E 501"
"4198",501,"Y","I","YDI","D","patient",0.62,33,"one_slider","Confused","Female","20","English ",5.22293333333333,"E 501"
"4199",501,"Y","I","YQI","Q","priest",0.84,34,"one_slider","Confused","Female","20","English ",5.22293333333333,"E 501"
"4200",501,"Y","I","YDI","D","playwright",0.48,35,"one_slider","Confused","Female","20","English ",5.22293333333333,"E 501"
"4201",406,"","","","","",0.99,NA,"one_slider_practice","Yes","Female","21","Spanish",8.64968333333333,"E 406"
"4202",406,"","","","","",0.13,NA,"one_slider_practice","Yes","Female","21","Spanish",8.64968333333333,"E 406"
"4203",406,"N","I","NQI","Q","pianist",0.74,6,"one_slider","Yes","Female","21","Spanish",8.64968333333333,"E 406"
"4204",406,"Y","A","YDA","D","bartender",0.18,7,"one_slider","Yes","Female","21","Spanish",8.64968333333333,"E 406"
"4205",406,"Y","A","YQA","Q","chef",0.17,8,"one_slider","Yes","Female","21","Spanish",8.64968333333333,"E 406"
"4206",406,"N","I","NDI","D","nutritionist",0.42,9,"one_slider","Yes","Female","21","Spanish",8.64968333333333,"E 406"
"4207",406,"N","I","NQI","Q","fan",0.62,10,"one_slider","Yes","Female","21","Spanish",8.64968333333333,"E 406"
"4208",406,"Y","A","YQA","Q","artist",0.7,11,"one_slider","Yes","Female","21","Spanish",8.64968333333333,"E 406"
"4209",406,"Y","I","YQI","Q","CEO",0.76,12,"one_slider","Yes","Female","21","Spanish",8.64968333333333,"E 406"
"4210",406,"N","A","NDA","D","travelagent",0.21,13,"one_slider","Yes","Female","21","Spanish",8.64968333333333,"E 406"
"4211",406,"N","I","NQI","Q","coach",0.46,14,"one_slider","Yes","Female","21","Spanish",8.64968333333333,"E 406"
"4212",406,"Y","I","YDI","D","stylist",0.74,15,"one_slider","Yes","Female","21","Spanish",8.64968333333333,"E 406"
"4213",406,"N","A","NDA","D","choreographer",0.47,16,"one_slider","Yes","Female","21","Spanish",8.64968333333333,"E 406"
"4214",406,"f","l","filler","i","filler4",0.62,17,"one_slider","Yes","Female","21","Spanish",8.64968333333333,"E 406"
"4215",406,"Y","I","YQI","Q","pilot",0.4,18,"one_slider","Yes","Female","21","Spanish",8.64968333333333,"E 406"
"4216",406,"N","A","NQA","Q","professor",0.5,19,"one_slider","Yes","Female","21","Spanish",8.64968333333333,"E 406"
"4217",406,"N","A","NQA","Q","troopleader",0.35,20,"one_slider","Yes","Female","21","Spanish",8.64968333333333,"E 406"
"4218",406,"N","I","NDI","D","patient",0.81,21,"one_slider","Yes","Female","21","Spanish",8.64968333333333,"E 406"
"4219",406,"N","A","NQA","Q","priest",0.89,22,"one_slider","Yes","Female","21","Spanish",8.64968333333333,"E 406"
"4220",406,"f","l","filler","i","filler5",0.4,23,"one_slider","Yes","Female","21","Spanish",8.64968333333333,"E 406"
"4221",406,"Y","A","YDA","D","doctor",0.88,24,"one_slider","Yes","Female","21","Spanish",8.64968333333333,"E 406"
"4222",406,"N","A","NDA","D","groom",0.87,25,"one_slider","Yes","Female","21","Spanish",8.64968333333333,"E 406"
"4223",406,"f","l","filler","i","filler3",0.46,26,"one_slider","Yes","Female","21","Spanish",8.64968333333333,"E 406"
"4224",406,"Y","A","YDA","D","queen",0.54,27,"one_slider","Yes","Female","21","Spanish",8.64968333333333,"E 406"
"4225",406,"f","l","filler","i","filler6",0.46,28,"one_slider","Yes","Female","21","Spanish",8.64968333333333,"E 406"
"4226",406,"N","I","NDI","D","playwright",0.32,29,"one_slider","Yes","Female","21","Spanish",8.64968333333333,"E 406"
"4227",406,"f","l","filler","i","filler2",0.89,30,"one_slider","Yes","Female","21","Spanish",8.64968333333333,"E 406"
"4228",406,"Y","A","YQA","Q","scientist",0.85,31,"one_slider","Yes","Female","21","Spanish",8.64968333333333,"E 406"
"4229",406,"f","l","filler","i","filler1",0.88,32,"one_slider","Yes","Female","21","Spanish",8.64968333333333,"E 406"
"4230",406,"Y","I","YDI","D","supervisor",0.48,33,"one_slider","Yes","Female","21","Spanish",8.64968333333333,"E 406"
"4231",406,"Y","I","YQI","Q","dentist",0.09,34,"one_slider","Yes","Female","21","Spanish",8.64968333333333,"E 406"
"4232",406,"Y","I","YDI","D","conductor",0.82,35,"one_slider","Yes","Female","21","Spanish",8.64968333333333,"E 406"
"4233",437,"","","","","",0.65,NA,"one_slider_practice","","",NA,"",9.79981666666667,"E 437"
"4234",437,"","","","","",0.84,NA,"one_slider_practice","","",NA,"",9.79981666666667,"E 437"
"4235",437,"N","A","NQA","Q","playwright",0.25,6,"one_slider","","",NA,"",9.79981666666667,"E 437"
"4236",437,"f","l","filler","i","filler6",0.07,7,"one_slider","","",NA,"",9.79981666666667,"E 437"
"4237",437,"Y","A","YQA","Q","fan",0.43,8,"one_slider","","",NA,"",9.79981666666667,"E 437"
"4238",437,"Y","I","YDI","D","artist",0.26,9,"one_slider","","",NA,"",9.79981666666667,"E 437"
"4239",437,"N","A","NQA","Q","conductor",0.56,10,"one_slider","","",NA,"",9.79981666666667,"E 437"
"4240",437,"Y","A","YDA","D","scientist",0.38,11,"one_slider","","",NA,"",9.79981666666667,"E 437"
"4241",437,"N","I","NQI","Q","coach",0.64,12,"one_slider","","",NA,"",9.79981666666667,"E 437"
"4242",437,"Y","A","YDA","D","bartender",0.36,13,"one_slider","","",NA,"",9.79981666666667,"E 437"
"4243",437,"N","A","NQA","Q","pilot",0.67,14,"one_slider","","",NA,"",9.79981666666667,"E 437"
"4244",437,"N","I","NDI","D","queen",0.65,15,"one_slider","","",NA,"",9.79981666666667,"E 437"
"4245",437,"N","A","NDA","D","choreographer",0.51,16,"one_slider","","",NA,"",9.79981666666667,"E 437"
"4246",437,"f","l","filler","i","filler4",0.35,17,"one_slider","","",NA,"",9.79981666666667,"E 437"
"4247",437,"f","l","filler","i","filler5",0.06,18,"one_slider","","",NA,"",9.79981666666667,"E 437"
"4248",437,"N","I","NDI","D","priest",0.48,19,"one_slider","","",NA,"",9.79981666666667,"E 437"
"4249",437,"N","I","NQI","Q","professor",0.54,20,"one_slider","","",NA,"",9.79981666666667,"E 437"
"4250",437,"N","A","NDA","D","stylist",0.28,21,"one_slider","","",NA,"",9.79981666666667,"E 437"
"4251",437,"f","l","filler","i","filler1",0.52,22,"one_slider","","",NA,"",9.79981666666667,"E 437"
"4252",437,"Y","I","YDI","D","troopleader",0.35,23,"one_slider","","",NA,"",9.79981666666667,"E 437"
"4253",437,"Y","A","YDA","D","CEO",0.06,24,"one_slider","","",NA,"",9.79981666666667,"E 437"
"4254",437,"Y","A","YQA","Q","supervisor",0.53,25,"one_slider","","",NA,"",9.79981666666667,"E 437"
"4255",437,"Y","I","YQI","Q","dentist",0.44,26,"one_slider","","",NA,"",9.79981666666667,"E 437"
"4256",437,"N","I","NQI","Q","nutritionist",0.36,27,"one_slider","","",NA,"",9.79981666666667,"E 437"
"4257",437,"Y","A","YQA","Q","groom",0.42,28,"one_slider","","",NA,"",9.79981666666667,"E 437"
"4258",437,"N","I","NDI","D","travelagent",0.47,29,"one_slider","","",NA,"",9.79981666666667,"E 437"
"4259",437,"f","l","filler","i","filler3",0.85,30,"one_slider","","",NA,"",9.79981666666667,"E 437"
"4260",437,"f","l","filler","i","filler2",0.86,31,"one_slider","","",NA,"",9.79981666666667,"E 437"
"4261",437,"Y","I","YQI","Q","chef",0.17,32,"one_slider","","",NA,"",9.79981666666667,"E 437"
"4262",437,"N","A","NDA","D","doctor",0.75,33,"one_slider","","",NA,"",9.79981666666667,"E 437"
"4263",437,"Y","I","YQI","Q","patient",0.58,34,"one_slider","","",NA,"",9.79981666666667,"E 437"
"4264",437,"Y","I","YDI","D","pianist",0.54,35,"one_slider","","",NA,"",9.79981666666667,"E 437"
"4265",438,"","","","","",1,NA,"one_slider_practice","No","Female","19","Vietnamese",17.6684333333333,"E 438"
"4266",438,"","","","","",1,NA,"one_slider_practice","No","Female","19","Vietnamese",17.6684333333333,"E 438"
"4267",438,"N","A","NDA","D","bartender",1,6,"one_slider","No","Female","19","Vietnamese",17.6684333333333,"E 438"
"4268",438,"N","I","NQI","Q","supervisor",0.52,7,"one_slider","No","Female","19","Vietnamese",17.6684333333333,"E 438"
"4269",438,"N","I","NDI","D","CEO",0.5,8,"one_slider","No","Female","19","Vietnamese",17.6684333333333,"E 438"
"4270",438,"Y","A","YDA","D","chef",0.62,9,"one_slider","No","Female","19","Vietnamese",17.6684333333333,"E 438"
"4271",438,"Y","A","YQA","Q","priest",0.87,10,"one_slider","No","Female","19","Vietnamese",17.6684333333333,"E 438"
"4272",438,"f","l","filler","i","filler6",0.09,11,"one_slider","No","Female","19","Vietnamese",17.6684333333333,"E 438"
"4273",438,"f","l","filler","i","filler1",1,12,"one_slider","No","Female","19","Vietnamese",17.6684333333333,"E 438"
"4274",438,"N","A","NQA","Q","playwright",0.76,13,"one_slider","No","Female","19","Vietnamese",17.6684333333333,"E 438"
"4275",438,"Y","I","YQI","Q","patient",0.79,14,"one_slider","No","Female","19","Vietnamese",17.6684333333333,"E 438"
"4276",438,"Y","A","YQA","Q","queen",0.83,15,"one_slider","No","Female","19","Vietnamese",17.6684333333333,"E 438"
"4277",438,"N","I","NQI","Q","troopleader",0.73,16,"one_slider","No","Female","19","Vietnamese",17.6684333333333,"E 438"
"4278",438,"N","I","NQI","Q","artist",0.87,17,"one_slider","No","Female","19","Vietnamese",17.6684333333333,"E 438"
"4279",438,"Y","I","YDI","D","pianist",0.83,18,"one_slider","No","Female","19","Vietnamese",17.6684333333333,"E 438"
"4280",438,"Y","I","YQI","Q","pilot",0.74,19,"one_slider","No","Female","19","Vietnamese",17.6684333333333,"E 438"
"4281",438,"Y","A","YDA","D","coach",0.92,20,"one_slider","No","Female","19","Vietnamese",17.6684333333333,"E 438"
"4282",438,"f","l","filler","i","filler2",0.87,21,"one_slider","No","Female","19","Vietnamese",17.6684333333333,"E 438"
"4283",438,"Y","I","YDI","D","scientist",0.84,22,"one_slider","No","Female","19","Vietnamese",17.6684333333333,"E 438"
"4284",438,"N","A","NQA","Q","professor",0.85,23,"one_slider","No","Female","19","Vietnamese",17.6684333333333,"E 438"
"4285",438,"N","A","NDA","D","stylist",0.89,24,"one_slider","No","Female","19","Vietnamese",17.6684333333333,"E 438"
"4286",438,"N","I","NDI","D","choreographer",0.89,25,"one_slider","No","Female","19","Vietnamese",17.6684333333333,"E 438"
"4287",438,"N","A","NDA","D","fan",0.88,26,"one_slider","No","Female","19","Vietnamese",17.6684333333333,"E 438"
"4288",438,"N","I","NDI","D","dentist",0.87,27,"one_slider","No","Female","19","Vietnamese",17.6684333333333,"E 438"
"4289",438,"f","l","filler","i","filler5",0.16,28,"one_slider","No","Female","19","Vietnamese",17.6684333333333,"E 438"
"4290",438,"Y","A","YDA","D","doctor",0.85,29,"one_slider","No","Female","19","Vietnamese",17.6684333333333,"E 438"
"4291",438,"f","l","filler","i","filler4",0.36,30,"one_slider","No","Female","19","Vietnamese",17.6684333333333,"E 438"
"4292",438,"N","A","NQA","Q","nutritionist",0.84,31,"one_slider","No","Female","19","Vietnamese",17.6684333333333,"E 438"
"4293",438,"f","l","filler","i","filler3",0.87,32,"one_slider","No","Female","19","Vietnamese",17.6684333333333,"E 438"
"4294",438,"Y","I","YDI","D","travelagent",0.65,33,"one_slider","No","Female","19","Vietnamese",17.6684333333333,"E 438"
"4295",438,"Y","I","YQI","Q","groom",0.88,34,"one_slider","No","Female","19","Vietnamese",17.6684333333333,"E 438"
"4296",438,"Y","A","YQA","Q","conductor",0.87,35,"one_slider","No","Female","19","Vietnamese",17.6684333333333,"E 438"
"4297",385,"","","","","",0.51,NA,"one_slider_practice","Yes","",NA,"",9.00923333333333,"E 385"
"4298",385,"","","","","",1,NA,"one_slider_practice","Yes","",NA,"",9.00923333333333,"E 385"
"4299",385,"N","A","NDA","D","supervisor",0.54,6,"one_slider","Yes","",NA,"",9.00923333333333,"E 385"
"4300",385,"N","I","NDI","D","stylist",0.7,7,"one_slider","Yes","",NA,"",9.00923333333333,"E 385"
"4301",385,"Y","I","YQI","Q","queen",0.05,8,"one_slider","Yes","",NA,"",9.00923333333333,"E 385"
"4302",385,"Y","A","YQA","Q","professor",0,9,"one_slider","Yes","",NA,"",9.00923333333333,"E 385"
"4303",385,"f","l","filler","i","filler4",0,10,"one_slider","Yes","",NA,"",9.00923333333333,"E 385"
"4304",385,"f","l","filler","i","filler1",1,11,"one_slider","Yes","",NA,"",9.00923333333333,"E 385"
"4305",385,"Y","I","YQI","Q","travelagent",0,12,"one_slider","Yes","",NA,"",9.00923333333333,"E 385"
"4306",385,"N","A","NDA","D","patient",1,13,"one_slider","Yes","",NA,"",9.00923333333333,"E 385"
"4307",385,"N","I","NDI","D","priest",1,14,"one_slider","Yes","",NA,"",9.00923333333333,"E 385"
"4308",385,"Y","A","YDA","D","bartender",0.39,15,"one_slider","Yes","",NA,"",9.00923333333333,"E 385"
"4309",385,"N","I","NQI","Q","coach",0.29,16,"one_slider","Yes","",NA,"",9.00923333333333,"E 385"
"4310",385,"f","l","filler","i","filler3",0,17,"one_slider","Yes","",NA,"",9.00923333333333,"E 385"
"4311",385,"f","l","filler","i","filler5",0,18,"one_slider","Yes","",NA,"",9.00923333333333,"E 385"
"4312",385,"N","I","NQI","Q","pilot",0.3,19,"one_slider","Yes","",NA,"",9.00923333333333,"E 385"
"4313",385,"N","A","NQA","Q","choreographer",0.24,20,"one_slider","Yes","",NA,"",9.00923333333333,"E 385"
"4314",385,"Y","I","YDI","D","troopleader",0.24,21,"one_slider","Yes","",NA,"",9.00923333333333,"E 385"
"4315",385,"Y","I","YDI","D","CEO",0.62,22,"one_slider","Yes","",NA,"",9.00923333333333,"E 385"
"4316",385,"f","l","filler","i","filler6",0,23,"one_slider","Yes","",NA,"",9.00923333333333,"E 385"
"4317",385,"Y","A","YDA","D","doctor",0.3,24,"one_slider","Yes","",NA,"",9.00923333333333,"E 385"
"4318",385,"N","A","NQA","Q","chef",0.37,25,"one_slider","Yes","",NA,"",9.00923333333333,"E 385"
"4319",385,"N","I","NQI","Q","scientist",1,26,"one_slider","Yes","",NA,"",9.00923333333333,"E 385"
"4320",385,"N","A","NQA","Q","groom",0.72,27,"one_slider","Yes","",NA,"",9.00923333333333,"E 385"
"4321",385,"f","l","filler","i","filler2",1,28,"one_slider","Yes","",NA,"",9.00923333333333,"E 385"
"4322",385,"Y","A","YQA","Q","pianist",0.36,29,"one_slider","Yes","",NA,"",9.00923333333333,"E 385"
"4323",385,"N","I","NDI","D","artist",1,30,"one_slider","Yes","",NA,"",9.00923333333333,"E 385"
"4324",385,"Y","A","YDA","D","fan",0.68,31,"one_slider","Yes","",NA,"",9.00923333333333,"E 385"
"4325",385,"Y","I","YQI","Q","playwright",0.73,32,"one_slider","Yes","",NA,"",9.00923333333333,"E 385"
"4326",385,"N","A","NDA","D","dentist",1,33,"one_slider","Yes","",NA,"",9.00923333333333,"E 385"
"4327",385,"Y","I","YDI","D","nutritionist",0.31,34,"one_slider","Yes","",NA,"",9.00923333333333,"E 385"
"4328",385,"Y","A","YQA","Q","conductor",0.32,35,"one_slider","Yes","",NA,"",9.00923333333333,"E 385"
"4329",274,"","","","","",0.95,NA,"one_slider_practice","Confused","Female","21","Spanish, English, Chinese",6.86901666666667,"E 274"
"4330",274,"","","","","",0.92,NA,"one_slider_practice","Confused","Female","21","Spanish, English, Chinese",6.86901666666667,"E 274"
"4331",274,"Y","I","YDI","D","troopleader",0.12,6,"one_slider","Confused","Female","21","Spanish, English, Chinese",6.86901666666667,"E 274"
"4332",274,"Y","I","YQI","Q","doctor",0.57,7,"one_slider","Confused","Female","21","Spanish, English, Chinese",6.86901666666667,"E 274"
"4333",274,"f","l","filler","i","filler5",0.81,8,"one_slider","Confused","Female","21","Spanish, English, Chinese",6.86901666666667,"E 274"
"4334",274,"f","l","filler","i","filler2",0.7,9,"one_slider","Confused","Female","21","Spanish, English, Chinese",6.86901666666667,"E 274"
"4335",274,"N","A","NQA","Q","pilot",0.42,10,"one_slider","Confused","Female","21","Spanish, English, Chinese",6.86901666666667,"E 274"
"4336",274,"N","A","NQA","Q","patient",0.59,11,"one_slider","Confused","Female","21","Spanish, English, Chinese",6.86901666666667,"E 274"
"4337",274,"N","A","NDA","D","travelagent",0.33,12,"one_slider","Confused","Female","21","Spanish, English, Chinese",6.86901666666667,"E 274"
"4338",274,"Y","I","YDI","D","choreographer",0.28,13,"one_slider","Confused","Female","21","Spanish, English, Chinese",6.86901666666667,"E 274"
"4339",274,"f","l","filler","i","filler6",0.09,14,"one_slider","Confused","Female","21","Spanish, English, Chinese",6.86901666666667,"E 274"
"4340",274,"Y","A","YQA","Q","dentist",0.34,15,"one_slider","Confused","Female","21","Spanish, English, Chinese",6.86901666666667,"E 274"
"4341",274,"N","A","NQA","Q","priest",0.61,16,"one_slider","Confused","Female","21","Spanish, English, Chinese",6.86901666666667,"E 274"
"4342",274,"Y","A","YDA","D","fan",0.33,17,"one_slider","Confused","Female","21","Spanish, English, Chinese",6.86901666666667,"E 274"
"4343",274,"N","I","NQI","Q","supervisor",0.5,18,"one_slider","Confused","Female","21","Spanish, English, Chinese",6.86901666666667,"E 274"
"4344",274,"Y","I","YDI","D","groom",0.69,19,"one_slider","Confused","Female","21","Spanish, English, Chinese",6.86901666666667,"E 274"
"4345",274,"N","I","NDI","D","queen",0.41,20,"one_slider","Confused","Female","21","Spanish, English, Chinese",6.86901666666667,"E 274"
"4346",274,"Y","A","YDA","D","stylist",0.57,21,"one_slider","Confused","Female","21","Spanish, English, Chinese",6.86901666666667,"E 274"
"4347",274,"N","A","NDA","D","CEO",0.61,22,"one_slider","Confused","Female","21","Spanish, English, Chinese",6.86901666666667,"E 274"
"4348",274,"f","l","filler","i","filler3",0.6,23,"one_slider","Confused","Female","21","Spanish, English, Chinese",6.86901666666667,"E 274"
"4349",274,"N","A","NDA","D","coach",0.43,24,"one_slider","Confused","Female","21","Spanish, English, Chinese",6.86901666666667,"E 274"
"4350",274,"N","I","NDI","D","scientist",0.62,25,"one_slider","Confused","Female","21","Spanish, English, Chinese",6.86901666666667,"E 274"
"4351",274,"Y","I","YQI","Q","pianist",0.42,26,"one_slider","Confused","Female","21","Spanish, English, Chinese",6.86901666666667,"E 274"
"4352",274,"Y","A","YDA","D","playwright",0.58,27,"one_slider","Confused","Female","21","Spanish, English, Chinese",6.86901666666667,"E 274"
"4353",274,"Y","I","YQI","Q","conductor",0.62,28,"one_slider","Confused","Female","21","Spanish, English, Chinese",6.86901666666667,"E 274"
"4354",274,"f","l","filler","i","filler1",0.64,29,"one_slider","Confused","Female","21","Spanish, English, Chinese",6.86901666666667,"E 274"
"4355",274,"N","I","NQI","Q","bartender",0.85,30,"one_slider","Confused","Female","21","Spanish, English, Chinese",6.86901666666667,"E 274"
"4356",274,"Y","A","YQA","Q","chef",0.56,31,"one_slider","Confused","Female","21","Spanish, English, Chinese",6.86901666666667,"E 274"
"4357",274,"Y","A","YQA","Q","artist",0.38,32,"one_slider","Confused","Female","21","Spanish, English, Chinese",6.86901666666667,"E 274"
"4358",274,"N","I","NDI","D","nutritionist",0.35,33,"one_slider","Confused","Female","21","Spanish, English, Chinese",6.86901666666667,"E 274"
"4359",274,"N","I","NQI","Q","professor",0.62,34,"one_slider","Confused","Female","21","Spanish, English, Chinese",6.86901666666667,"E 274"
"4360",274,"f","l","filler","i","filler4",0.68,35,"one_slider","Confused","Female","21","Spanish, English, Chinese",6.86901666666667,"E 274"
"4361",432,"","","","","",0.8,NA,"one_slider_practice","Yes","Male","21","Spanish",6.60678333333333,"E 432"
"4362",432,"","","","","",0.88,NA,"one_slider_practice","Yes","Male","21","Spanish",6.60678333333333,"E 432"
"4363",432,"Y","A","YQA","Q","scientist",0.77,6,"one_slider","Yes","Male","21","Spanish",6.60678333333333,"E 432"
"4364",432,"Y","A","YQA","Q","queen",0.83,7,"one_slider","Yes","Male","21","Spanish",6.60678333333333,"E 432"
"4365",432,"N","I","NDI","D","troopleader",0.17,8,"one_slider","Yes","Male","21","Spanish",6.60678333333333,"E 432"
"4366",432,"Y","A","YDA","D","coach",0.8,9,"one_slider","Yes","Male","21","Spanish",6.60678333333333,"E 432"
"4367",432,"Y","I","YQI","Q","bartender",0.82,10,"one_slider","Yes","Male","21","Spanish",6.60678333333333,"E 432"
"4368",432,"Y","I","YDI","D","conductor",0.19,11,"one_slider","Yes","Male","21","Spanish",6.60678333333333,"E 432"
"4369",432,"N","I","NQI","Q","pilot",0.82,12,"one_slider","Yes","Male","21","Spanish",6.60678333333333,"E 432"
"4370",432,"N","A","NDA","D","dentist",0.17,13,"one_slider","Yes","Male","21","Spanish",6.60678333333333,"E 432"
"4371",432,"Y","I","YQI","Q","chef",0.83,14,"one_slider","Yes","Male","21","Spanish",6.60678333333333,"E 432"
"4372",432,"f","l","filler","i","filler5",0.9,15,"one_slider","Yes","Male","21","Spanish",6.60678333333333,"E 432"
"4373",432,"f","l","filler","i","filler1",0.79,16,"one_slider","Yes","Male","21","Spanish",6.60678333333333,"E 432"
"4374",432,"N","I","NQI","Q","artist",0.86,17,"one_slider","Yes","Male","21","Spanish",6.60678333333333,"E 432"
"4375",432,"f","l","filler","i","filler4",0.83,18,"one_slider","Yes","Male","21","Spanish",6.60678333333333,"E 432"
"4376",432,"N","A","NDA","D","travelagent",0.87,19,"one_slider","Yes","Male","21","Spanish",6.60678333333333,"E 432"
"4377",432,"N","A","NQA","Q","playwright",0.93,20,"one_slider","Yes","Male","21","Spanish",6.60678333333333,"E 432"
"4378",432,"f","l","filler","i","filler6",0.17,21,"one_slider","Yes","Male","21","Spanish",6.60678333333333,"E 432"
"4379",432,"Y","I","YQI","Q","stylist",0.93,22,"one_slider","Yes","Male","21","Spanish",6.60678333333333,"E 432"
"4380",432,"Y","A","YQA","Q","pianist",0.88,23,"one_slider","Yes","Male","21","Spanish",6.60678333333333,"E 432"
"4381",432,"f","l","filler","i","filler3",0.11,24,"one_slider","Yes","Male","21","Spanish",6.60678333333333,"E 432"
"4382",432,"N","A","NQA","Q","supervisor",0.86,25,"one_slider","Yes","Male","21","Spanish",6.60678333333333,"E 432"
"4383",432,"f","l","filler","i","filler2",0.86,26,"one_slider","Yes","Male","21","Spanish",6.60678333333333,"E 432"
"4384",432,"N","I","NDI","D","groom",0.94,27,"one_slider","Yes","Male","21","Spanish",6.60678333333333,"E 432"
"4385",432,"Y","I","YDI","D","choreographer",0.19,28,"one_slider","Yes","Male","21","Spanish",6.60678333333333,"E 432"
"4386",432,"N","I","NQI","Q","CEO",0.08,29,"one_slider","Yes","Male","21","Spanish",6.60678333333333,"E 432"
"4387",432,"N","A","NDA","D","doctor",0.91,30,"one_slider","Yes","Male","21","Spanish",6.60678333333333,"E 432"
"4388",432,"N","I","NDI","D","nutritionist",0.85,31,"one_slider","Yes","Male","21","Spanish",6.60678333333333,"E 432"
"4389",432,"Y","A","YDA","D","fan",0.18,32,"one_slider","Yes","Male","21","Spanish",6.60678333333333,"E 432"
"4390",432,"Y","A","YDA","D","patient",0.17,33,"one_slider","Yes","Male","21","Spanish",6.60678333333333,"E 432"
"4391",432,"N","A","NQA","Q","professor",0.89,34,"one_slider","Yes","Male","21","Spanish",6.60678333333333,"E 432"
"4392",432,"Y","I","YDI","D","priest",0.92,35,"one_slider","Yes","Male","21","Spanish",6.60678333333333,"E 432"
"4393",512,"","","","","",1,NA,"one_slider_practice","Yes","Female","21","spanish",12.73685,"E 512"
"4394",512,"","","","","",1,NA,"one_slider_practice","Yes","Female","21","spanish",12.73685,"E 512"
"4395",512,"N","I","NDI","D","patient",0.98,6,"one_slider","Yes","Female","21","spanish",12.73685,"E 512"
"4396",512,"Y","A","YDA","D","chef",0.24,7,"one_slider","Yes","Female","21","spanish",12.73685,"E 512"
"4397",512,"Y","I","YDI","D","supervisor",0.26,8,"one_slider","Yes","Female","21","spanish",12.73685,"E 512"
"4398",512,"N","A","NQA","Q","troopleader",0.93,9,"one_slider","Yes","Female","21","spanish",12.73685,"E 512"
"4399",512,"Y","A","YQA","Q","bartender",0.93,10,"one_slider","Yes","Female","21","spanish",12.73685,"E 512"
"4400",512,"Y","I","YQI","Q","CEO",0.52,11,"one_slider","Yes","Female","21","spanish",12.73685,"E 512"
"4401",512,"Y","I","YDI","D","pianist",0.11,12,"one_slider","Yes","Female","21","spanish",12.73685,"E 512"
"4402",512,"f","l","filler","i","filler1",0.95,13,"one_slider","Yes","Female","21","spanish",12.73685,"E 512"
"4403",512,"Y","I","YQI","Q","playwright",0.19,14,"one_slider","Yes","Female","21","spanish",12.73685,"E 512"
"4404",512,"N","I","NQI","Q","nutritionist",0.25,15,"one_slider","Yes","Female","21","spanish",12.73685,"E 512"
"4405",512,"N","A","NQA","Q","fan",0.53,16,"one_slider","Yes","Female","21","spanish",12.73685,"E 512"
"4406",512,"Y","A","YDA","D","doctor",0.98,17,"one_slider","Yes","Female","21","spanish",12.73685,"E 512"
"4407",512,"N","A","NDA","D","priest",0.95,18,"one_slider","Yes","Female","21","spanish",12.73685,"E 512"
"4408",512,"N","I","NDI","D","choreographer",0.37,19,"one_slider","Yes","Female","21","spanish",12.73685,"E 512"
"4409",512,"f","l","filler","i","filler4",0.35,20,"one_slider","Yes","Female","21","spanish",12.73685,"E 512"
"4410",512,"f","l","filler","i","filler6",0.23,21,"one_slider","Yes","Female","21","spanish",12.73685,"E 512"
"4411",512,"N","A","NQA","Q","scientist",0.99,22,"one_slider","Yes","Female","21","spanish",12.73685,"E 512"
"4412",512,"Y","I","YQI","Q","coach",1,23,"one_slider","Yes","Female","21","spanish",12.73685,"E 512"
"4413",512,"N","A","NDA","D","artist",0.97,24,"one_slider","Yes","Female","21","spanish",12.73685,"E 512"
"4414",512,"N","I","NQI","Q","queen",0.97,25,"one_slider","Yes","Female","21","spanish",12.73685,"E 512"
"4415",512,"Y","A","YQA","Q","pilot",0.24,26,"one_slider","Yes","Female","21","spanish",12.73685,"E 512"
"4416",512,"N","A","NDA","D","conductor",0.5,27,"one_slider","Yes","Female","21","spanish",12.73685,"E 512"
"4417",512,"Y","I","YDI","D","dentist",0.35,28,"one_slider","Yes","Female","21","spanish",12.73685,"E 512"
"4418",512,"Y","A","YDA","D","stylist",0.98,29,"one_slider","Yes","Female","21","spanish",12.73685,"E 512"
"4419",512,"f","l","filler","i","filler3",0.98,30,"one_slider","Yes","Female","21","spanish",12.73685,"E 512"
"4420",512,"N","I","NQI","Q","professor",1,31,"one_slider","Yes","Female","21","spanish",12.73685,"E 512"
"4421",512,"f","l","filler","i","filler2",1,32,"one_slider","Yes","Female","21","spanish",12.73685,"E 512"
"4422",512,"N","I","NDI","D","travelagent",1,33,"one_slider","Yes","Female","21","spanish",12.73685,"E 512"
"4423",512,"Y","A","YQA","Q","groom",0.98,34,"one_slider","Yes","Female","21","spanish",12.73685,"E 512"
"4424",512,"f","l","filler","i","filler5",0.21,35,"one_slider","Yes","Female","21","spanish",12.73685,"E 512"
"4425",234,"","","","","",1,NA,"one_slider_practice","Yes","Female","22","English",10.9000333333333,"E 234"
"4426",234,"","","","","",1,NA,"one_slider_practice","Yes","Female","22","English",10.9000333333333,"E 234"
"4427",234,"f","l","filler","i","filler5",0.04,6,"one_slider","Yes","Female","22","English",10.9000333333333,"E 234"
"4428",234,"N","A","NQA","Q","choreographer",0.34,7,"one_slider","Yes","Female","22","English",10.9000333333333,"E 234"
"4429",234,"Y","A","YDA","D","priest",0.5,8,"one_slider","Yes","Female","22","English",10.9000333333333,"E 234"
"4430",234,"N","I","NDI","D","troopleader",0.46,9,"one_slider","Yes","Female","22","English",10.9000333333333,"E 234"
"4431",234,"N","A","NQA","Q","conductor",0.64,10,"one_slider","Yes","Female","22","English",10.9000333333333,"E 234"
"4432",234,"f","l","filler","i","filler2",1,11,"one_slider","Yes","Female","22","English",10.9000333333333,"E 234"
"4433",234,"N","I","NQI","Q","scientist",0.5,12,"one_slider","Yes","Female","22","English",10.9000333333333,"E 234"
"4434",234,"N","A","NQA","Q","patient",0.32,13,"one_slider","Yes","Female","22","English",10.9000333333333,"E 234"
"4435",234,"Y","I","YQI","Q","supervisor",0.24,14,"one_slider","Yes","Female","22","English",10.9000333333333,"E 234"
"4436",234,"Y","I","YQI","Q","coach",0.05,15,"one_slider","Yes","Female","22","English",10.9000333333333,"E 234"
"4437",234,"Y","I","YDI","D","CEO",0.05,16,"one_slider","Yes","Female","22","English",10.9000333333333,"E 234"
"4438",234,"N","A","NDA","D","queen",0.97,17,"one_slider","Yes","Female","22","English",10.9000333333333,"E 234"
"4439",234,"N","I","NQI","Q","fan",0.31,18,"one_slider","Yes","Female","22","English",10.9000333333333,"E 234"
"4440",234,"f","l","filler","i","filler3",0.85,19,"one_slider","Yes","Female","22","English",10.9000333333333,"E 234"
"4441",234,"N","A","NDA","D","chef",0.64,20,"one_slider","Yes","Female","22","English",10.9000333333333,"E 234"
"4442",234,"f","l","filler","i","filler6",0.06,21,"one_slider","Yes","Female","22","English",10.9000333333333,"E 234"
"4443",234,"N","I","NQI","Q","nutritionist",0.72,22,"one_slider","Yes","Female","22","English",10.9000333333333,"E 234"
"4444",234,"f","l","filler","i","filler1",0.84,23,"one_slider","Yes","Female","22","English",10.9000333333333,"E 234"
"4445",234,"N","I","NDI","D","travelagent",0.67,24,"one_slider","Yes","Female","22","English",10.9000333333333,"E 234"
"4446",234,"Y","A","YQA","Q","artist",0.2,25,"one_slider","Yes","Female","22","English",10.9000333333333,"E 234"
"4447",234,"Y","A","YQA","Q","groom",0.04,26,"one_slider","Yes","Female","22","English",10.9000333333333,"E 234"
"4448",234,"f","l","filler","i","filler4",0.04,27,"one_slider","Yes","Female","22","English",10.9000333333333,"E 234"
"4449",234,"N","A","NDA","D","pilot",0.58,28,"one_slider","Yes","Female","22","English",10.9000333333333,"E 234"
"4450",234,"Y","I","YDI","D","dentist",0.02,29,"one_slider","Yes","Female","22","English",10.9000333333333,"E 234"
"4451",234,"N","I","NDI","D","pianist",0.83,30,"one_slider","Yes","Female","22","English",10.9000333333333,"E 234"
"4452",234,"Y","I","YQI","Q","doctor",0.22,31,"one_slider","Yes","Female","22","English",10.9000333333333,"E 234"
"4453",234,"Y","A","YDA","D","bartender",0.63,32,"one_slider","Yes","Female","22","English",10.9000333333333,"E 234"
"4454",234,"Y","I","YDI","D","playwright",0.61,33,"one_slider","Yes","Female","22","English",10.9000333333333,"E 234"
"4455",234,"Y","A","YDA","D","professor",0.08,34,"one_slider","Yes","Female","22","English",10.9000333333333,"E 234"
"4456",234,"Y","A","YQA","Q","stylist",0.16,35,"one_slider","Yes","Female","22","English",10.9000333333333,"E 234"
"4457",494,"","","","","",0.75,NA,"one_slider_practice","Confused","Female","20","Spanish",8.24146666666667,"E 494"
"4458",494,"","","","","",0.56,NA,"one_slider_practice","Confused","Female","20","Spanish",8.24146666666667,"E 494"
"4459",494,"N","A","NQA","Q","priest",0.71,6,"one_slider","Confused","Female","20","Spanish",8.24146666666667,"E 494"
"4460",494,"f","l","filler","i","filler6",0.12,7,"one_slider","Confused","Female","20","Spanish",8.24146666666667,"E 494"
"4461",494,"N","A","NDA","D","chef",0.78,8,"one_slider","Confused","Female","20","Spanish",8.24146666666667,"E 494"
"4462",494,"N","I","NDI","D","pianist",0.85,9,"one_slider","Confused","Female","20","Spanish",8.24146666666667,"E 494"
"4463",494,"N","A","NDA","D","bartender",0.71,10,"one_slider","Confused","Female","20","Spanish",8.24146666666667,"E 494"
"4464",494,"Y","I","YDI","D","playwright",0.77,11,"one_slider","Confused","Female","20","Spanish",8.24146666666667,"E 494"
"4465",494,"f","l","filler","i","filler1",0.88,12,"one_slider","Confused","Female","20","Spanish",8.24146666666667,"E 494"
"4466",494,"N","I","NQI","Q","dentist",0.32,13,"one_slider","Confused","Female","20","Spanish",8.24146666666667,"E 494"
"4467",494,"N","A","NDA","D","fan",0.57,14,"one_slider","Confused","Female","20","Spanish",8.24146666666667,"E 494"
"4468",494,"N","I","NQI","Q","stylist",0.95,15,"one_slider","Confused","Female","20","Spanish",8.24146666666667,"E 494"
"4469",494,"N","I","NDI","D","troopleader",0.73,16,"one_slider","Confused","Female","20","Spanish",8.24146666666667,"E 494"
"4470",494,"Y","I","YDI","D","groom",0.9,17,"one_slider","Confused","Female","20","Spanish",8.24146666666667,"E 494"
"4471",494,"Y","A","YQA","Q","scientist",0.79,18,"one_slider","Confused","Female","20","Spanish",8.24146666666667,"E 494"
"4472",494,"N","I","NDI","D","supervisor",0.51,19,"one_slider","Confused","Female","20","Spanish",8.24146666666667,"E 494"
"4473",494,"N","A","NQA","Q","artist",0.88,20,"one_slider","Confused","Female","20","Spanish",8.24146666666667,"E 494"
"4474",494,"Y","A","YDA","D","doctor",0.83,21,"one_slider","Confused","Female","20","Spanish",8.24146666666667,"E 494"
"4475",494,"f","l","filler","i","filler5",0.47,22,"one_slider","Confused","Female","20","Spanish",8.24146666666667,"E 494"
"4476",494,"Y","I","YQI","Q","professor",0.68,23,"one_slider","Confused","Female","20","Spanish",8.24146666666667,"E 494"
"4477",494,"N","A","NQA","Q","choreographer",0.31,24,"one_slider","Confused","Female","20","Spanish",8.24146666666667,"E 494"
"4478",494,"N","I","NQI","Q","nutritionist",0.55,25,"one_slider","Confused","Female","20","Spanish",8.24146666666667,"E 494"
"4479",494,"Y","A","YDA","D","conductor",0.36,26,"one_slider","Confused","Female","20","Spanish",8.24146666666667,"E 494"
"4480",494,"Y","I","YQI","Q","patient",0.58,27,"one_slider","Confused","Female","20","Spanish",8.24146666666667,"E 494"
"4481",494,"Y","I","YQI","Q","coach",0.38,28,"one_slider","Confused","Female","20","Spanish",8.24146666666667,"E 494"
"4482",494,"Y","A","YQA","Q","CEO",0.69,29,"one_slider","Confused","Female","20","Spanish",8.24146666666667,"E 494"
"4483",494,"Y","I","YDI","D","queen",0.76,30,"one_slider","Confused","Female","20","Spanish",8.24146666666667,"E 494"
"4484",494,"f","l","filler","i","filler2",0.4,31,"one_slider","Confused","Female","20","Spanish",8.24146666666667,"E 494"
"4485",494,"f","l","filler","i","filler4",0.41,32,"one_slider","Confused","Female","20","Spanish",8.24146666666667,"E 494"
"4486",494,"Y","A","YDA","D","pilot",0.7,33,"one_slider","Confused","Female","20","Spanish",8.24146666666667,"E 494"
"4487",494,"f","l","filler","i","filler3",0.7,34,"one_slider","Confused","Female","20","Spanish",8.24146666666667,"E 494"
"4488",494,"Y","A","YQA","Q","travelagent",0.54,35,"one_slider","Confused","Female","20","Spanish",8.24146666666667,"E 494"
"4489",139,"","","","","",0.87,NA,"one_slider_practice","Yes","Female","22","Vietnamese",16.19825,"E 139"
"4490",139,"","","","","",0.9,NA,"one_slider_practice","Yes","Female","22","Vietnamese",16.19825,"E 139"
"4491",139,"f","l","filler","i","filler3",0.28,6,"one_slider","Yes","Female","22","Vietnamese",16.19825,"E 139"
"4492",139,"Y","I","YDI","D","stylist",0.68,7,"one_slider","Yes","Female","22","Vietnamese",16.19825,"E 139"
"4493",139,"N","A","NQA","Q","troopleader",0.16,8,"one_slider","Yes","Female","22","Vietnamese",16.19825,"E 139"
"4494",139,"N","A","NDA","D","dentist",0.73,9,"one_slider","Yes","Female","22","Vietnamese",16.19825,"E 139"
"4495",139,"N","I","NDI","D","travelagent",0.8,10,"one_slider","Yes","Female","22","Vietnamese",16.19825,"E 139"
"4496",139,"Y","I","YDI","D","nutritionist",0.81,11,"one_slider","Yes","Female","22","Vietnamese",16.19825,"E 139"
"4497",139,"f","l","filler","i","filler4",0.21,12,"one_slider","Yes","Female","22","Vietnamese",16.19825,"E 139"
"4498",139,"N","A","NDA","D","conductor",0.82,13,"one_slider","Yes","Female","22","Vietnamese",16.19825,"E 139"
"4499",139,"Y","A","YQA","Q","CEO",0.84,14,"one_slider","Yes","Female","22","Vietnamese",16.19825,"E 139"
"4500",139,"f","l","filler","i","filler1",0.82,15,"one_slider","Yes","Female","22","Vietnamese",16.19825,"E 139"
"4501",139,"Y","I","YQI","Q","chef",0.8,16,"one_slider","Yes","Female","22","Vietnamese",16.19825,"E 139"
"4502",139,"N","I","NDI","D","artist",0.8,17,"one_slider","Yes","Female","22","Vietnamese",16.19825,"E 139"
"4503",139,"N","I","NQI","Q","supervisor",0.31,18,"one_slider","Yes","Female","22","Vietnamese",16.19825,"E 139"
"4504",139,"f","l","filler","i","filler2",0.76,19,"one_slider","Yes","Female","22","Vietnamese",16.19825,"E 139"
"4505",139,"Y","A","YQA","Q","doctor",0.85,20,"one_slider","Yes","Female","22","Vietnamese",16.19825,"E 139"
"4506",139,"Y","A","YDA","D","coach",0.78,21,"one_slider","Yes","Female","22","Vietnamese",16.19825,"E 139"
"4507",139,"Y","A","YQA","Q","pianist",0.48,22,"one_slider","Yes","Female","22","Vietnamese",16.19825,"E 139"
"4508",139,"N","I","NDI","D","fan",0.78,23,"one_slider","Yes","Female","22","Vietnamese",16.19825,"E 139"
"4509",139,"f","l","filler","i","filler5",0.12,24,"one_slider","Yes","Female","22","Vietnamese",16.19825,"E 139"
"4510",139,"Y","I","YDI","D","priest",0.76,25,"one_slider","Yes","Female","22","Vietnamese",16.19825,"E 139"
"4511",139,"N","A","NDA","D","choreographer",0.57,26,"one_slider","Yes","Female","22","Vietnamese",16.19825,"E 139"
"4512",139,"Y","I","YQI","Q","queen",0.79,27,"one_slider","Yes","Female","22","Vietnamese",16.19825,"E 139"
"4513",139,"Y","A","YDA","D","groom",0.23,28,"one_slider","Yes","Female","22","Vietnamese",16.19825,"E 139"
"4514",139,"N","I","NQI","Q","scientist",0.81,29,"one_slider","Yes","Female","22","Vietnamese",16.19825,"E 139"
"4515",139,"f","l","filler","i","filler6",0.14,30,"one_slider","Yes","Female","22","Vietnamese",16.19825,"E 139"
"4516",139,"N","A","NQA","Q","professor",0.52,31,"one_slider","Yes","Female","22","Vietnamese",16.19825,"E 139"
"4517",139,"N","A","NQA","Q","bartender",0.75,32,"one_slider","Yes","Female","22","Vietnamese",16.19825,"E 139"
"4518",139,"Y","I","YQI","Q","pilot",0.82,33,"one_slider","Yes","Female","22","Vietnamese",16.19825,"E 139"
"4519",139,"N","I","NQI","Q","playwright",0.75,34,"one_slider","Yes","Female","22","Vietnamese",16.19825,"E 139"
"4520",139,"Y","A","YDA","D","patient",0.8,35,"one_slider","Yes","Female","22","Vietnamese",16.19825,"E 139"
"4521",580,"","","","","",0.32,NA,"one_slider_practice","Yes","Female","18","English ",11.7351,"E 580"
"4522",580,"","","","","",0.87,NA,"one_slider_practice","Yes","Female","18","English ",11.7351,"E 580"
"4523",580,"N","A","NDA","D","pilot",0.53,6,"one_slider","Yes","Female","18","English ",11.7351,"E 580"
"4524",580,"N","I","NQI","Q","playwright",0.99,7,"one_slider","Yes","Female","18","English ",11.7351,"E 580"
"4525",580,"N","I","NDI","D","stylist",0.92,8,"one_slider","Yes","Female","18","English ",11.7351,"E 580"
"4526",580,"N","I","NDI","D","chef",0.65,9,"one_slider","Yes","Female","18","English ",11.7351,"E 580"
"4527",580,"f","l","filler","i","filler1",0.95,10,"one_slider","Yes","Female","18","English ",11.7351,"E 580"
"4528",580,"Y","I","YQI","Q","artist",0.58,11,"one_slider","Yes","Female","18","English ",11.7351,"E 580"
"4529",580,"N","A","NQA","Q","coach",0.9,12,"one_slider","Yes","Female","18","English ",11.7351,"E 580"
"4530",580,"Y","I","YDI","D","nutritionist",0.92,13,"one_slider","Yes","Female","18","English ",11.7351,"E 580"
"4531",580,"N","I","NDI","D","patient",0.95,14,"one_slider","Yes","Female","18","English ",11.7351,"E 580"
"4532",580,"N","A","NDA","D","doctor",0.81,15,"one_slider","Yes","Female","18","English ",11.7351,"E 580"
"4533",580,"N","A","NDA","D","conductor",0.56,16,"one_slider","Yes","Female","18","English ",11.7351,"E 580"
"4534",580,"N","I","NQI","Q","choreographer",0.49,17,"one_slider","Yes","Female","18","English ",11.7351,"E 580"
"4535",580,"f","l","filler","i","filler3",0.99,18,"one_slider","Yes","Female","18","English ",11.7351,"E 580"
"4536",580,"N","A","NQA","Q","supervisor",0.75,19,"one_slider","Yes","Female","18","English ",11.7351,"E 580"
"4537",580,"Y","A","YDA","D","scientist",0.42,20,"one_slider","Yes","Female","18","English ",11.7351,"E 580"
"4538",580,"Y","A","YDA","D","bartender",0.76,21,"one_slider","Yes","Female","18","English ",11.7351,"E 580"
"4539",580,"f","l","filler","i","filler5",0.18,22,"one_slider","Yes","Female","18","English ",11.7351,"E 580"
"4540",580,"Y","A","YQA","Q","groom",0.29,23,"one_slider","Yes","Female","18","English ",11.7351,"E 580"
"4541",580,"Y","I","YQI","Q","CEO",0.69,24,"one_slider","Yes","Female","18","English ",11.7351,"E 580"
"4542",580,"f","l","filler","i","filler4",0.6,25,"one_slider","Yes","Female","18","English ",11.7351,"E 580"
"4543",580,"Y","A","YQA","Q","troopleader",0.75,26,"one_slider","Yes","Female","18","English ",11.7351,"E 580"
"4544",580,"Y","I","YDI","D","fan",1,27,"one_slider","Yes","Female","18","English ",11.7351,"E 580"
"4545",580,"Y","A","YDA","D","dentist",0.59,28,"one_slider","Yes","Female","18","English ",11.7351,"E 580"
"4546",580,"Y","I","YDI","D","queen",1,29,"one_slider","Yes","Female","18","English ",11.7351,"E 580"
"4547",580,"N","A","NQA","Q","pianist",0.91,30,"one_slider","Yes","Female","18","English ",11.7351,"E 580"
"4548",580,"Y","A","YQA","Q","travelagent",0.64,31,"one_slider","Yes","Female","18","English ",11.7351,"E 580"
"4549",580,"f","l","filler","i","filler6",0.16,32,"one_slider","Yes","Female","18","English ",11.7351,"E 580"
"4550",580,"N","I","NQI","Q","priest",0.87,33,"one_slider","Yes","Female","18","English ",11.7351,"E 580"
"4551",580,"Y","I","YQI","Q","professor",0.73,34,"one_slider","Yes","Female","18","English ",11.7351,"E 580"
"4552",580,"f","l","filler","i","filler2",0.95,35,"one_slider","Yes","Female","18","English ",11.7351,"E 580"
"4553",478,"","","","","",1,NA,"one_slider_practice","Yes","Male","21","English",10.8494666666667,"E 478"
"4554",478,"","","","","",1,NA,"one_slider_practice","Yes","Male","21","English",10.8494666666667,"E 478"
"4555",478,"f","l","filler","i","filler2",0.39,6,"one_slider","Yes","Male","21","English",10.8494666666667,"E 478"
"4556",478,"Y","A","YQA","Q","choreographer",0.59,7,"one_slider","Yes","Male","21","English",10.8494666666667,"E 478"
"4557",478,"N","I","NQI","Q","fan",1,8,"one_slider","Yes","Male","21","English",10.8494666666667,"E 478"
"4558",478,"N","A","NQA","Q","chef",1,9,"one_slider","Yes","Male","21","English",10.8494666666667,"E 478"
"4559",478,"N","I","NQI","Q","scientist",0.85,10,"one_slider","Yes","Male","21","English",10.8494666666667,"E 478"
"4560",478,"f","l","filler","i","filler6",0,11,"one_slider","Yes","Male","21","English",10.8494666666667,"E 478"
"4561",478,"Y","A","YDA","D","nutritionist",0.31,12,"one_slider","Yes","Male","21","English",10.8494666666667,"E 478"
"4562",478,"N","I","NQI","Q","patient",1,13,"one_slider","Yes","Male","21","English",10.8494666666667,"E 478"
"4563",478,"N","A","NQA","Q","groom",0.84,14,"one_slider","Yes","Male","21","English",10.8494666666667,"E 478"
"4564",478,"f","l","filler","i","filler3",0.27,15,"one_slider","Yes","Male","21","English",10.8494666666667,"E 478"
"4565",478,"N","A","NDA","D","artist",1,16,"one_slider","Yes","Male","21","English",10.8494666666667,"E 478"
"4566",478,"Y","A","YDA","D","queen",0.86,17,"one_slider","Yes","Male","21","English",10.8494666666667,"E 478"
"4567",478,"Y","I","YQI","Q","pilot",0.2,18,"one_slider","Yes","Male","21","English",10.8494666666667,"E 478"
"4568",478,"f","l","filler","i","filler1",0.72,19,"one_slider","Yes","Male","21","English",10.8494666666667,"E 478"
"4569",478,"Y","I","YQI","Q","stylist",0.83,20,"one_slider","Yes","Male","21","English",10.8494666666667,"E 478"
"4570",478,"Y","I","YDI","D","travelagent",0.82,21,"one_slider","Yes","Male","21","English",10.8494666666667,"E 478"
"4571",478,"Y","A","YDA","D","supervisor",0.38,22,"one_slider","Yes","Male","21","English",10.8494666666667,"E 478"
"4572",478,"N","I","NDI","D","priest",1,23,"one_slider","Yes","Male","21","English",10.8494666666667,"E 478"
"4573",478,"Y","A","YQA","Q","playwright",0.73,24,"one_slider","Yes","Male","21","English",10.8494666666667,"E 478"
"4574",478,"N","I","NDI","D","doctor",0.36,25,"one_slider","Yes","Male","21","English",10.8494666666667,"E 478"
"4575",478,"N","A","NDA","D","troopleader",0.9,26,"one_slider","Yes","Male","21","English",10.8494666666667,"E 478"
"4576",478,"Y","A","YQA","Q","coach",0.85,27,"one_slider","Yes","Male","21","English",10.8494666666667,"E 478"
"4577",478,"Y","I","YDI","D","conductor",0.59,28,"one_slider","Yes","Male","21","English",10.8494666666667,"E 478"
"4578",478,"N","A","NDA","D","pianist",1,29,"one_slider","Yes","Male","21","English",10.8494666666667,"E 478"
"4579",478,"f","l","filler","i","filler4",0.27,30,"one_slider","Yes","Male","21","English",10.8494666666667,"E 478"
"4580",478,"Y","I","YQI","Q","dentist",1,31,"one_slider","Yes","Male","21","English",10.8494666666667,"E 478"
"4581",478,"f","l","filler","i","filler5",0.07,32,"one_slider","Yes","Male","21","English",10.8494666666667,"E 478"
"4582",478,"N","I","NDI","D","professor",1,33,"one_slider","Yes","Male","21","English",10.8494666666667,"E 478"
"4583",478,"Y","I","YDI","D","CEO",0.66,34,"one_slider","Yes","Male","21","English",10.8494666666667,"E 478"
"4584",478,"N","A","NQA","Q","bartender",0.75,35,"one_slider","Yes","Male","21","English",10.8494666666667,"E 478"
"4585",362,"","","","","",0.92,NA,"one_slider_practice","Yes","Female","20","Cebuano/Tagalog",7.01511666666667,"E 362"
"4586",362,"","","","","",0.94,NA,"one_slider_practice","Yes","Female","20","Cebuano/Tagalog",7.01511666666667,"E 362"
"4587",362,"f","l","filler","i","filler6",0.17,6,"one_slider","Yes","Female","20","Cebuano/Tagalog",7.01511666666667,"E 362"
"4588",362,"N","A","NQA","Q","groom",0.86,7,"one_slider","Yes","Female","20","Cebuano/Tagalog",7.01511666666667,"E 362"
"4589",362,"Y","I","YQI","Q","stylist",0.9,8,"one_slider","Yes","Female","20","Cebuano/Tagalog",7.01511666666667,"E 362"
"4590",362,"N","A","NQA","Q","bartender",0.86,9,"one_slider","Yes","Female","20","Cebuano/Tagalog",7.01511666666667,"E 362"
"4591",362,"Y","I","YDI","D","professor",0.47,10,"one_slider","Yes","Female","20","Cebuano/Tagalog",7.01511666666667,"E 362"
"4592",362,"N","I","NDI","D","scientist",0.91,11,"one_slider","Yes","Female","20","Cebuano/Tagalog",7.01511666666667,"E 362"
"4593",362,"Y","I","YDI","D","troopleader",0.94,12,"one_slider","Yes","Female","20","Cebuano/Tagalog",7.01511666666667,"E 362"
"4594",362,"f","l","filler","i","filler2",0.89,13,"one_slider","Yes","Female","20","Cebuano/Tagalog",7.01511666666667,"E 362"
"4595",362,"Y","I","YQI","Q","conductor",0.87,14,"one_slider","Yes","Female","20","Cebuano/Tagalog",7.01511666666667,"E 362"
"4596",362,"f","l","filler","i","filler5",0.07,15,"one_slider","Yes","Female","20","Cebuano/Tagalog",7.01511666666667,"E 362"
"4597",362,"N","A","NDA","D","supervisor",0.91,16,"one_slider","Yes","Female","20","Cebuano/Tagalog",7.01511666666667,"E 362"
"4598",362,"N","A","NDA","D","travelagent",0.96,17,"one_slider","Yes","Female","20","Cebuano/Tagalog",7.01511666666667,"E 362"
"4599",362,"Y","I","YDI","D","nutritionist",0.1,18,"one_slider","Yes","Female","20","Cebuano/Tagalog",7.01511666666667,"E 362"
"4600",362,"Y","A","YDA","D","chef",0.91,19,"one_slider","Yes","Female","20","Cebuano/Tagalog",7.01511666666667,"E 362"
"4601",362,"Y","A","YQA","Q","CEO",0.96,20,"one_slider","Yes","Female","20","Cebuano/Tagalog",7.01511666666667,"E 362"
"4602",362,"f","l","filler","i","filler4",0,21,"one_slider","Yes","Female","20","Cebuano/Tagalog",7.01511666666667,"E 362"
"4603",362,"N","I","NQI","Q","dentist",0.96,22,"one_slider","Yes","Female","20","Cebuano/Tagalog",7.01511666666667,"E 362"
"4604",362,"f","l","filler","i","filler3",0.95,23,"one_slider","Yes","Female","20","Cebuano/Tagalog",7.01511666666667,"E 362"
"4605",362,"Y","A","YDA","D","pilot",0,24,"one_slider","Yes","Female","20","Cebuano/Tagalog",7.01511666666667,"E 362"
"4606",362,"N","I","NDI","D","coach",0.94,25,"one_slider","Yes","Female","20","Cebuano/Tagalog",7.01511666666667,"E 362"
"4607",362,"N","A","NQA","Q","queen",0.99,26,"one_slider","Yes","Female","20","Cebuano/Tagalog",7.01511666666667,"E 362"
"4608",362,"f","l","filler","i","filler1",0.96,27,"one_slider","Yes","Female","20","Cebuano/Tagalog",7.01511666666667,"E 362"
"4609",362,"Y","A","YDA","D","artist",0.96,28,"one_slider","Yes","Female","20","Cebuano/Tagalog",7.01511666666667,"E 362"
"4610",362,"Y","A","YQA","Q","choreographer",0,29,"one_slider","Yes","Female","20","Cebuano/Tagalog",7.01511666666667,"E 362"
"4611",362,"N","I","NDI","D","fan",0.99,30,"one_slider","Yes","Female","20","Cebuano/Tagalog",7.01511666666667,"E 362"
"4612",362,"N","A","NDA","D","priest",0.94,31,"one_slider","Yes","Female","20","Cebuano/Tagalog",7.01511666666667,"E 362"
"4613",362,"Y","A","YQA","Q","doctor",0.99,32,"one_slider","Yes","Female","20","Cebuano/Tagalog",7.01511666666667,"E 362"
"4614",362,"N","I","NQI","Q","patient",0.96,33,"one_slider","Yes","Female","20","Cebuano/Tagalog",7.01511666666667,"E 362"
"4615",362,"N","I","NQI","Q","pianist",0,34,"one_slider","Yes","Female","20","Cebuano/Tagalog",7.01511666666667,"E 362"
"4616",362,"Y","I","YQI","Q","playwright",1,35,"one_slider","Yes","Female","20","Cebuano/Tagalog",7.01511666666667,"E 362"
"4617",176,"","","","","",0.75,NA,"one_slider_practice","Confused","Female","19","English",16.8928,"E 176"
"4618",176,"","","","","",0.9,NA,"one_slider_practice","Confused","Female","19","English",16.8928,"E 176"
"4619",176,"N","A","NQA","Q","pianist",0.79,6,"one_slider","Confused","Female","19","English",16.8928,"E 176"
"4620",176,"Y","I","YQI","Q","scientist",0.39,7,"one_slider","Confused","Female","19","English",16.8928,"E 176"
"4621",176,"f","l","filler","i","filler4",0.36,8,"one_slider","Confused","Female","19","English",16.8928,"E 176"
"4622",176,"Y","A","YQA","Q","coach",0.33,9,"one_slider","Confused","Female","19","English",16.8928,"E 176"
"4623",176,"Y","I","YQI","Q","professor",0.62,10,"one_slider","Confused","Female","19","English",16.8928,"E 176"
"4624",176,"N","I","NDI","D","choreographer",0.77,11,"one_slider","Confused","Female","19","English",16.8928,"E 176"
"4625",176,"Y","A","YDA","D","patient",0.74,12,"one_slider","Confused","Female","19","English",16.8928,"E 176"
"4626",176,"f","l","filler","i","filler5",0.24,13,"one_slider","Confused","Female","19","English",16.8928,"E 176"
"4627",176,"N","I","NQI","Q","stylist",0.78,14,"one_slider","Confused","Female","19","English",16.8928,"E 176"
"4628",176,"Y","I","YDI","D","CEO",0.52,15,"one_slider","Confused","Female","19","English",16.8928,"E 176"
"4629",176,"N","A","NDA","D","playwright",0.78,16,"one_slider","Confused","Female","19","English",16.8928,"E 176"
"4630",176,"Y","I","YDI","D","troopleader",0.72,17,"one_slider","Confused","Female","19","English",16.8928,"E 176"
"4631",176,"f","l","filler","i","filler3",0.84,18,"one_slider","Confused","Female","19","English",16.8928,"E 176"
"4632",176,"N","I","NDI","D","pilot",0.67,19,"one_slider","Confused","Female","19","English",16.8928,"E 176"
"4633",176,"N","A","NDA","D","nutritionist",0.56,20,"one_slider","Confused","Female","19","English",16.8928,"E 176"
"4634",176,"Y","A","YDA","D","doctor",0.84,21,"one_slider","Confused","Female","19","English",16.8928,"E 176"
"4635",176,"f","l","filler","i","filler6",0.34,22,"one_slider","Confused","Female","19","English",16.8928,"E 176"
"4636",176,"N","A","NQA","Q","travelagent",0.9,23,"one_slider","Confused","Female","19","English",16.8928,"E 176"
"4637",176,"Y","I","YDI","D","dentist",0.49,24,"one_slider","Confused","Female","19","English",16.8928,"E 176"
"4638",176,"f","l","filler","i","filler2",0.82,25,"one_slider","Confused","Female","19","English",16.8928,"E 176"
"4639",176,"N","A","NDA","D","artist",0.88,26,"one_slider","Confused","Female","19","English",16.8928,"E 176"
"4640",176,"N","A","NQA","Q","groom",0.69,27,"one_slider","Confused","Female","19","English",16.8928,"E 176"
"4641",176,"Y","A","YDA","D","queen",0.9,28,"one_slider","Confused","Female","19","English",16.8928,"E 176"
"4642",176,"N","I","NQI","Q","chef",0.86,29,"one_slider","Confused","Female","19","English",16.8928,"E 176"
"4643",176,"f","l","filler","i","filler1",0.89,30,"one_slider","Confused","Female","19","English",16.8928,"E 176"
"4644",176,"Y","A","YQA","Q","bartender",0.76,31,"one_slider","Confused","Female","19","English",16.8928,"E 176"
"4645",176,"N","I","NQI","Q","priest",0.84,32,"one_slider","Confused","Female","19","English",16.8928,"E 176"
"4646",176,"N","I","NDI","D","supervisor",0.39,33,"one_slider","Confused","Female","19","English",16.8928,"E 176"
"4647",176,"Y","I","YQI","Q","fan",0.75,34,"one_slider","Confused","Female","19","English",16.8928,"E 176"
"4648",176,"Y","A","YQA","Q","conductor",0.62,35,"one_slider","Confused","Female","19","English",16.8928,"E 176"
"4649",434,"","","","","",0.24,NA,"one_slider_practice","","",NA,"",11.5004,"E 434"
"4650",434,"","","","","",0.61,NA,"one_slider_practice","","",NA,"",11.5004,"E 434"
"4651",434,"f","l","filler","i","filler2",0.91,6,"one_slider","","",NA,"",11.5004,"E 434"
"4652",434,"f","l","filler","i","filler3",0.93,7,"one_slider","","",NA,"",11.5004,"E 434"
"4653",434,"Y","I","YDI","D","doctor",0.36,8,"one_slider","","",NA,"",11.5004,"E 434"
"4654",434,"f","l","filler","i","filler6",0.6,9,"one_slider","","",NA,"",11.5004,"E 434"
"4655",434,"N","A","NQA","Q","chef",0.01,10,"one_slider","","",NA,"",11.5004,"E 434"
"4656",434,"N","A","NDA","D","fan",0.29,11,"one_slider","","",NA,"",11.5004,"E 434"
"4657",434,"N","I","NDI","D","pianist",0.16,12,"one_slider","","",NA,"",11.5004,"E 434"
"4658",434,"N","A","NQA","Q","troopleader",0.67,13,"one_slider","","",NA,"",11.5004,"E 434"
"4659",434,"Y","I","YDI","D","nutritionist",0.7,14,"one_slider","","",NA,"",11.5004,"E 434"
"4660",434,"N","I","NQI","Q","queen",0.98,15,"one_slider","","",NA,"",11.5004,"E 434"
"4661",434,"Y","A","YDA","D","dentist",0.49,16,"one_slider","","",NA,"",11.5004,"E 434"
"4662",434,"Y","I","YQI","Q","supervisor",0.2,17,"one_slider","","",NA,"",11.5004,"E 434"
"4663",434,"Y","A","YDA","D","conductor",0.79,18,"one_slider","","",NA,"",11.5004,"E 434"
"4664",434,"N","A","NDA","D","stylist",0.48,19,"one_slider","","",NA,"",11.5004,"E 434"
"4665",434,"Y","I","YDI","D","priest",0.6,20,"one_slider","","",NA,"",11.5004,"E 434"
"4666",434,"Y","A","YQA","Q","choreographer",0.21,21,"one_slider","","",NA,"",11.5004,"E 434"
"4667",434,"N","I","NQI","Q","groom",0.63,22,"one_slider","","",NA,"",11.5004,"E 434"
"4668",434,"Y","I","YQI","Q","artist",0.7,23,"one_slider","","",NA,"",11.5004,"E 434"
"4669",434,"N","I","NDI","D","CEO",0.26,24,"one_slider","","",NA,"",11.5004,"E 434"
"4670",434,"Y","A","YQA","Q","patient",0.76,25,"one_slider","","",NA,"",11.5004,"E 434"
"4671",434,"Y","I","YQI","Q","bartender",0.73,26,"one_slider","","",NA,"",11.5004,"E 434"
"4672",434,"f","l","filler","i","filler4",0.81,27,"one_slider","","",NA,"",11.5004,"E 434"
"4673",434,"f","l","filler","i","filler1",0.84,28,"one_slider","","",NA,"",11.5004,"E 434"
"4674",434,"Y","A","YDA","D","playwright",0.75,29,"one_slider","","",NA,"",11.5004,"E 434"
"4675",434,"N","I","NDI","D","professor",0.51,30,"one_slider","","",NA,"",11.5004,"E 434"
"4676",434,"N","A","NQA","Q","pilot",0.32,31,"one_slider","","",NA,"",11.5004,"E 434"
"4677",434,"N","I","NQI","Q","coach",0.32,32,"one_slider","","",NA,"",11.5004,"E 434"
"4678",434,"Y","A","YQA","Q","travelagent",0.26,33,"one_slider","","",NA,"",11.5004,"E 434"
"4679",434,"f","l","filler","i","filler5",0.7,34,"one_slider","","",NA,"",11.5004,"E 434"
"4680",434,"N","A","NDA","D","scientist",0.75,35,"one_slider","","",NA,"",11.5004,"E 434"
"4681",186,"","","","","",0.97,NA,"one_slider_practice","Yes","Female","20","English",10.5027666666667,"E 186"
"4682",186,"","","","","",0.98,NA,"one_slider_practice","Yes","Female","20","English",10.5027666666667,"E 186"
"4683",186,"Y","I","YDI","D","doctor",0.02,6,"one_slider","Yes","Female","20","English",10.5027666666667,"E 186"
"4684",186,"N","A","NDA","D","groom",0.68,7,"one_slider","Yes","Female","20","English",10.5027666666667,"E 186"
"4685",186,"N","I","NQI","Q","conductor",0.46,8,"one_slider","Yes","Female","20","English",10.5027666666667,"E 186"
"4686",186,"N","A","NDA","D","priest",0.84,9,"one_slider","Yes","Female","20","English",10.5027666666667,"E 186"
"4687",186,"f","l","filler","i","filler5",0.07,10,"one_slider","Yes","Female","20","English",10.5027666666667,"E 186"
"4688",186,"Y","A","YDA","D","travelagent",0.48,11,"one_slider","Yes","Female","20","English",10.5027666666667,"E 186"
"4689",186,"f","l","filler","i","filler3",0.87,12,"one_slider","Yes","Female","20","English",10.5027666666667,"E 186"
"4690",186,"f","l","filler","i","filler6",0.11,13,"one_slider","Yes","Female","20","English",10.5027666666667,"E 186"
"4691",186,"Y","A","YQA","Q","queen",0.86,14,"one_slider","Yes","Female","20","English",10.5027666666667,"E 186"
"4692",186,"f","l","filler","i","filler1",0.82,15,"one_slider","Yes","Female","20","English",10.5027666666667,"E 186"
"4693",186,"N","A","NQA","Q","playwright",0.96,16,"one_slider","Yes","Female","20","English",10.5027666666667,"E 186"
"4694",186,"N","A","NQA","Q","bartender",0.98,17,"one_slider","Yes","Female","20","English",10.5027666666667,"E 186"
"4695",186,"N","A","NDA","D","supervisor",0.94,18,"one_slider","Yes","Female","20","English",10.5027666666667,"E 186"
"4696",186,"Y","A","YQA","Q","artist",0.86,19,"one_slider","Yes","Female","20","English",10.5027666666667,"E 186"
"4697",186,"f","l","filler","i","filler4",0.92,20,"one_slider","Yes","Female","20","English",10.5027666666667,"E 186"
"4698",186,"N","I","NDI","D","stylist",0.96,21,"one_slider","Yes","Female","20","English",10.5027666666667,"E 186"
"4699",186,"f","l","filler","i","filler2",0.92,22,"one_slider","Yes","Female","20","English",10.5027666666667,"E 186"
"4700",186,"N","I","NQI","Q","choreographer",0.66,23,"one_slider","Yes","Female","20","English",10.5027666666667,"E 186"
"4701",186,"Y","I","YDI","D","nutritionist",0.69,24,"one_slider","Yes","Female","20","English",10.5027666666667,"E 186"
"4702",186,"N","I","NDI","D","patient",0.74,25,"one_slider","Yes","Female","20","English",10.5027666666667,"E 186"
"4703",186,"Y","I","YQI","Q","troopleader",0.5,26,"one_slider","Yes","Female","20","English",10.5027666666667,"E 186"
"4704",186,"N","I","NDI","D","pilot",0.6,27,"one_slider","Yes","Female","20","English",10.5027666666667,"E 186"
"4705",186,"Y","A","YQA","Q","coach",0.61,28,"one_slider","Yes","Female","20","English",10.5027666666667,"E 186"
"4706",186,"Y","I","YDI","D","dentist",0.4,29,"one_slider","Yes","Female","20","English",10.5027666666667,"E 186"
"4707",186,"N","I","NQI","Q","fan",0.79,30,"one_slider","Yes","Female","20","English",10.5027666666667,"E 186"
"4708",186,"Y","A","YDA","D","CEO",0.72,31,"one_slider","Yes","Female","20","English",10.5027666666667,"E 186"
"4709",186,"Y","A","YDA","D","pianist",0.46,32,"one_slider","Yes","Female","20","English",10.5027666666667,"E 186"
"4710",186,"Y","I","YQI","Q","chef",0.46,33,"one_slider","Yes","Female","20","English",10.5027666666667,"E 186"
"4711",186,"Y","I","YQI","Q","professor",0.5,34,"one_slider","Yes","Female","20","English",10.5027666666667,"E 186"
"4712",186,"N","A","NQA","Q","scientist",0.8,35,"one_slider","Yes","Female","20","English",10.5027666666667,"E 186"
"4713",587,"","","","","",0.59,NA,"one_slider_practice","Yes","Female","21","Tagalog/ English",3.83048333333333,"E 587"
"4714",587,"","","","","",0.81,NA,"one_slider_practice","Yes","Female","21","Tagalog/ English",3.83048333333333,"E 587"
"4715",587,"N","A","NQA","Q","chef",0.5,6,"one_slider","Yes","Female","21","Tagalog/ English",3.83048333333333,"E 587"
"4716",587,"N","A","NDA","D","professor",0.47,7,"one_slider","Yes","Female","21","Tagalog/ English",3.83048333333333,"E 587"
"4717",587,"f","l","filler","i","filler5",0.47,8,"one_slider","Yes","Female","21","Tagalog/ English",3.83048333333333,"E 587"
"4718",587,"f","l","filler","i","filler4",0.53,9,"one_slider","Yes","Female","21","Tagalog/ English",3.83048333333333,"E 587"
"4719",587,"N","A","NQA","Q","troopleader",0.58,10,"one_slider","Yes","Female","21","Tagalog/ English",3.83048333333333,"E 587"
"4720",587,"Y","A","YQA","Q","artist",0.57,11,"one_slider","Yes","Female","21","Tagalog/ English",3.83048333333333,"E 587"
"4721",587,"Y","A","YDA","D","priest",0.75,12,"one_slider","Yes","Female","21","Tagalog/ English",3.83048333333333,"E 587"
"4722",587,"N","I","NQI","Q","pianist",0.55,13,"one_slider","Yes","Female","21","Tagalog/ English",3.83048333333333,"E 587"
"4723",587,"Y","I","YQI","Q","nutritionist",0.64,14,"one_slider","Yes","Female","21","Tagalog/ English",3.83048333333333,"E 587"
"4724",587,"Y","I","YDI","D","groom",0.53,15,"one_slider","Yes","Female","21","Tagalog/ English",3.83048333333333,"E 587"
"4725",587,"f","l","filler","i","filler2",0.56,16,"one_slider","Yes","Female","21","Tagalog/ English",3.83048333333333,"E 587"
"4726",587,"N","I","NDI","D","dentist",0.52,17,"one_slider","Yes","Female","21","Tagalog/ English",3.83048333333333,"E 587"
"4727",587,"N","A","NDA","D","pilot",0.52,18,"one_slider","Yes","Female","21","Tagalog/ English",3.83048333333333,"E 587"
"4728",587,"N","I","NDI","D","travelagent",0.51,19,"one_slider","Yes","Female","21","Tagalog/ English",3.83048333333333,"E 587"
"4729",587,"Y","A","YDA","D","playwright",0.51,20,"one_slider","Yes","Female","21","Tagalog/ English",3.83048333333333,"E 587"
"4730",587,"f","l","filler","i","filler3",0.55,21,"one_slider","Yes","Female","21","Tagalog/ English",3.83048333333333,"E 587"
"4731",587,"N","I","NDI","D","patient",0.52,22,"one_slider","Yes","Female","21","Tagalog/ English",3.83048333333333,"E 587"
"4732",587,"f","l","filler","i","filler6",0.53,23,"one_slider","Yes","Female","21","Tagalog/ English",3.83048333333333,"E 587"
"4733",587,"N","I","NQI","Q","scientist",0.51,24,"one_slider","Yes","Female","21","Tagalog/ English",3.83048333333333,"E 587"
"4734",587,"Y","A","YQA","Q","CEO",0.54,25,"one_slider","Yes","Female","21","Tagalog/ English",3.83048333333333,"E 587"
"4735",587,"Y","I","YDI","D","bartender",0.53,26,"one_slider","Yes","Female","21","Tagalog/ English",3.83048333333333,"E 587"
"4736",587,"Y","A","YQA","Q","choreographer",0.58,27,"one_slider","Yes","Female","21","Tagalog/ English",3.83048333333333,"E 587"
"4737",587,"N","A","NDA","D","queen",0.55,28,"one_slider","Yes","Female","21","Tagalog/ English",3.83048333333333,"E 587"
"4738",587,"Y","I","YQI","Q","conductor",0.57,29,"one_slider","Yes","Female","21","Tagalog/ English",3.83048333333333,"E 587"
"4739",587,"Y","A","YDA","D","supervisor",0.59,30,"one_slider","Yes","Female","21","Tagalog/ English",3.83048333333333,"E 587"
"4740",587,"N","I","NQI","Q","fan",0.56,31,"one_slider","Yes","Female","21","Tagalog/ English",3.83048333333333,"E 587"
"4741",587,"f","l","filler","i","filler1",0.48,32,"one_slider","Yes","Female","21","Tagalog/ English",3.83048333333333,"E 587"
"4742",587,"Y","I","YQI","Q","doctor",0.5,33,"one_slider","Yes","Female","21","Tagalog/ English",3.83048333333333,"E 587"
"4743",587,"N","A","NQA","Q","coach",0.49,34,"one_slider","Yes","Female","21","Tagalog/ English",3.83048333333333,"E 587"
"4744",587,"Y","I","YDI","D","stylist",0.5,35,"one_slider","Yes","Female","21","Tagalog/ English",3.83048333333333,"E 587"
"4745",413,"","","","","",0.88,NA,"one_slider_practice","Confused","Female","20","",9.42853333333333,"E 413"
"4746",413,"","","","","",0.83,NA,"one_slider_practice","Confused","Female","20","",9.42853333333333,"E 413"
"4747",413,"f","l","filler","i","filler6",0.07,6,"one_slider","Confused","Female","20","",9.42853333333333,"E 413"
"4748",413,"f","l","filler","i","filler2",0.86,7,"one_slider","Confused","Female","20","",9.42853333333333,"E 413"
"4749",413,"Y","A","YDA","D","travelagent",0.89,8,"one_slider","Confused","Female","20","",9.42853333333333,"E 413"
"4750",413,"N","A","NDA","D","groom",0.87,9,"one_slider","Confused","Female","20","",9.42853333333333,"E 413"
"4751",413,"N","I","NQI","Q","chef",0.86,10,"one_slider","Confused","Female","20","",9.42853333333333,"E 413"
"4752",413,"Y","I","YDI","D","professor",0.63,11,"one_slider","Confused","Female","20","",9.42853333333333,"E 413"
"4753",413,"Y","I","YQI","Q","supervisor",0.85,12,"one_slider","Confused","Female","20","",9.42853333333333,"E 413"
"4754",413,"N","I","NQI","Q","conductor",0.56,13,"one_slider","Confused","Female","20","",9.42853333333333,"E 413"
"4755",413,"Y","A","YQA","Q","doctor",0.9,14,"one_slider","Confused","Female","20","",9.42853333333333,"E 413"
"4756",413,"Y","A","YQA","Q","artist",0.87,15,"one_slider","Confused","Female","20","",9.42853333333333,"E 413"
"4757",413,"Y","A","YDA","D","CEO",0.84,16,"one_slider","Confused","Female","20","",9.42853333333333,"E 413"
"4758",413,"Y","I","YDI","D","playwright",0.85,17,"one_slider","Confused","Female","20","",9.42853333333333,"E 413"
"4759",413,"f","l","filler","i","filler1",0.76,18,"one_slider","Confused","Female","20","",9.42853333333333,"E 413"
"4760",413,"Y","I","YDI","D","scientist",0.88,19,"one_slider","Confused","Female","20","",9.42853333333333,"E 413"
"4761",413,"N","A","NDA","D","choreographer",0.8,20,"one_slider","Confused","Female","20","",9.42853333333333,"E 413"
"4762",413,"f","l","filler","i","filler4",0.02,21,"one_slider","Confused","Female","20","",9.42853333333333,"E 413"
"4763",413,"N","I","NQI","Q","pilot",0.9,22,"one_slider","Confused","Female","20","",9.42853333333333,"E 413"
"4764",413,"f","l","filler","i","filler3",0.51,23,"one_slider","Confused","Female","20","",9.42853333333333,"E 413"
"4765",413,"N","A","NQA","Q","dentist",0.75,24,"one_slider","Confused","Female","20","",9.42853333333333,"E 413"
"4766",413,"N","I","NDI","D","patient",0.85,25,"one_slider","Confused","Female","20","",9.42853333333333,"E 413"
"4767",413,"Y","A","YQA","Q","coach",0.87,26,"one_slider","Confused","Female","20","",9.42853333333333,"E 413"
"4768",413,"N","I","NDI","D","queen",0.88,27,"one_slider","Confused","Female","20","",9.42853333333333,"E 413"
"4769",413,"Y","I","YQI","Q","pianist",0.62,28,"one_slider","Confused","Female","20","",9.42853333333333,"E 413"
"4770",413,"N","I","NDI","D","priest",0.89,29,"one_slider","Confused","Female","20","",9.42853333333333,"E 413"
"4771",413,"Y","A","YDA","D","nutritionist",0.91,30,"one_slider","Confused","Female","20","",9.42853333333333,"E 413"
"4772",413,"N","A","NDA","D","troopleader",0.86,31,"one_slider","Confused","Female","20","",9.42853333333333,"E 413"
"4773",413,"N","A","NQA","Q","bartender",0.87,32,"one_slider","Confused","Female","20","",9.42853333333333,"E 413"
"4774",413,"Y","I","YQI","Q","stylist",0.82,33,"one_slider","Confused","Female","20","",9.42853333333333,"E 413"
"4775",413,"N","A","NQA","Q","fan",0.79,34,"one_slider","Confused","Female","20","",9.42853333333333,"E 413"
"4776",413,"f","l","filler","i","filler5",0.03,35,"one_slider","Confused","Female","20","",9.42853333333333,"E 413"
"4777",210,"","","","","",0.96,NA,"one_slider_practice","Yes","Female","23","Malay, Mandarin",9.95251666666667,"E 210"
"4778",210,"","","","","",0.54,NA,"one_slider_practice","Yes","Female","23","Malay, Mandarin",9.95251666666667,"E 210"
"4779",210,"N","I","NQI","Q","groom",0.01,6,"one_slider","Yes","Female","23","Malay, Mandarin",9.95251666666667,"E 210"
"4780",210,"N","A","NDA","D","priest",0.97,7,"one_slider","Yes","Female","23","Malay, Mandarin",9.95251666666667,"E 210"
"4781",210,"f","l","filler","i","filler2",0.96,8,"one_slider","Yes","Female","23","Malay, Mandarin",9.95251666666667,"E 210"
"4782",210,"N","I","NDI","D","supervisor",0.97,9,"one_slider","Yes","Female","23","Malay, Mandarin",9.95251666666667,"E 210"
"4783",210,"Y","I","YQI","Q","professor",0.04,10,"one_slider","Yes","Female","23","Malay, Mandarin",9.95251666666667,"E 210"
"4784",210,"N","I","NDI","D","chef",0.99,11,"one_slider","Yes","Female","23","Malay, Mandarin",9.95251666666667,"E 210"
"4785",210,"Y","I","YQI","Q","nutritionist",0.81,12,"one_slider","Yes","Female","23","Malay, Mandarin",9.95251666666667,"E 210"
"4786",210,"f","l","filler","i","filler6",0.01,13,"one_slider","Yes","Female","23","Malay, Mandarin",9.95251666666667,"E 210"
"4787",210,"f","l","filler","i","filler5",0.03,14,"one_slider","Yes","Female","23","Malay, Mandarin",9.95251666666667,"E 210"
"4788",210,"Y","A","YDA","D","playwright",0.66,15,"one_slider","Yes","Female","23","Malay, Mandarin",9.95251666666667,"E 210"
"4789",210,"f","l","filler","i","filler1",0.96,16,"one_slider","Yes","Female","23","Malay, Mandarin",9.95251666666667,"E 210"
"4790",210,"f","l","filler","i","filler4",0.98,17,"one_slider","Yes","Female","23","Malay, Mandarin",9.95251666666667,"E 210"
"4791",210,"N","A","NDA","D","pilot",0.96,18,"one_slider","Yes","Female","23","Malay, Mandarin",9.95251666666667,"E 210"
"4792",210,"N","I","NQI","Q","travelagent",0.72,19,"one_slider","Yes","Female","23","Malay, Mandarin",9.95251666666667,"E 210"
"4793",210,"Y","A","YQA","Q","coach",0.96,20,"one_slider","Yes","Female","23","Malay, Mandarin",9.95251666666667,"E 210"
"4794",210,"Y","A","YQA","Q","conductor",0.37,21,"one_slider","Yes","Female","23","Malay, Mandarin",9.95251666666667,"E 210"
"4795",210,"N","A","NQA","Q","stylist",0.41,22,"one_slider","Yes","Female","23","Malay, Mandarin",9.95251666666667,"E 210"
"4796",210,"N","I","NQI","Q","pianist",0.96,23,"one_slider","Yes","Female","23","Malay, Mandarin",9.95251666666667,"E 210"
"4797",210,"N","A","NQA","Q","CEO",0.02,24,"one_slider","Yes","Female","23","Malay, Mandarin",9.95251666666667,"E 210"
"4798",210,"Y","A","YQA","Q","scientist",0.31,25,"one_slider","Yes","Female","23","Malay, Mandarin",9.95251666666667,"E 210"
"4799",210,"Y","I","YDI","D","fan",0.33,26,"one_slider","Yes","Female","23","Malay, Mandarin",9.95251666666667,"E 210"
"4800",210,"Y","I","YDI","D","dentist",0.03,27,"one_slider","Yes","Female","23","Malay, Mandarin",9.95251666666667,"E 210"
"4801",210,"N","A","NQA","Q","troopleader",0.64,28,"one_slider","Yes","Female","23","Malay, Mandarin",9.95251666666667,"E 210"
"4802",210,"Y","A","YDA","D","doctor",0.95,29,"one_slider","Yes","Female","23","Malay, Mandarin",9.95251666666667,"E 210"
"4803",210,"N","I","NDI","D","patient",0.98,30,"one_slider","Yes","Female","23","Malay, Mandarin",9.95251666666667,"E 210"
"4804",210,"Y","I","YDI","D","artist",0.27,31,"one_slider","Yes","Female","23","Malay, Mandarin",9.95251666666667,"E 210"
"4805",210,"N","A","NDA","D","choreographer",0.97,32,"one_slider","Yes","Female","23","Malay, Mandarin",9.95251666666667,"E 210"
"4806",210,"Y","A","YDA","D","bartender",0.58,33,"one_slider","Yes","Female","23","Malay, Mandarin",9.95251666666667,"E 210"
"4807",210,"Y","I","YQI","Q","queen",0.97,34,"one_slider","Yes","Female","23","Malay, Mandarin",9.95251666666667,"E 210"
"4808",210,"f","l","filler","i","filler3",0.97,35,"one_slider","Yes","Female","23","Malay, Mandarin",9.95251666666667,"E 210"
"4809",221,"","","","","",1,NA,"one_slider_practice","Yes","Male","20","English",10.8694,"E 221"
"4810",221,"","","","","",1,NA,"one_slider_practice","Yes","Male","20","English",10.8694,"E 221"
"4811",221,"Y","I","YDI","D","scientist",0.38,6,"one_slider","Yes","Male","20","English",10.8694,"E 221"
"4812",221,"Y","I","YDI","D","queen",0.85,7,"one_slider","Yes","Male","20","English",10.8694,"E 221"
"4813",221,"N","A","NQA","Q","groom",1,8,"one_slider","Yes","Male","20","English",10.8694,"E 221"
"4814",221,"N","I","NQI","Q","artist",1,9,"one_slider","Yes","Male","20","English",10.8694,"E 221"
"4815",221,"f","l","filler","i","filler4",0.41,10,"one_slider","Yes","Male","20","English",10.8694,"E 221"
"4816",221,"f","l","filler","i","filler2",1,11,"one_slider","Yes","Male","20","English",10.8694,"E 221"
"4817",221,"Y","A","YDA","D","dentist",0.98,12,"one_slider","Yes","Male","20","English",10.8694,"E 221"
"4818",221,"N","A","NQA","Q","pianist",1,13,"one_slider","Yes","Male","20","English",10.8694,"E 221"
"4819",221,"Y","I","YQI","Q","conductor",0.3,14,"one_slider","Yes","Male","20","English",10.8694,"E 221"
"4820",221,"f","l","filler","i","filler6",0,15,"one_slider","Yes","Male","20","English",10.8694,"E 221"
"4821",221,"Y","I","YQI","Q","professor",0.76,16,"one_slider","Yes","Male","20","English",10.8694,"E 221"
"4822",221,"N","A","NDA","D","nutritionist",1,17,"one_slider","Yes","Male","20","English",10.8694,"E 221"
"4823",221,"N","A","NQA","Q","playwright",1,18,"one_slider","Yes","Male","20","English",10.8694,"E 221"
"4824",221,"Y","I","YQI","Q","priest",0.81,19,"one_slider","Yes","Male","20","English",10.8694,"E 221"
"4825",221,"N","A","NDA","D","bartender",1,20,"one_slider","Yes","Male","20","English",10.8694,"E 221"
"4826",221,"f","l","filler","i","filler5",0,21,"one_slider","Yes","Male","20","English",10.8694,"E 221"
"4827",221,"f","l","filler","i","filler3",1,22,"one_slider","Yes","Male","20","English",10.8694,"E 221"
"4828",221,"Y","A","YQA","Q","CEO",1,23,"one_slider","Yes","Male","20","English",10.8694,"E 221"
"4829",221,"Y","I","YDI","D","troopleader",0.61,24,"one_slider","Yes","Male","20","English",10.8694,"E 221"
"4830",221,"N","I","NDI","D","travelagent",1,25,"one_slider","Yes","Male","20","English",10.8694,"E 221"
"4831",221,"N","I","NDI","D","stylist",0.94,26,"one_slider","Yes","Male","20","English",10.8694,"E 221"
"4832",221,"N","I","NQI","Q","pilot",1,27,"one_slider","Yes","Male","20","English",10.8694,"E 221"
"4833",221,"f","l","filler","i","filler1",1,28,"one_slider","Yes","Male","20","English",10.8694,"E 221"
"4834",221,"Y","A","YDA","D","doctor",1,29,"one_slider","Yes","Male","20","English",10.8694,"E 221"
"4835",221,"N","I","NDI","D","supervisor",1,30,"one_slider","Yes","Male","20","English",10.8694,"E 221"
"4836",221,"Y","A","YQA","Q","coach",1,31,"one_slider","Yes","Male","20","English",10.8694,"E 221"
"4837",221,"N","A","NDA","D","patient",0.99,32,"one_slider","Yes","Male","20","English",10.8694,"E 221"
"4838",221,"Y","A","YDA","D","chef",1,33,"one_slider","Yes","Male","20","English",10.8694,"E 221"
"4839",221,"Y","A","YQA","Q","fan",0.93,34,"one_slider","Yes","Male","20","English",10.8694,"E 221"
"4840",221,"N","I","NQI","Q","choreographer",1,35,"one_slider","Yes","Male","20","English",10.8694,"E 221"
"4841",121,"","","","","",0.62,NA,"one_slider_practice","Yes","Female","30","English",4.95046666666667,"E 121"
"4842",121,"","","","","",0.81,NA,"one_slider_practice","Yes","Female","30","English",4.95046666666667,"E 121"
"4843",121,"N","A","NQA","Q","scientist",0.76,6,"one_slider","Yes","Female","30","English",4.95046666666667,"E 121"
"4844",121,"Y","I","YQI","Q","troopleader",0.85,7,"one_slider","Yes","Female","30","English",4.95046666666667,"E 121"
"4845",121,"Y","A","YDA","D","stylist",0.79,8,"one_slider","Yes","Female","30","English",4.95046666666667,"E 121"
"4846",121,"N","I","NDI","D","playwright",0.83,9,"one_slider","Yes","Female","30","English",4.95046666666667,"E 121"
"4847",121,"f","l","filler","i","filler5",0.1,10,"one_slider","Yes","Female","30","English",4.95046666666667,"E 121"
"4848",121,"Y","A","YQA","Q","professor",0.77,11,"one_slider","Yes","Female","30","English",4.95046666666667,"E 121"
"4849",121,"f","l","filler","i","filler2",0.85,12,"one_slider","Yes","Female","30","English",4.95046666666667,"E 121"
"4850",121,"Y","A","YQA","Q","dentist",0.8,13,"one_slider","Yes","Female","30","English",4.95046666666667,"E 121"
"4851",121,"N","I","NQI","Q","doctor",0.9,14,"one_slider","Yes","Female","30","English",4.95046666666667,"E 121"
"4852",121,"N","A","NQA","Q","pilot",0.89,15,"one_slider","Yes","Female","30","English",4.95046666666667,"E 121"
"4853",121,"f","l","filler","i","filler4",0.04,16,"one_slider","Yes","Female","30","English",4.95046666666667,"E 121"
"4854",121,"N","A","NDA","D","groom",0.93,17,"one_slider","Yes","Female","30","English",4.95046666666667,"E 121"
"4855",121,"Y","I","YDI","D","bartender",0.88,18,"one_slider","Yes","Female","30","English",4.95046666666667,"E 121"
"4856",121,"N","I","NQI","Q","coach",0.69,19,"one_slider","Yes","Female","30","English",4.95046666666667,"E 121"
"4857",121,"f","l","filler","i","filler1",0.94,20,"one_slider","Yes","Female","30","English",4.95046666666667,"E 121"
"4858",121,"N","I","NDI","D","priest",0.78,21,"one_slider","Yes","Female","30","English",4.95046666666667,"E 121"
"4859",121,"N","A","NDA","D","supervisor",0.95,22,"one_slider","Yes","Female","30","English",4.95046666666667,"E 121"
"4860",121,"N","A","NQA","Q","patient",0.95,23,"one_slider","Yes","Female","30","English",4.95046666666667,"E 121"
"4861",121,"Y","I","YQI","Q","conductor",0.8,24,"one_slider","Yes","Female","30","English",4.95046666666667,"E 121"
"4862",121,"Y","I","YQI","Q","pianist",0.85,25,"one_slider","Yes","Female","30","English",4.95046666666667,"E 121"
"4863",121,"Y","I","YDI","D","nutritionist",0.88,26,"one_slider","Yes","Female","30","English",4.95046666666667,"E 121"
"4864",121,"Y","I","YDI","D","chef",0.34,27,"one_slider","Yes","Female","30","English",4.95046666666667,"E 121"
"4865",121,"f","l","filler","i","filler3",0.95,28,"one_slider","Yes","Female","30","English",4.95046666666667,"E 121"
"4866",121,"f","l","filler","i","filler6",0.03,29,"one_slider","Yes","Female","30","English",4.95046666666667,"E 121"
"4867",121,"N","I","NQI","Q","fan",0.98,30,"one_slider","Yes","Female","30","English",4.95046666666667,"E 121"
"4868",121,"N","A","NDA","D","choreographer",0.92,31,"one_slider","Yes","Female","30","English",4.95046666666667,"E 121"
"4869",121,"Y","A","YDA","D","travelagent",0.92,32,"one_slider","Yes","Female","30","English",4.95046666666667,"E 121"
"4870",121,"Y","A","YQA","Q","artist",0.96,33,"one_slider","Yes","Female","30","English",4.95046666666667,"E 121"
"4871",121,"N","I","NDI","D","CEO",0.97,34,"one_slider","Yes","Female","30","English",4.95046666666667,"E 121"
"4872",121,"Y","A","YDA","D","queen",0.96,35,"one_slider","Yes","Female","30","English",4.95046666666667,"E 121"
"4873",593,"","","","","",0.29,NA,"one_slider_practice","Yes","Female","20","English",46.1534333333333,"E 593"
"4874",593,"","","","","",0.99,NA,"one_slider_practice","Yes","Female","20","English",46.1534333333333,"E 593"
"4875",593,"f","l","filler","i","filler6",0.01,6,"one_slider","Yes","Female","20","English",46.1534333333333,"E 593"
"4876",593,"N","I","NQI","Q","playwright",0.76,7,"one_slider","Yes","Female","20","English",46.1534333333333,"E 593"
"4877",593,"N","A","NDA","D","queen",0.78,8,"one_slider","Yes","Female","20","English",46.1534333333333,"E 593"
"4878",593,"Y","I","YQI","Q","bartender",0.86,9,"one_slider","Yes","Female","20","English",46.1534333333333,"E 593"
"4879",593,"N","A","NQA","Q","artist",0.59,10,"one_slider","Yes","Female","20","English",46.1534333333333,"E 593"
"4880",593,"N","A","NQA","Q","patient",0.49,11,"one_slider","Yes","Female","20","English",46.1534333333333,"E 593"
"4881",593,"Y","I","YQI","Q","CEO",0.5,12,"one_slider","Yes","Female","20","English",46.1534333333333,"E 593"
"4882",593,"f","l","filler","i","filler3",0.41,13,"one_slider","Yes","Female","20","English",46.1534333333333,"E 593"
"4883",593,"Y","I","YDI","D","doctor",0.61,14,"one_slider","Yes","Female","20","English",46.1534333333333,"E 593"
"4884",593,"Y","A","YQA","Q","nutritionist",0.53,15,"one_slider","Yes","Female","20","English",46.1534333333333,"E 593"
"4885",593,"Y","A","YDA","D","pilot",0.22,16,"one_slider","Yes","Female","20","English",46.1534333333333,"E 593"
"4886",593,"N","A","NQA","Q","dentist",0.66,17,"one_slider","Yes","Female","20","English",46.1534333333333,"E 593"
"4887",593,"Y","I","YDI","D","travelagent",0.68,18,"one_slider","Yes","Female","20","English",46.1534333333333,"E 593"
"4888",593,"Y","I","YDI","D","troopleader",0.64,19,"one_slider","Yes","Female","20","English",46.1534333333333,"E 593"
"4889",593,"f","l","filler","i","filler2",0.59,20,"one_slider","Yes","Female","20","English",46.1534333333333,"E 593"
"4890",593,"N","I","NQI","Q","scientist",0.5,21,"one_slider","Yes","Female","20","English",46.1534333333333,"E 593"
"4891",593,"Y","I","YQI","Q","conductor",0,22,"one_slider","Yes","Female","20","English",46.1534333333333,"E 593"
"4892",593,"N","I","NDI","D","fan",0.5,23,"one_slider","Yes","Female","20","English",46.1534333333333,"E 593"
"4893",593,"Y","A","YQA","Q","professor",0.57,24,"one_slider","Yes","Female","20","English",46.1534333333333,"E 593"
"4894",593,"N","I","NQI","Q","priest",0.8,25,"one_slider","Yes","Female","20","English",46.1534333333333,"E 593"
"4895",593,"f","l","filler","i","filler4",0.52,26,"one_slider","Yes","Female","20","English",46.1534333333333,"E 593"
"4896",593,"N","I","NDI","D","coach",0.75,27,"one_slider","Yes","Female","20","English",46.1534333333333,"E 593"
"4897",593,"Y","A","YDA","D","stylist",0.87,28,"one_slider","Yes","Female","20","English",46.1534333333333,"E 593"
"4898",593,"f","l","filler","i","filler1",0.88,29,"one_slider","Yes","Female","20","English",46.1534333333333,"E 593"
"4899",593,"N","A","NDA","D","choreographer",0.29,30,"one_slider","Yes","Female","20","English",46.1534333333333,"E 593"
"4900",593,"Y","A","YQA","Q","supervisor",0.4,31,"one_slider","Yes","Female","20","English",46.1534333333333,"E 593"
"4901",593,"Y","A","YDA","D","groom",0.8,32,"one_slider","Yes","Female","20","English",46.1534333333333,"E 593"
"4902",593,"f","l","filler","i","filler5",0.34,33,"one_slider","Yes","Female","20","English",46.1534333333333,"E 593"
"4903",593,"N","I","NDI","D","chef",0.9,34,"one_slider","Yes","Female","20","English",46.1534333333333,"E 593"
"4904",593,"N","A","NDA","D","pianist",0.87,35,"one_slider","Yes","Female","20","English",46.1534333333333,"E 593"
"4905",519,"","","","","",0.34,NA,"one_slider_practice","Confused","Female","22","Vietnamese",5.70736666666667,"E 519"
"4906",519,"","","","","",0.41,NA,"one_slider_practice","Confused","Female","22","Vietnamese",5.70736666666667,"E 519"
"4907",519,"Y","A","YQA","Q","patient",0.16,6,"one_slider","Confused","Female","22","Vietnamese",5.70736666666667,"E 519"
"4908",519,"Y","A","YQA","Q","nutritionist",0.1,7,"one_slider","Confused","Female","22","Vietnamese",5.70736666666667,"E 519"
"4909",519,"N","I","NQI","Q","pilot",0.11,8,"one_slider","Confused","Female","22","Vietnamese",5.70736666666667,"E 519"
"4910",519,"N","I","NDI","D","choreographer",0.12,9,"one_slider","Confused","Female","22","Vietnamese",5.70736666666667,"E 519"
"4911",519,"f","l","filler","i","filler5",0.11,10,"one_slider","Confused","Female","22","Vietnamese",5.70736666666667,"E 519"
"4912",519,"Y","I","YDI","D","stylist",0.26,11,"one_slider","Confused","Female","22","Vietnamese",5.70736666666667,"E 519"
"4913",519,"f","l","filler","i","filler3",0.11,12,"one_slider","Confused","Female","22","Vietnamese",5.70736666666667,"E 519"
"4914",519,"Y","A","YDA","D","travelagent",0.13,13,"one_slider","Confused","Female","22","Vietnamese",5.70736666666667,"E 519"
"4915",519,"f","l","filler","i","filler2",0.08,14,"one_slider","Confused","Female","22","Vietnamese",5.70736666666667,"E 519"
"4916",519,"N","I","NQI","Q","professor",0.39,15,"one_slider","Confused","Female","22","Vietnamese",5.70736666666667,"E 519"
"4917",519,"Y","I","YQI","Q","coach",0.17,16,"one_slider","Confused","Female","22","Vietnamese",5.70736666666667,"E 519"
"4918",519,"N","I","NQI","Q","chef",0.22,17,"one_slider","Confused","Female","22","Vietnamese",5.70736666666667,"E 519"
"4919",519,"Y","A","YDA","D","artist",0.2,18,"one_slider","Confused","Female","22","Vietnamese",5.70736666666667,"E 519"
"4920",519,"N","A","NQA","Q","supervisor",0.29,19,"one_slider","Confused","Female","22","Vietnamese",5.70736666666667,"E 519"
"4921",519,"Y","I","YQI","Q","dentist",0.19,20,"one_slider","Confused","Female","22","Vietnamese",5.70736666666667,"E 519"
"4922",519,"f","l","filler","i","filler1",0.75,21,"one_slider","Confused","Female","22","Vietnamese",5.70736666666667,"E 519"
"4923",519,"Y","A","YQA","Q","fan",0.78,22,"one_slider","Confused","Female","22","Vietnamese",5.70736666666667,"E 519"
"4924",519,"N","A","NDA","D","priest",0.88,23,"one_slider","Confused","Female","22","Vietnamese",5.70736666666667,"E 519"
"4925",519,"f","l","filler","i","filler4",0.22,24,"one_slider","Confused","Female","22","Vietnamese",5.70736666666667,"E 519"
"4926",519,"N","A","NDA","D","troopleader",0.65,25,"one_slider","Confused","Female","22","Vietnamese",5.70736666666667,"E 519"
"4927",519,"N","I","NDI","D","groom",0.78,26,"one_slider","Confused","Female","22","Vietnamese",5.70736666666667,"E 519"
"4928",519,"Y","I","YDI","D","scientist",0.74,27,"one_slider","Confused","Female","22","Vietnamese",5.70736666666667,"E 519"
"4929",519,"N","A","NQA","Q","queen",0.81,28,"one_slider","Confused","Female","22","Vietnamese",5.70736666666667,"E 519"
"4930",519,"N","I","NDI","D","pianist",0.02,29,"one_slider","Confused","Female","22","Vietnamese",5.70736666666667,"E 519"
"4931",519,"Y","I","YDI","D","playwright",0.84,30,"one_slider","Confused","Female","22","Vietnamese",5.70736666666667,"E 519"
"4932",519,"Y","I","YQI","Q","bartender",0.81,31,"one_slider","Confused","Female","22","Vietnamese",5.70736666666667,"E 519"
"4933",519,"Y","A","YDA","D","CEO",0.75,32,"one_slider","Confused","Female","22","Vietnamese",5.70736666666667,"E 519"
"4934",519,"N","A","NDA","D","doctor",0.79,33,"one_slider","Confused","Female","22","Vietnamese",5.70736666666667,"E 519"
"4935",519,"N","A","NQA","Q","conductor",0.2,34,"one_slider","Confused","Female","22","Vietnamese",5.70736666666667,"E 519"
"4936",519,"f","l","filler","i","filler6",0.79,35,"one_slider","Confused","Female","22","Vietnamese",5.70736666666667,"E 519"
"4937",505,"","","","","",0.96,NA,"one_slider_practice","Yes","Male","20","Spanish",6.15895,"E 505"
"4938",505,"","","","","",0.52,NA,"one_slider_practice","Yes","Male","20","Spanish",6.15895,"E 505"
"4939",505,"N","A","NQA","Q","coach",0.52,6,"one_slider","Yes","Male","20","Spanish",6.15895,"E 505"
"4940",505,"Y","A","YDA","D","CEO",0.49,7,"one_slider","Yes","Male","20","Spanish",6.15895,"E 505"
"4941",505,"f","l","filler","i","filler4",0.41,8,"one_slider","Yes","Male","20","Spanish",6.15895,"E 505"
"4942",505,"Y","A","YQA","Q","supervisor",0.24,9,"one_slider","Yes","Male","20","Spanish",6.15895,"E 505"
"4943",505,"N","I","NQI","Q","nutritionist",0.43,10,"one_slider","Yes","Male","20","Spanish",6.15895,"E 505"
"4944",505,"Y","A","YDA","D","stylist",0.35,11,"one_slider","Yes","Male","20","Spanish",6.15895,"E 505"
"4945",505,"Y","A","YQA","Q","dentist",0.59,12,"one_slider","Yes","Male","20","Spanish",6.15895,"E 505"
"4946",505,"Y","I","YQI","Q","bartender",0.72,13,"one_slider","Yes","Male","20","Spanish",6.15895,"E 505"
"4947",505,"N","I","NQI","Q","pilot",0.42,14,"one_slider","Yes","Male","20","Spanish",6.15895,"E 505"
"4948",505,"N","I","NDI","D","chef",0.85,15,"one_slider","Yes","Male","20","Spanish",6.15895,"E 505"
"4949",505,"f","l","filler","i","filler3",0.28,16,"one_slider","Yes","Male","20","Spanish",6.15895,"E 505"
"4950",505,"Y","I","YQI","Q","professor",0.44,17,"one_slider","Yes","Male","20","Spanish",6.15895,"E 505"
"4951",505,"f","l","filler","i","filler5",0.34,18,"one_slider","Yes","Male","20","Spanish",6.15895,"E 505"
"4952",505,"Y","I","YDI","D","doctor",0.39,19,"one_slider","Yes","Male","20","Spanish",6.15895,"E 505"
"4953",505,"Y","A","YQA","Q","scientist",0.57,20,"one_slider","Yes","Male","20","Spanish",6.15895,"E 505"
"4954",505,"N","A","NDA","D","travelagent",0.36,21,"one_slider","Yes","Male","20","Spanish",6.15895,"E 505"
"4955",505,"N","A","NQA","Q","groom",0.53,22,"one_slider","Yes","Male","20","Spanish",6.15895,"E 505"
"4956",505,"f","l","filler","i","filler1",0.5,23,"one_slider","Yes","Male","20","Spanish",6.15895,"E 505"
"4957",505,"N","I","NDI","D","conductor",0.68,24,"one_slider","Yes","Male","20","Spanish",6.15895,"E 505"
"4958",505,"N","I","NQI","Q","pianist",0.39,25,"one_slider","Yes","Male","20","Spanish",6.15895,"E 505"
"4959",505,"Y","I","YDI","D","troopleader",0.67,26,"one_slider","Yes","Male","20","Spanish",6.15895,"E 505"
"4960",505,"Y","I","YDI","D","choreographer",0.62,27,"one_slider","Yes","Male","20","Spanish",6.15895,"E 505"
"4961",505,"Y","A","YDA","D","patient",0.63,28,"one_slider","Yes","Male","20","Spanish",6.15895,"E 505"
"4962",505,"f","l","filler","i","filler2",0.6,29,"one_slider","Yes","Male","20","Spanish",6.15895,"E 505"
"4963",505,"N","A","NDA","D","artist",0.67,30,"one_slider","Yes","Male","20","Spanish",6.15895,"E 505"
"4964",505,"N","A","NDA","D","priest",0.52,31,"one_slider","Yes","Male","20","Spanish",6.15895,"E 505"
"4965",505,"N","A","NQA","Q","queen",0.38,32,"one_slider","Yes","Male","20","Spanish",6.15895,"E 505"
"4966",505,"f","l","filler","i","filler6",0.51,33,"one_slider","Yes","Male","20","Spanish",6.15895,"E 505"
"4967",505,"Y","I","YQI","Q","playwright",0.46,34,"one_slider","Yes","Male","20","Spanish",6.15895,"E 505"
"4968",505,"N","I","NDI","D","fan",0.5,35,"one_slider","Yes","Male","20","Spanish",6.15895,"E 505"
"4969",448,"","","","","",1,NA,"one_slider_practice","Yes","Female","19","English",13.9705,"E 448"
"4970",448,"","","","","",1,NA,"one_slider_practice","Yes","Female","19","English",13.9705,"E 448"
"4971",448,"Y","A","YDA","D","conductor",0,6,"one_slider","Yes","Female","19","English",13.9705,"E 448"
"4972",448,"N","A","NDA","D","pianist",0.97,7,"one_slider","Yes","Female","19","English",13.9705,"E 448"
"4973",448,"Y","A","YQA","Q","CEO",0.69,8,"one_slider","Yes","Female","19","English",13.9705,"E 448"
"4974",448,"N","A","NDA","D","priest",1,9,"one_slider","Yes","Female","19","English",13.9705,"E 448"
"4975",448,"f","l","filler","i","filler4",0.03,10,"one_slider","Yes","Female","19","English",13.9705,"E 448"
"4976",448,"f","l","filler","i","filler2",0.97,11,"one_slider","Yes","Female","19","English",13.9705,"E 448"
"4977",448,"Y","A","YQA","Q","supervisor",0.7,12,"one_slider","Yes","Female","19","English",13.9705,"E 448"
"4978",448,"Y","I","YDI","D","groom",0,13,"one_slider","Yes","Female","19","English",13.9705,"E 448"
"4979",448,"f","l","filler","i","filler3",1,14,"one_slider","Yes","Female","19","English",13.9705,"E 448"
"4980",448,"N","A","NQA","Q","queen",0.98,15,"one_slider","Yes","Female","19","English",13.9705,"E 448"
"4981",448,"N","I","NQI","Q","patient",1,16,"one_slider","Yes","Female","19","English",13.9705,"E 448"
"4982",448,"Y","A","YDA","D","scientist",0.06,17,"one_slider","Yes","Female","19","English",13.9705,"E 448"
"4983",448,"N","I","NDI","D","nutritionist",0.99,18,"one_slider","Yes","Female","19","English",13.9705,"E 448"
"4984",448,"N","I","NQI","Q","travelagent",0.99,19,"one_slider","Yes","Female","19","English",13.9705,"E 448"
"4985",448,"N","I","NDI","D","dentist",0.94,20,"one_slider","Yes","Female","19","English",13.9705,"E 448"
"4986",448,"f","l","filler","i","filler6",0.96,21,"one_slider","Yes","Female","19","English",13.9705,"E 448"
"4987",448,"N","I","NQI","Q","playwright",0.97,22,"one_slider","Yes","Female","19","English",13.9705,"E 448"
"4988",448,"Y","I","YQI","Q","professor",0,23,"one_slider","Yes","Female","19","English",13.9705,"E 448"
"4989",448,"N","A","NDA","D","bartender",0.97,24,"one_slider","Yes","Female","19","English",13.9705,"E 448"
"4990",448,"N","I","NDI","D","troopleader",0.96,25,"one_slider","Yes","Female","19","English",13.9705,"E 448"
"4991",448,"Y","I","YDI","D","doctor",0,26,"one_slider","Yes","Female","19","English",13.9705,"E 448"
"4992",448,"N","A","NQA","Q","chef",0.41,27,"one_slider","Yes","Female","19","English",13.9705,"E 448"
"4993",448,"Y","I","YQI","Q","choreographer",0,28,"one_slider","Yes","Female","19","English",13.9705,"E 448"
"4994",448,"Y","A","YDA","D","coach",0.06,29,"one_slider","Yes","Female","19","English",13.9705,"E 448"
"4995",448,"f","l","filler","i","filler1",0.96,30,"one_slider","Yes","Female","19","English",13.9705,"E 448"
"4996",448,"N","A","NQA","Q","artist",0.97,31,"one_slider","Yes","Female","19","English",13.9705,"E 448"
"4997",448,"Y","I","YDI","D","pilot",0.05,32,"one_slider","Yes","Female","19","English",13.9705,"E 448"
"4998",448,"Y","I","YQI","Q","fan",0.37,33,"one_slider","Yes","Female","19","English",13.9705,"E 448"
"4999",448,"Y","A","YQA","Q","stylist",0.47,34,"one_slider","Yes","Female","19","English",13.9705,"E 448"
"5000",448,"f","l","filler","i","filler5",0.02,35,"one_slider","Yes","Female","19","English",13.9705,"E 448"
"5001",309,"","","","","",0.54,NA,"one_slider_practice","Confused","Female","21","spanish",43.09465,"E 309"
"5002",309,"","","","","",0.86,NA,"one_slider_practice","Confused","Female","21","spanish",43.09465,"E 309"
"5003",309,"f","l","filler","i","filler3",0.84,6,"one_slider","Confused","Female","21","spanish",43.09465,"E 309"
"5004",309,"Y","I","YQI","Q","fan",0.86,7,"one_slider","Confused","Female","21","spanish",43.09465,"E 309"
"5005",309,"Y","I","YQI","Q","bartender",0.92,8,"one_slider","Confused","Female","21","spanish",43.09465,"E 309"
"5006",309,"f","l","filler","i","filler6",0.7,9,"one_slider","Confused","Female","21","spanish",43.09465,"E 309"
"5007",309,"N","A","NDA","D","professor",0.72,10,"one_slider","Confused","Female","21","spanish",43.09465,"E 309"
"5008",309,"Y","A","YQA","Q","artist",0.47,11,"one_slider","Confused","Female","21","spanish",43.09465,"E 309"
"5009",309,"N","I","NQI","Q","stylist",0.2,12,"one_slider","Confused","Female","21","spanish",43.09465,"E 309"
"5010",309,"N","I","NDI","D","scientist",0.94,13,"one_slider","Confused","Female","21","spanish",43.09465,"E 309"
"5011",309,"Y","I","YDI","D","supervisor",0.36,14,"one_slider","Confused","Female","21","spanish",43.09465,"E 309"
"5012",309,"Y","I","YDI","D","troopleader",0.25,15,"one_slider","Confused","Female","21","spanish",43.09465,"E 309"
"5013",309,"Y","A","YDA","D","pilot",0.36,16,"one_slider","Confused","Female","21","spanish",43.09465,"E 309"
"5014",309,"f","l","filler","i","filler4",0.36,17,"one_slider","Confused","Female","21","spanish",43.09465,"E 309"
"5015",309,"N","I","NQI","Q","queen",0.75,18,"one_slider","Confused","Female","21","spanish",43.09465,"E 309"
"5016",309,"f","l","filler","i","filler2",0.34,19,"one_slider","Confused","Female","21","spanish",43.09465,"E 309"
"5017",309,"Y","A","YQA","Q","conductor",0.1,20,"one_slider","Confused","Female","21","spanish",43.09465,"E 309"
"5018",309,"N","A","NQA","Q","priest",0.87,21,"one_slider","Confused","Female","21","spanish",43.09465,"E 309"
"5019",309,"Y","A","YDA","D","coach",0.78,22,"one_slider","Confused","Female","21","spanish",43.09465,"E 309"
"5020",309,"N","A","NDA","D","groom",0.8,23,"one_slider","Confused","Female","21","spanish",43.09465,"E 309"
"5021",309,"f","l","filler","i","filler1",0.86,24,"one_slider","Confused","Female","21","spanish",43.09465,"E 309"
"5022",309,"Y","A","YQA","Q","chef",0.91,25,"one_slider","Confused","Female","21","spanish",43.09465,"E 309"
"5023",309,"N","I","NDI","D","patient",0.81,26,"one_slider","Confused","Female","21","spanish",43.09465,"E 309"
"5024",309,"N","I","NDI","D","nutritionist",0.14,27,"one_slider","Confused","Female","21","spanish",43.09465,"E 309"
"5025",309,"Y","A","YDA","D","pianist",0.86,28,"one_slider","Confused","Female","21","spanish",43.09465,"E 309"
"5026",309,"f","l","filler","i","filler5",0.09,29,"one_slider","Confused","Female","21","spanish",43.09465,"E 309"
"5027",309,"N","A","NQA","Q","dentist",0.15,30,"one_slider","Confused","Female","21","spanish",43.09465,"E 309"
"5028",309,"N","A","NQA","Q","choreographer",0.16,31,"one_slider","Confused","Female","21","spanish",43.09465,"E 309"
"5029",309,"Y","I","YDI","D","CEO",0.94,32,"one_slider","Confused","Female","21","spanish",43.09465,"E 309"
"5030",309,"Y","I","YQI","Q","doctor",0.89,33,"one_slider","Confused","Female","21","spanish",43.09465,"E 309"
"5031",309,"N","I","NQI","Q","playwright",0.77,34,"one_slider","Confused","Female","21","spanish",43.09465,"E 309"
"5032",309,"N","A","NDA","D","travelagent",0.85,35,"one_slider","Confused","Female","21","spanish",43.09465,"E 309"
"5033",456,"","","","","",0.3,NA,"one_slider_practice","Confused","Female","21"," Hindi",25.403,"E 456"
"5034",456,"","","","","",0.33,NA,"one_slider_practice","Confused","Female","21"," Hindi",25.403,"E 456"
"5035",456,"Y","I","YQI","Q","fan",0.55,6,"one_slider","Confused","Female","21"," Hindi",25.403,"E 456"
"5036",456,"N","A","NDA","D","queen",0.49,7,"one_slider","Confused","Female","21"," Hindi",25.403,"E 456"
"5037",456,"N","I","NQI","Q","pianist",0.76,8,"one_slider","Confused","Female","21"," Hindi",25.403,"E 456"
"5038",456,"N","I","NQI","Q","CEO",0.53,9,"one_slider","Confused","Female","21"," Hindi",25.403,"E 456"
"5039",456,"f","l","filler","i","filler2",0.8,10,"one_slider","Confused","Female","21"," Hindi",25.403,"E 456"
"5040",456,"N","A","NQA","Q","professor",0.31,11,"one_slider","Confused","Female","21"," Hindi",25.403,"E 456"
"5041",456,"Y","A","YDA","D","dentist",0.65,12,"one_slider","Confused","Female","21"," Hindi",25.403,"E 456"
"5042",456,"Y","I","YQI","Q","chef",0.7,13,"one_slider","Confused","Female","21"," Hindi",25.403,"E 456"
"5043",456,"N","I","NDI","D","scientist",0.47,14,"one_slider","Confused","Female","21"," Hindi",25.403,"E 456"
"5044",456,"Y","A","YDA","D","patient",0.44,15,"one_slider","Confused","Female","21"," Hindi",25.403,"E 456"
"5045",456,"Y","A","YDA","D","travelagent",0.49,16,"one_slider","Confused","Female","21"," Hindi",25.403,"E 456"
"5046",456,"Y","I","YQI","Q","priest",0.39,17,"one_slider","Confused","Female","21"," Hindi",25.403,"E 456"
"5047",456,"N","I","NDI","D","groom",0.48,18,"one_slider","Confused","Female","21"," Hindi",25.403,"E 456"
"5048",456,"Y","I","YDI","D","playwright",0.46,19,"one_slider","Confused","Female","21"," Hindi",25.403,"E 456"
"5049",456,"f","l","filler","i","filler5",0.41,20,"one_slider","Confused","Female","21"," Hindi",25.403,"E 456"
"5050",456,"N","I","NQI","Q","coach",0.5,21,"one_slider","Confused","Female","21"," Hindi",25.403,"E 456"
"5051",456,"Y","A","YQA","Q","stylist",0.25,22,"one_slider","Confused","Female","21"," Hindi",25.403,"E 456"
"5052",456,"N","A","NQA","Q","nutritionist",0.15,23,"one_slider","Confused","Female","21"," Hindi",25.403,"E 456"
"5053",456,"f","l","filler","i","filler3",0.91,24,"one_slider","Confused","Female","21"," Hindi",25.403,"E 456"
"5054",456,"N","A","NDA","D","pilot",0.88,25,"one_slider","Confused","Female","21"," Hindi",25.403,"E 456"
"5055",456,"f","l","filler","i","filler6",0.34,26,"one_slider","Confused","Female","21"," Hindi",25.403,"E 456"
"5056",456,"Y","I","YDI","D","conductor",0.23,27,"one_slider","Confused","Female","21"," Hindi",25.403,"E 456"
"5057",456,"Y","A","YQA","Q","choreographer",0.15,28,"one_slider","Confused","Female","21"," Hindi",25.403,"E 456"
"5058",456,"f","l","filler","i","filler4",0.23,29,"one_slider","Confused","Female","21"," Hindi",25.403,"E 456"
"5059",456,"f","l","filler","i","filler1",0.91,30,"one_slider","Confused","Female","21"," Hindi",25.403,"E 456"
"5060",456,"N","A","NDA","D","supervisor",0.16,31,"one_slider","Confused","Female","21"," Hindi",25.403,"E 456"
"5061",456,"Y","A","YQA","Q","bartender",0.25,32,"one_slider","Confused","Female","21"," Hindi",25.403,"E 456"
"5062",456,"N","I","NDI","D","artist",0.98,33,"one_slider","Confused","Female","21"," Hindi",25.403,"E 456"
"5063",456,"N","A","NQA","Q","doctor",0.96,34,"one_slider","Confused","Female","21"," Hindi",25.403,"E 456"
"5064",456,"Y","I","YDI","D","troopleader",0.95,35,"one_slider","Confused","Female","21"," Hindi",25.403,"E 456"
"5065",473,"","","","","",1,NA,"one_slider_practice","Confused","Female","21","English",10.5608166666667,"E 473"
"5066",473,"","","","","",1,NA,"one_slider_practice","Confused","Female","21","English",10.5608166666667,"E 473"
"5067",473,"N","A","NDA","D","professor",0.47,6,"one_slider","Confused","Female","21","English",10.5608166666667,"E 473"
"5068",473,"f","l","filler","i","filler2",0.5,7,"one_slider","Confused","Female","21","English",10.5608166666667,"E 473"
"5069",473,"N","A","NQA","Q","travelagent",0.53,8,"one_slider","Confused","Female","21","English",10.5608166666667,"E 473"
"5070",473,"f","l","filler","i","filler4",0.01,9,"one_slider","Confused","Female","21","English",10.5608166666667,"E 473"
"5071",473,"N","A","NQA","Q","groom",0.5,10,"one_slider","Confused","Female","21","English",10.5608166666667,"E 473"
"5072",473,"N","I","NDI","D","supervisor",0.04,11,"one_slider","Confused","Female","21","English",10.5608166666667,"E 473"
"5073",473,"N","A","NQA","Q","playwright",0.47,12,"one_slider","Confused","Female","21","English",10.5608166666667,"E 473"
"5074",473,"N","I","NDI","D","priest",0.56,13,"one_slider","Confused","Female","21","English",10.5608166666667,"E 473"
"5075",473,"f","l","filler","i","filler3",0.94,14,"one_slider","Confused","Female","21","English",10.5608166666667,"E 473"
"5076",473,"Y","I","YQI","Q","coach",0.09,15,"one_slider","Confused","Female","21","English",10.5608166666667,"E 473"
"5077",473,"Y","I","YDI","D","pilot",0.3,16,"one_slider","Confused","Female","21","English",10.5608166666667,"E 473"
"5078",473,"Y","I","YQI","Q","stylist",0.42,17,"one_slider","Confused","Female","21","English",10.5608166666667,"E 473"
"5079",473,"Y","A","YQA","Q","pianist",0.47,18,"one_slider","Confused","Female","21","English",10.5608166666667,"E 473"
"5080",473,"Y","I","YQI","Q","doctor",0.53,19,"one_slider","Confused","Female","21","English",10.5608166666667,"E 473"
"5081",473,"f","l","filler","i","filler1",0.89,20,"one_slider","Confused","Female","21","English",10.5608166666667,"E 473"
"5082",473,"N","I","NQI","Q","bartender",0.33,21,"one_slider","Confused","Female","21","English",10.5608166666667,"E 473"
"5083",473,"N","I","NQI","Q","choreographer",0.51,22,"one_slider","Confused","Female","21","English",10.5608166666667,"E 473"
"5084",473,"f","l","filler","i","filler5",0.12,23,"one_slider","Confused","Female","21","English",10.5608166666667,"E 473"
"5085",473,"Y","I","YDI","D","scientist",0.59,24,"one_slider","Confused","Female","21","English",10.5608166666667,"E 473"
"5086",473,"f","l","filler","i","filler6",0.07,25,"one_slider","Confused","Female","21","English",10.5608166666667,"E 473"
"5087",473,"Y","A","YQA","Q","conductor",0.59,26,"one_slider","Confused","Female","21","English",10.5608166666667,"E 473"
"5088",473,"Y","A","YQA","Q","CEO",0.48,27,"one_slider","Confused","Female","21","English",10.5608166666667,"E 473"
"5089",473,"Y","A","YDA","D","troopleader",0.44,28,"one_slider","Confused","Female","21","English",10.5608166666667,"E 473"
"5090",473,"N","I","NQI","Q","nutritionist",0.49,29,"one_slider","Confused","Female","21","English",10.5608166666667,"E 473"
"5091",473,"Y","A","YDA","D","patient",0.5,30,"one_slider","Confused","Female","21","English",10.5608166666667,"E 473"
"5092",473,"N","A","NDA","D","artist",0.56,31,"one_slider","Confused","Female","21","English",10.5608166666667,"E 473"
"5093",473,"N","I","NDI","D","queen",0.52,32,"one_slider","Confused","Female","21","English",10.5608166666667,"E 473"
"5094",473,"Y","A","YDA","D","fan",0.32,33,"one_slider","Confused","Female","21","English",10.5608166666667,"E 473"
"5095",473,"N","A","NDA","D","dentist",0.55,34,"one_slider","Confused","Female","21","English",10.5608166666667,"E 473"
"5096",473,"Y","I","YDI","D","chef",0.61,35,"one_slider","Confused","Female","21","English",10.5608166666667,"E 473"
"5097",562,"","","","","",0.81,NA,"one_slider_practice","Yes","Female","21","Spanish",22.4161833333333,"E 562"
"5098",562,"","","","","",0.88,NA,"one_slider_practice","Yes","Female","21","Spanish",22.4161833333333,"E 562"
"5099",562,"N","I","NQI","Q","pilot",0.88,6,"one_slider","Yes","Female","21","Spanish",22.4161833333333,"E 562"
"5100",562,"f","l","filler","i","filler2",0.85,7,"one_slider","Yes","Female","21","Spanish",22.4161833333333,"E 562"
"5101",562,"N","A","NQA","Q","dentist",0.32,8,"one_slider","Yes","Female","21","Spanish",22.4161833333333,"E 562"
"5102",562,"N","I","NDI","D","troopleader",0.66,9,"one_slider","Yes","Female","21","Spanish",22.4161833333333,"E 562"
"5103",562,"Y","A","YQA","Q","playwright",0.45,10,"one_slider","Yes","Female","21","Spanish",22.4161833333333,"E 562"
"5104",562,"N","A","NDA","D","artist",1,11,"one_slider","Yes","Female","21","Spanish",22.4161833333333,"E 562"
"5105",562,"N","A","NQA","Q","chef",1,12,"one_slider","Yes","Female","21","Spanish",22.4161833333333,"E 562"
"5106",562,"f","l","filler","i","filler6",0.06,13,"one_slider","Yes","Female","21","Spanish",22.4161833333333,"E 562"
"5107",562,"Y","I","YDI","D","bartender",0.82,14,"one_slider","Yes","Female","21","Spanish",22.4161833333333,"E 562"
"5108",562,"Y","I","YQI","Q","stylist",0.88,15,"one_slider","Yes","Female","21","Spanish",22.4161833333333,"E 562"
"5109",562,"f","l","filler","i","filler3",0.97,16,"one_slider","Yes","Female","21","Spanish",22.4161833333333,"E 562"
"5110",562,"Y","A","YDA","D","travelagent",0.32,17,"one_slider","Yes","Female","21","Spanish",22.4161833333333,"E 562"
"5111",562,"f","l","filler","i","filler1",0.86,18,"one_slider","Yes","Female","21","Spanish",22.4161833333333,"E 562"
"5112",562,"N","A","NDA","D","patient",0.87,19,"one_slider","Yes","Female","21","Spanish",22.4161833333333,"E 562"
"5113",562,"Y","A","YDA","D","nutritionist",0.3,20,"one_slider","Yes","Female","21","Spanish",22.4161833333333,"E 562"
"5114",562,"Y","A","YDA","D","groom",0.28,21,"one_slider","Yes","Female","21","Spanish",22.4161833333333,"E 562"
"5115",562,"N","I","NQI","Q","queen",1,22,"one_slider","Yes","Female","21","Spanish",22.4161833333333,"E 562"
"5116",562,"Y","I","YDI","D","professor",0.9,23,"one_slider","Yes","Female","21","Spanish",22.4161833333333,"E 562"
"5117",562,"Y","A","YQA","Q","conductor",0.34,24,"one_slider","Yes","Female","21","Spanish",22.4161833333333,"E 562"
"5118",562,"Y","I","YQI","Q","choreographer",0.68,25,"one_slider","Yes","Female","21","Spanish",22.4161833333333,"E 562"
"5119",562,"N","I","NDI","D","coach",0.95,26,"one_slider","Yes","Female","21","Spanish",22.4161833333333,"E 562"
"5120",562,"Y","A","YQA","Q","fan",0.96,27,"one_slider","Yes","Female","21","Spanish",22.4161833333333,"E 562"
"5121",562,"Y","I","YQI","Q","priest",0.91,28,"one_slider","Yes","Female","21","Spanish",22.4161833333333,"E 562"
"5122",562,"Y","I","YDI","D","pianist",0.91,29,"one_slider","Yes","Female","21","Spanish",22.4161833333333,"E 562"
"5123",562,"f","l","filler","i","filler5",0.04,30,"one_slider","Yes","Female","21","Spanish",22.4161833333333,"E 562"
"5124",562,"N","A","NDA","D","supervisor",0.32,31,"one_slider","Yes","Female","21","Spanish",22.4161833333333,"E 562"
"5125",562,"N","A","NQA","Q","doctor",1,32,"one_slider","Yes","Female","21","Spanish",22.4161833333333,"E 562"
"5126",562,"N","I","NDI","D","scientist",0.94,33,"one_slider","Yes","Female","21","Spanish",22.4161833333333,"E 562"
"5127",562,"N","I","NQI","Q","CEO",1,34,"one_slider","Yes","Female","21","Spanish",22.4161833333333,"E 562"
"5128",562,"f","l","filler","i","filler4",0.03,35,"one_slider","Yes","Female","21","Spanish",22.4161833333333,"E 562"
"5129",495,"","","","","",0.81,NA,"one_slider_practice","Confused","Female","20","Spanish",5.06516666666667,"E 495"
"5130",495,"","","","","",0.76,NA,"one_slider_practice","Confused","Female","20","Spanish",5.06516666666667,"E 495"
"5131",495,"f","l","filler","i","filler5",0.19,6,"one_slider","Confused","Female","20","Spanish",5.06516666666667,"E 495"
"5132",495,"Y","A","YDA","D","priest",0.82,7,"one_slider","Confused","Female","20","Spanish",5.06516666666667,"E 495"
"5133",495,"N","A","NDA","D","coach",0.25,8,"one_slider","Confused","Female","20","Spanish",5.06516666666667,"E 495"
"5134",495,"Y","I","YDI","D","artist",0.85,9,"one_slider","Confused","Female","20","Spanish",5.06516666666667,"E 495"
"5135",495,"N","A","NQA","Q","doctor",0.48,10,"one_slider","Confused","Female","20","Spanish",5.06516666666667,"E 495"
"5136",495,"Y","A","YDA","D","troopleader",0.54,11,"one_slider","Confused","Female","20","Spanish",5.06516666666667,"E 495"
"5137",495,"f","l","filler","i","filler3",0.44,12,"one_slider","Confused","Female","20","Spanish",5.06516666666667,"E 495"
"5138",495,"N","I","NDI","D","pilot",0.79,13,"one_slider","Confused","Female","20","Spanish",5.06516666666667,"E 495"
"5139",495,"N","A","NDA","D","bartender",0.83,14,"one_slider","Confused","Female","20","Spanish",5.06516666666667,"E 495"
"5140",495,"f","l","filler","i","filler1",0.88,15,"one_slider","Confused","Female","20","Spanish",5.06516666666667,"E 495"
"5141",495,"N","I","NQI","Q","supervisor",0.89,16,"one_slider","Confused","Female","20","Spanish",5.06516666666667,"E 495"
"5142",495,"N","A","NDA","D","travelagent",0.59,17,"one_slider","Confused","Female","20","Spanish",5.06516666666667,"E 495"
"5143",495,"Y","I","YDI","D","nutritionist",0.37,18,"one_slider","Confused","Female","20","Spanish",5.06516666666667,"E 495"
"5144",495,"Y","I","YQI","Q","queen",0.93,19,"one_slider","Confused","Female","20","Spanish",5.06516666666667,"E 495"
"5145",495,"Y","A","YDA","D","fan",0.55,20,"one_slider","Confused","Female","20","Spanish",5.06516666666667,"E 495"
"5146",495,"N","I","NQI","Q","playwright",0.7,21,"one_slider","Confused","Female","20","Spanish",5.06516666666667,"E 495"
"5147",495,"f","l","filler","i","filler4",0.42,22,"one_slider","Confused","Female","20","Spanish",5.06516666666667,"E 495"
"5148",495,"N","A","NQA","Q","dentist",0.28,23,"one_slider","Confused","Female","20","Spanish",5.06516666666667,"E 495"
"5149",495,"Y","I","YQI","Q","chef",0.73,24,"one_slider","Confused","Female","20","Spanish",5.06516666666667,"E 495"
"5150",495,"Y","A","YQA","Q","professor",0.47,25,"one_slider","Confused","Female","20","Spanish",5.06516666666667,"E 495"
"5151",495,"N","A","NQA","Q","stylist",0.84,26,"one_slider","Confused","Female","20","Spanish",5.06516666666667,"E 495"
"5152",495,"N","I","NDI","D","CEO",0.86,27,"one_slider","Confused","Female","20","Spanish",5.06516666666667,"E 495"
"5153",495,"Y","I","YQI","Q","pianist",0.68,28,"one_slider","Confused","Female","20","Spanish",5.06516666666667,"E 495"
"5154",495,"N","I","NDI","D","scientist",0.99,29,"one_slider","Confused","Female","20","Spanish",5.06516666666667,"E 495"
"5155",495,"Y","I","YDI","D","groom",0.82,30,"one_slider","Confused","Female","20","Spanish",5.06516666666667,"E 495"
"5156",495,"f","l","filler","i","filler6",0.33,31,"one_slider","Confused","Female","20","Spanish",5.06516666666667,"E 495"
"5157",495,"Y","A","YQA","Q","choreographer",0.26,32,"one_slider","Confused","Female","20","Spanish",5.06516666666667,"E 495"
"5158",495,"f","l","filler","i","filler2",0.58,33,"one_slider","Confused","Female","20","Spanish",5.06516666666667,"E 495"
"5159",495,"N","I","NQI","Q","patient",0.55,34,"one_slider","Confused","Female","20","Spanish",5.06516666666667,"E 495"
"5160",495,"Y","A","YQA","Q","conductor",0.39,35,"one_slider","Confused","Female","20","Spanish",5.06516666666667,"E 495"
"5161",303,"","","","","",1,NA,"one_slider_practice","Yes","Female","21","English",44.2904666666667,"E 303"
"5162",303,"","","","","",0.99,NA,"one_slider_practice","Yes","Female","21","English",44.2904666666667,"E 303"
"5163",303,"N","A","NQA","Q","conductor",0.67,6,"one_slider","Yes","Female","21","English",44.2904666666667,"E 303"
"5164",303,"f","l","filler","i","filler1",0.82,7,"one_slider","Yes","Female","21","English",44.2904666666667,"E 303"
"5165",303,"Y","A","YQA","Q","chef",0.32,8,"one_slider","Yes","Female","21","English",44.2904666666667,"E 303"
"5166",303,"N","A","NDA","D","professor",0.14,9,"one_slider","Yes","Female","21","English",44.2904666666667,"E 303"
"5167",303,"N","I","NQI","Q","scientist",0.88,10,"one_slider","Yes","Female","21","English",44.2904666666667,"E 303"
"5168",303,"Y","I","YQI","Q","queen",0.33,11,"one_slider","Yes","Female","21","English",44.2904666666667,"E 303"
"5169",303,"Y","A","YDA","D","playwright",0.25,12,"one_slider","Yes","Female","21","English",44.2904666666667,"E 303"
"5170",303,"N","I","NDI","D","dentist",0.7,13,"one_slider","Yes","Female","21","English",44.2904666666667,"E 303"
"5171",303,"f","l","filler","i","filler5",0,14,"one_slider","Yes","Female","21","English",44.2904666666667,"E 303"
"5172",303,"N","I","NDI","D","bartender",0.61,15,"one_slider","Yes","Female","21","English",44.2904666666667,"E 303"
"5173",303,"Y","A","YDA","D","fan",0.62,16,"one_slider","Yes","Female","21","English",44.2904666666667,"E 303"
"5174",303,"N","I","NDI","D","travelagent",0.98,17,"one_slider","Yes","Female","21","English",44.2904666666667,"E 303"
"5175",303,"Y","I","YQI","Q","patient",0.74,18,"one_slider","Yes","Female","21","English",44.2904666666667,"E 303"
"5176",303,"N","I","NQI","Q","CEO",0.87,19,"one_slider","Yes","Female","21","English",44.2904666666667,"E 303"
"5177",303,"N","A","NQA","Q","pianist",0.64,20,"one_slider","Yes","Female","21","English",44.2904666666667,"E 303"
"5178",303,"f","l","filler","i","filler2",0.71,21,"one_slider","Yes","Female","21","English",44.2904666666667,"E 303"
"5179",303,"Y","I","YDI","D","priest",0.82,22,"one_slider","Yes","Female","21","English",44.2904666666667,"E 303"
"5180",303,"Y","I","YDI","D","stylist",0.82,23,"one_slider","Yes","Female","21","English",44.2904666666667,"E 303"
"5181",303,"Y","A","YDA","D","troopleader",0.78,24,"one_slider","Yes","Female","21","English",44.2904666666667,"E 303"
"5182",303,"Y","A","YQA","Q","choreographer",0.41,25,"one_slider","Yes","Female","21","English",44.2904666666667,"E 303"
"5183",303,"Y","I","YQI","Q","doctor",0.26,26,"one_slider","Yes","Female","21","English",44.2904666666667,"E 303"
"5184",303,"Y","I","YDI","D","supervisor",0.09,27,"one_slider","Yes","Female","21","English",44.2904666666667,"E 303"
"5185",303,"N","A","NDA","D","pilot",0.99,28,"one_slider","Yes","Female","21","English",44.2904666666667,"E 303"
"5186",303,"f","l","filler","i","filler4",0,29,"one_slider","Yes","Female","21","English",44.2904666666667,"E 303"
"5187",303,"f","l","filler","i","filler3",0.21,30,"one_slider","Yes","Female","21","English",44.2904666666667,"E 303"
"5188",303,"Y","A","YQA","Q","coach",0.97,31,"one_slider","Yes","Female","21","English",44.2904666666667,"E 303"
"5189",303,"N","A","NDA","D","nutritionist",0.83,32,"one_slider","Yes","Female","21","English",44.2904666666667,"E 303"
"5190",303,"N","A","NQA","Q","artist",1,33,"one_slider","Yes","Female","21","English",44.2904666666667,"E 303"
"5191",303,"N","I","NQI","Q","groom",0.93,34,"one_slider","Yes","Female","21","English",44.2904666666667,"E 303"
"5192",303,"f","l","filler","i","filler6",0,35,"one_slider","Yes","Female","21","English",44.2904666666667,"E 303"
"5193",565,"","","","","",0.76,NA,"one_slider_practice","Yes","Female","20","English",15.4063,"E 565"
"5194",565,"","","","","",0.99,NA,"one_slider_practice","Yes","Female","20","English",15.4063,"E 565"
"5195",565,"Y","A","YQA","Q","CEO",0.31,6,"one_slider","Yes","Female","20","English",15.4063,"E 565"
"5196",565,"f","l","filler","i","filler2",0.69,7,"one_slider","Yes","Female","20","English",15.4063,"E 565"
"5197",565,"Y","A","YDA","D","priest",0.33,8,"one_slider","Yes","Female","20","English",15.4063,"E 565"
"5198",565,"N","I","NDI","D","playwright",0.78,9,"one_slider","Yes","Female","20","English",15.4063,"E 565"
"5199",565,"N","A","NDA","D","conductor",0.64,10,"one_slider","Yes","Female","20","English",15.4063,"E 565"
"5200",565,"N","I","NDI","D","stylist",0.2,11,"one_slider","Yes","Female","20","English",15.4063,"E 565"
"5201",565,"f","l","filler","i","filler4",0.11,12,"one_slider","Yes","Female","20","English",15.4063,"E 565"
"5202",565,"N","A","NQA","Q","travelagent",0.89,13,"one_slider","Yes","Female","20","English",15.4063,"E 565"
"5203",565,"Y","I","YQI","Q","patient",0.36,14,"one_slider","Yes","Female","20","English",15.4063,"E 565"
"5204",565,"N","I","NQI","Q","nutritionist",0.72,15,"one_slider","Yes","Female","20","English",15.4063,"E 565"
"5205",565,"N","I","NQI","Q","troopleader",0.4,16,"one_slider","Yes","Female","20","English",15.4063,"E 565"
"5206",565,"Y","I","YDI","D","supervisor",0.31,17,"one_slider","Yes","Female","20","English",15.4063,"E 565"
"5207",565,"Y","I","YQI","Q","fan",0.7,18,"one_slider","Yes","Female","20","English",15.4063,"E 565"
"5208",565,"N","A","NQA","Q","professor",0.74,19,"one_slider","Yes","Female","20","English",15.4063,"E 565"
"5209",565,"N","A","NDA","D","queen",0.94,20,"one_slider","Yes","Female","20","English",15.4063,"E 565"
"5210",565,"Y","A","YDA","D","pilot",0.35,21,"one_slider","Yes","Female","20","English",15.4063,"E 565"
"5211",565,"Y","I","YDI","D","doctor",0.82,22,"one_slider","Yes","Female","20","English",15.4063,"E 565"
"5212",565,"N","A","NDA","D","dentist",0.91,23,"one_slider","Yes","Female","20","English",15.4063,"E 565"
"5213",565,"f","l","filler","i","filler5",0.86,24,"one_slider","Yes","Female","20","English",15.4063,"E 565"
"5214",565,"N","A","NQA","Q","pianist",0.81,25,"one_slider","Yes","Female","20","English",15.4063,"E 565"
"5215",565,"N","I","NDI","D","artist",0.68,26,"one_slider","Yes","Female","20","English",15.4063,"E 565"
"5216",565,"f","l","filler","i","filler6",0.19,27,"one_slider","Yes","Female","20","English",15.4063,"E 565"
"5217",565,"f","l","filler","i","filler3",0.98,28,"one_slider","Yes","Female","20","English",15.4063,"E 565"
"5218",565,"Y","A","YQA","Q","coach",0.71,29,"one_slider","Yes","Female","20","English",15.4063,"E 565"
"5219",565,"Y","I","YDI","D","groom",0.81,30,"one_slider","Yes","Female","20","English",15.4063,"E 565"
"5220",565,"Y","A","YDA","D","chef",0.79,31,"one_slider","Yes","Female","20","English",15.4063,"E 565"
"5221",565,"Y","I","YQI","Q","scientist",0.67,32,"one_slider","Yes","Female","20","English",15.4063,"E 565"
"5222",565,"Y","A","YQA","Q","bartender",0.77,33,"one_slider","Yes","Female","20","English",15.4063,"E 565"
"5223",565,"f","l","filler","i","filler1",0.84,34,"one_slider","Yes","Female","20","English",15.4063,"E 565"
"5224",565,"N","I","NQI","Q","choreographer",0.6,35,"one_slider","Yes","Female","20","English",15.4063,"E 565"
"5225",417,"","","","","",0.97,NA,"one_slider_practice","Yes","Female","19","Spanish",17.1123166666667,"E 417"
"5226",417,"","","","","",0.96,NA,"one_slider_practice","Yes","Female","19","Spanish",17.1123166666667,"E 417"
"5227",417,"N","A","NDA","D","playwright",0.99,6,"one_slider","Yes","Female","19","Spanish",17.1123166666667,"E 417"
"5228",417,"Y","I","YQI","Q","chef",0.83,7,"one_slider","Yes","Female","19","Spanish",17.1123166666667,"E 417"
"5229",417,"N","A","NQA","Q","dentist",0.88,8,"one_slider","Yes","Female","19","Spanish",17.1123166666667,"E 417"
"5230",417,"f","l","filler","i","filler3",0.99,9,"one_slider","Yes","Female","19","Spanish",17.1123166666667,"E 417"
"5231",417,"N","A","NQA","Q","CEO",0.79,10,"one_slider","Yes","Female","19","Spanish",17.1123166666667,"E 417"
"5232",417,"Y","A","YQA","Q","groom",0.78,11,"one_slider","Yes","Female","19","Spanish",17.1123166666667,"E 417"
"5233",417,"N","I","NDI","D","stylist",0.64,12,"one_slider","Yes","Female","19","Spanish",17.1123166666667,"E 417"
"5234",417,"Y","A","YDA","D","conductor",0.77,13,"one_slider","Yes","Female","19","Spanish",17.1123166666667,"E 417"
"5235",417,"N","A","NDA","D","troopleader",0.72,14,"one_slider","Yes","Female","19","Spanish",17.1123166666667,"E 417"
"5236",417,"f","l","filler","i","filler5",0.27,15,"one_slider","Yes","Female","19","Spanish",17.1123166666667,"E 417"
"5237",417,"Y","A","YQA","Q","travelagent",0.3,16,"one_slider","Yes","Female","19","Spanish",17.1123166666667,"E 417"
"5238",417,"f","l","filler","i","filler6",0.14,17,"one_slider","Yes","Female","19","Spanish",17.1123166666667,"E 417"
"5239",417,"Y","A","YDA","D","artist",0.81,18,"one_slider","Yes","Female","19","Spanish",17.1123166666667,"E 417"
"5240",417,"Y","I","YDI","D","fan",0.95,19,"one_slider","Yes","Female","19","Spanish",17.1123166666667,"E 417"
"5241",417,"Y","I","YDI","D","priest",0.68,20,"one_slider","Yes","Female","19","Spanish",17.1123166666667,"E 417"
"5242",417,"f","l","filler","i","filler1",0.63,21,"one_slider","Yes","Female","19","Spanish",17.1123166666667,"E 417"
"5243",417,"Y","A","YDA","D","queen",0.55,22,"one_slider","Yes","Female","19","Spanish",17.1123166666667,"E 417"
"5244",417,"N","I","NDI","D","patient",0.94,23,"one_slider","Yes","Female","19","Spanish",17.1123166666667,"E 417"
"5245",417,"N","I","NQI","Q","choreographer",0.71,24,"one_slider","Yes","Female","19","Spanish",17.1123166666667,"E 417"
"5246",417,"f","l","filler","i","filler2",0.81,25,"one_slider","Yes","Female","19","Spanish",17.1123166666667,"E 417"
"5247",417,"N","I","NDI","D","supervisor",0.86,26,"one_slider","Yes","Female","19","Spanish",17.1123166666667,"E 417"
"5248",417,"Y","I","YQI","Q","nutritionist",0.61,27,"one_slider","Yes","Female","19","Spanish",17.1123166666667,"E 417"
"5249",417,"f","l","filler","i","filler4",0.18,28,"one_slider","Yes","Female","19","Spanish",17.1123166666667,"E 417"
"5250",417,"Y","I","YDI","D","coach",0.67,29,"one_slider","Yes","Female","19","Spanish",17.1123166666667,"E 417"
"5251",417,"N","A","NQA","Q","bartender",0.96,30,"one_slider","Yes","Female","19","Spanish",17.1123166666667,"E 417"
"5252",417,"Y","I","YQI","Q","professor",0.87,31,"one_slider","Yes","Female","19","Spanish",17.1123166666667,"E 417"
"5253",417,"N","I","NQI","Q","pilot",0.82,32,"one_slider","Yes","Female","19","Spanish",17.1123166666667,"E 417"
"5254",417,"N","I","NQI","Q","scientist",0.88,33,"one_slider","Yes","Female","19","Spanish",17.1123166666667,"E 417"
"5255",417,"N","A","NDA","D","pianist",0.86,34,"one_slider","Yes","Female","19","Spanish",17.1123166666667,"E 417"
"5256",417,"Y","A","YQA","Q","doctor",0.74,35,"one_slider","Yes","Female","19","Spanish",17.1123166666667,"E 417"
"5257",538,"","","","","",0.86,NA,"one_slider_practice","Yes","Female","21","",6.03105,"E 538"
"5258",538,"","","","","",0.8,NA,"one_slider_practice","Yes","Female","21","",6.03105,"E 538"
"5259",538,"f","l","filler","i","filler1",0.85,6,"one_slider","Yes","Female","21","",6.03105,"E 538"
"5260",538,"f","l","filler","i","filler4",0.21,7,"one_slider","Yes","Female","21","",6.03105,"E 538"
"5261",538,"N","I","NDI","D","travelagent",0.36,8,"one_slider","Yes","Female","21","",6.03105,"E 538"
"5262",538,"f","l","filler","i","filler3",0.91,9,"one_slider","Yes","Female","21","",6.03105,"E 538"
"5263",538,"Y","A","YDA","D","artist",0.95,10,"one_slider","Yes","Female","21","",6.03105,"E 538"
"5264",538,"f","l","filler","i","filler2",0.89,11,"one_slider","Yes","Female","21","",6.03105,"E 538"
"5265",538,"Y","I","YDI","D","chef",0.59,12,"one_slider","Yes","Female","21","",6.03105,"E 538"
"5266",538,"Y","I","YQI","Q","patient",0.67,13,"one_slider","Yes","Female","21","",6.03105,"E 538"
"5267",538,"N","I","NQI","Q","priest",0.6,14,"one_slider","Yes","Female","21","",6.03105,"E 538"
"5268",538,"Y","I","YQI","Q","scientist",0.64,15,"one_slider","Yes","Female","21","",6.03105,"E 538"
"5269",538,"N","A","NDA","D","supervisor",0.8,16,"one_slider","Yes","Female","21","",6.03105,"E 538"
"5270",538,"Y","A","YQA","Q","choreographer",0.48,17,"one_slider","Yes","Female","21","",6.03105,"E 538"
"5271",538,"Y","I","YQI","Q","doctor",0.6,18,"one_slider","Yes","Female","21","",6.03105,"E 538"
"5272",538,"N","A","NDA","D","bartender",0.63,19,"one_slider","Yes","Female","21","",6.03105,"E 538"
"5273",538,"Y","A","YDA","D","groom",0.53,20,"one_slider","Yes","Female","21","",6.03105,"E 538"
"5274",538,"Y","I","YDI","D","playwright",0.56,21,"one_slider","Yes","Female","21","",6.03105,"E 538"
"5275",538,"f","l","filler","i","filler6",0.53,22,"one_slider","Yes","Female","21","",6.03105,"E 538"
"5276",538,"N","I","NQI","Q","CEO",0.51,23,"one_slider","Yes","Female","21","",6.03105,"E 538"
"5277",538,"N","A","NQA","Q","dentist",0.5,24,"one_slider","Yes","Female","21","",6.03105,"E 538"
"5278",538,"N","A","NQA","Q","conductor",0.68,25,"one_slider","Yes","Female","21","",6.03105,"E 538"
"5279",538,"N","I","NQI","Q","nutritionist",0.62,26,"one_slider","Yes","Female","21","",6.03105,"E 538"
"5280",538,"N","A","NQA","Q","stylist",0.49,27,"one_slider","Yes","Female","21","",6.03105,"E 538"
"5281",538,"N","A","NDA","D","queen",0.52,28,"one_slider","Yes","Female","21","",6.03105,"E 538"
"5282",538,"Y","A","YDA","D","pilot",0.66,29,"one_slider","Yes","Female","21","",6.03105,"E 538"
"5283",538,"N","I","NDI","D","pianist",0.58,30,"one_slider","Yes","Female","21","",6.03105,"E 538"
"5284",538,"Y","A","YQA","Q","coach",0.58,31,"one_slider","Yes","Female","21","",6.03105,"E 538"
"5285",538,"Y","A","YQA","Q","fan",0.55,32,"one_slider","Yes","Female","21","",6.03105,"E 538"
"5286",538,"f","l","filler","i","filler5",0.53,33,"one_slider","Yes","Female","21","",6.03105,"E 538"
"5287",538,"N","I","NDI","D","professor",0.59,34,"one_slider","Yes","Female","21","",6.03105,"E 538"
"5288",538,"Y","I","YDI","D","troopleader",0.52,35,"one_slider","Yes","Female","21","",6.03105,"E 538"
"5289",556,"","","","","",0.45,NA,"one_slider_practice","Confused","Female","21","English ",7.2762,"E 556"
"5290",556,"","","","","",0.79,NA,"one_slider_practice","Confused","Female","21","English ",7.2762,"E 556"
"5291",556,"f","l","filler","i","filler4",0.43,6,"one_slider","Confused","Female","21","English ",7.2762,"E 556"
"5292",556,"f","l","filler","i","filler3",0.5,7,"one_slider","Confused","Female","21","English ",7.2762,"E 556"
"5293",556,"Y","A","YDA","D","scientist",0.29,8,"one_slider","Confused","Female","21","English ",7.2762,"E 556"
"5294",556,"Y","I","YQI","Q","bartender",0.29,9,"one_slider","Confused","Female","21","English ",7.2762,"E 556"
"5295",556,"Y","A","YQA","Q","professor",0.68,10,"one_slider","Confused","Female","21","English ",7.2762,"E 556"
"5296",556,"N","I","NDI","D","doctor",0.66,11,"one_slider","Confused","Female","21","English ",7.2762,"E 556"
"5297",556,"Y","I","YQI","Q","queen",0.41,12,"one_slider","Confused","Female","21","English ",7.2762,"E 556"
"5298",556,"Y","I","YDI","D","choreographer",0.64,13,"one_slider","Confused","Female","21","English ",7.2762,"E 556"
"5299",556,"Y","A","YQA","Q","travelagent",0.75,14,"one_slider","Confused","Female","21","English ",7.2762,"E 556"
"5300",556,"N","I","NQI","Q","groom",0.72,15,"one_slider","Confused","Female","21","English ",7.2762,"E 556"
"5301",556,"N","A","NQA","Q","fan",0.21,16,"one_slider","Confused","Female","21","English ",7.2762,"E 556"
"5302",556,"f","l","filler","i","filler5",0.14,17,"one_slider","Confused","Female","21","English ",7.2762,"E 556"
"5303",556,"Y","A","YDA","D","supervisor",0.7,18,"one_slider","Confused","Female","21","English ",7.2762,"E 556"
"5304",556,"f","l","filler","i","filler1",0.76,19,"one_slider","Confused","Female","21","English ",7.2762,"E 556"
"5305",556,"Y","A","YDA","D","chef",0.59,20,"one_slider","Confused","Female","21","English ",7.2762,"E 556"
"5306",556,"Y","I","YDI","D","conductor",0.61,21,"one_slider","Confused","Female","21","English ",7.2762,"E 556"
"5307",556,"N","I","NQI","Q","nutritionist",0.33,22,"one_slider","Confused","Female","21","English ",7.2762,"E 556"
"5308",556,"N","A","NDA","D","playwright",0.7,23,"one_slider","Confused","Female","21","English ",7.2762,"E 556"
"5309",556,"N","I","NDI","D","CEO",0.81,24,"one_slider","Confused","Female","21","English ",7.2762,"E 556"
"5310",556,"f","l","filler","i","filler2",0.62,25,"one_slider","Confused","Female","21","English ",7.2762,"E 556"
"5311",556,"N","I","NDI","D","troopleader",0.77,26,"one_slider","Confused","Female","21","English ",7.2762,"E 556"
"5312",556,"f","l","filler","i","filler6",0.19,27,"one_slider","Confused","Female","21","English ",7.2762,"E 556"
"5313",556,"N","A","NQA","Q","artist",0.65,28,"one_slider","Confused","Female","21","English ",7.2762,"E 556"
"5314",556,"Y","I","YQI","Q","dentist",0.58,29,"one_slider","Confused","Female","21","English ",7.2762,"E 556"
"5315",556,"N","A","NDA","D","coach",0.71,30,"one_slider","Confused","Female","21","English ",7.2762,"E 556"
"5316",556,"N","A","NQA","Q","stylist",0.76,31,"one_slider","Confused","Female","21","English ",7.2762,"E 556"
"5317",556,"Y","A","YQA","Q","pianist",0.77,32,"one_slider","Confused","Female","21","English ",7.2762,"E 556"
"5318",556,"N","I","NQI","Q","pilot",0.71,33,"one_slider","Confused","Female","21","English ",7.2762,"E 556"
"5319",556,"Y","I","YDI","D","patient",0.75,34,"one_slider","Confused","Female","21","English ",7.2762,"E 556"
"5320",556,"N","A","NDA","D","priest",0.73,35,"one_slider","Confused","Female","21","English ",7.2762,"E 556"
"5321",205,"","","","","",0.97,NA,"one_slider_practice","Yes","Female","21","Korean",6.2011,"E 205"
"5322",205,"","","","","",0.77,NA,"one_slider_practice","Yes","Female","21","Korean",6.2011,"E 205"
"5323",205,"f","l","filler","i","filler5",0.63,6,"one_slider","Yes","Female","21","Korean",6.2011,"E 205"
"5324",205,"f","l","filler","i","filler3",0.84,7,"one_slider","Yes","Female","21","Korean",6.2011,"E 205"
"5325",205,"Y","A","YQA","Q","conductor",0.76,8,"one_slider","Yes","Female","21","Korean",6.2011,"E 205"
"5326",205,"N","I","NDI","D","doctor",0.71,9,"one_slider","Yes","Female","21","Korean",6.2011,"E 205"
"5327",205,"Y","A","YDA","D","dentist",0.68,10,"one_slider","Yes","Female","21","Korean",6.2011,"E 205"
"5328",205,"Y","I","YQI","Q","artist",0.5,11,"one_slider","Yes","Female","21","Korean",6.2011,"E 205"
"5329",205,"f","l","filler","i","filler4",0.69,12,"one_slider","Yes","Female","21","Korean",6.2011,"E 205"
"5330",205,"N","I","NQI","Q","scientist",0.66,13,"one_slider","Yes","Female","21","Korean",6.2011,"E 205"
"5331",205,"Y","I","YQI","Q","playwright",0.56,14,"one_slider","Yes","Female","21","Korean",6.2011,"E 205"
"5332",205,"Y","I","YDI","D","priest",0.7,15,"one_slider","Yes","Female","21","Korean",6.2011,"E 205"
"5333",205,"N","A","NDA","D","chef",0.83,16,"one_slider","Yes","Female","21","Korean",6.2011,"E 205"
"5334",205,"Y","A","YDA","D","pilot",0.69,17,"one_slider","Yes","Female","21","Korean",6.2011,"E 205"
"5335",205,"Y","A","YDA","D","choreographer",0.46,18,"one_slider","Yes","Female","21","Korean",6.2011,"E 205"
"5336",205,"f","l","filler","i","filler6",0.63,19,"one_slider","Yes","Female","21","Korean",6.2011,"E 205"
"5337",205,"Y","A","YQA","Q","nutritionist",0.53,20,"one_slider","Yes","Female","21","Korean",6.2011,"E 205"
"5338",205,"Y","I","YQI","Q","groom",0.54,21,"one_slider","Yes","Female","21","Korean",6.2011,"E 205"
"5339",205,"f","l","filler","i","filler1",0.72,22,"one_slider","Yes","Female","21","Korean",6.2011,"E 205"
"5340",205,"N","I","NDI","D","fan",0.69,23,"one_slider","Yes","Female","21","Korean",6.2011,"E 205"
"5341",205,"N","I","NDI","D","troopleader",0.77,24,"one_slider","Yes","Female","21","Korean",6.2011,"E 205"
"5342",205,"Y","I","YDI","D","CEO",0.76,25,"one_slider","Yes","Female","21","Korean",6.2011,"E 205"
"5343",205,"f","l","filler","i","filler2",0.77,26,"one_slider","Yes","Female","21","Korean",6.2011,"E 205"
"5344",205,"Y","I","YDI","D","professor",0.79,27,"one_slider","Yes","Female","21","Korean",6.2011,"E 205"
"5345",205,"N","A","NQA","Q","pianist",0.67,28,"one_slider","Yes","Female","21","Korean",6.2011,"E 205"
"5346",205,"N","A","NQA","Q","bartender",0.47,29,"one_slider","Yes","Female","21","Korean",6.2011,"E 205"
"5347",205,"Y","A","YQA","Q","travelagent",0.59,30,"one_slider","Yes","Female","21","Korean",6.2011,"E 205"
"5348",205,"N","I","NQI","Q","patient",0.53,31,"one_slider","Yes","Female","21","Korean",6.2011,"E 205"
"5349",205,"N","A","NDA","D","coach",0.67,32,"one_slider","Yes","Female","21","Korean",6.2011,"E 205"
"5350",205,"N","A","NQA","Q","queen",0.66,33,"one_slider","Yes","Female","21","Korean",6.2011,"E 205"
"5351",205,"N","I","NQI","Q","supervisor",0.77,34,"one_slider","Yes","Female","21","Korean",6.2011,"E 205"
"5352",205,"N","A","NDA","D","stylist",0.64,35,"one_slider","Yes","Female","21","Korean",6.2011,"E 205"
"5353",261,"","","","","",0.96,NA,"one_slider_practice","Yes","Female","20","English",119.227416666667,"E 261"
"5354",261,"","","","","",0.47,NA,"one_slider_practice","Yes","Female","20","English",119.227416666667,"E 261"
"5355",261,"Y","I","YQI","Q","bartender",0.17,6,"one_slider","Yes","Female","20","English",119.227416666667,"E 261"
"5356",261,"Y","I","YDI","D","queen",0.99,7,"one_slider","Yes","Female","20","English",119.227416666667,"E 261"
"5357",261,"Y","I","YDI","D","priest",0.77,8,"one_slider","Yes","Female","20","English",119.227416666667,"E 261"
"5358",261,"N","I","NQI","Q","professor",0.74,9,"one_slider","Yes","Female","20","English",119.227416666667,"E 261"
"5359",261,"f","l","filler","i","filler5",0.24,10,"one_slider","Yes","Female","20","English",119.227416666667,"E 261"
"5360",261,"f","l","filler","i","filler6",0.08,11,"one_slider","Yes","Female","20","English",119.227416666667,"E 261"
"5361",261,"Y","A","YDA","D","playwright",0.47,12,"one_slider","Yes","Female","20","English",119.227416666667,"E 261"
"5362",261,"Y","A","YDA","D","fan",0.5,13,"one_slider","Yes","Female","20","English",119.227416666667,"E 261"
"5363",261,"f","l","filler","i","filler1",0.85,14,"one_slider","Yes","Female","20","English",119.227416666667,"E 261"
"5364",261,"N","A","NQA","Q","chef",0.9,15,"one_slider","Yes","Female","20","English",119.227416666667,"E 261"
"5365",261,"f","l","filler","i","filler3",0.72,16,"one_slider","Yes","Female","20","English",119.227416666667,"E 261"
"5366",261,"N","A","NQA","Q","troopleader",0.62,17,"one_slider","Yes","Female","20","English",119.227416666667,"E 261"
"5367",261,"N","A","NQA","Q","artist",0.91,18,"one_slider","Yes","Female","20","English",119.227416666667,"E 261"
"5368",261,"Y","I","YDI","D","stylist",0.32,19,"one_slider","Yes","Female","20","English",119.227416666667,"E 261"
"5369",261,"N","A","NDA","D","pilot",0.66,20,"one_slider","Yes","Female","20","English",119.227416666667,"E 261"
"5370",261,"N","I","NQI","Q","travelagent",0.62,21,"one_slider","Yes","Female","20","English",119.227416666667,"E 261"
"5371",261,"f","l","filler","i","filler2",0.98,22,"one_slider","Yes","Female","20","English",119.227416666667,"E 261"
"5372",261,"N","I","NDI","D","doctor",0.95,23,"one_slider","Yes","Female","20","English",119.227416666667,"E 261"
"5373",261,"N","A","NDA","D","choreographer",0.96,24,"one_slider","Yes","Female","20","English",119.227416666667,"E 261"
"5374",261,"Y","A","YQA","Q","scientist",0.18,25,"one_slider","Yes","Female","20","English",119.227416666667,"E 261"
"5375",261,"Y","A","YQA","Q","pianist",0.23,26,"one_slider","Yes","Female","20","English",119.227416666667,"E 261"
"5376",261,"Y","I","YQI","Q","coach",0.75,27,"one_slider","Yes","Female","20","English",119.227416666667,"E 261"
"5377",261,"N","I","NQI","Q","supervisor",0.93,28,"one_slider","Yes","Female","20","English",119.227416666667,"E 261"
"5378",261,"N","A","NDA","D","nutritionist",0.96,29,"one_slider","Yes","Female","20","English",119.227416666667,"E 261"
"5379",261,"Y","I","YQI","Q","patient",0.98,30,"one_slider","Yes","Female","20","English",119.227416666667,"E 261"
"5380",261,"Y","A","YQA","Q","conductor",0.37,31,"one_slider","Yes","Female","20","English",119.227416666667,"E 261"
"5381",261,"N","I","NDI","D","groom",0.95,32,"one_slider","Yes","Female","20","English",119.227416666667,"E 261"
"5382",261,"Y","A","YDA","D","CEO",0.1,33,"one_slider","Yes","Female","20","English",119.227416666667,"E 261"
"5383",261,"N","I","NDI","D","dentist",0.97,34,"one_slider","Yes","Female","20","English",119.227416666667,"E 261"
"5384",261,"f","l","filler","i","filler4",0.22,35,"one_slider","Yes","Female","20","English",119.227416666667,"E 261"
"5385",199,"","","","","",0.12,NA,"one_slider_practice","Yes","Female","19","English",6.53305,"E 199"
"5386",199,"","","","","",0.76,NA,"one_slider_practice","Yes","Female","19","English",6.53305,"E 199"
"5387",199,"N","I","NQI","Q","choreographer",0.69,6,"one_slider","Yes","Female","19","English",6.53305,"E 199"
"5388",199,"N","I","NDI","D","dentist",0.23,7,"one_slider","Yes","Female","19","English",6.53305,"E 199"
"5389",199,"N","A","NQA","Q","fan",0.28,8,"one_slider","Yes","Female","19","English",6.53305,"E 199"
"5390",199,"N","I","NQI","Q","coach",0.61,9,"one_slider","Yes","Female","19","English",6.53305,"E 199"
"5391",199,"Y","A","YDA","D","supervisor",0.16,10,"one_slider","Yes","Female","19","English",6.53305,"E 199"
"5392",199,"Y","I","YDI","D","professor",0.19,11,"one_slider","Yes","Female","19","English",6.53305,"E 199"
"5393",199,"Y","I","YDI","D","travelagent",0.29,12,"one_slider","Yes","Female","19","English",6.53305,"E 199"
"5394",199,"f","l","filler","i","filler1",0.6,13,"one_slider","Yes","Female","19","English",6.53305,"E 199"
"5395",199,"f","l","filler","i","filler2",0.5,14,"one_slider","Yes","Female","19","English",6.53305,"E 199"
"5396",199,"Y","A","YQA","Q","pianist",0.36,15,"one_slider","Yes","Female","19","English",6.53305,"E 199"
"5397",199,"N","I","NQI","Q","conductor",0.69,16,"one_slider","Yes","Female","19","English",6.53305,"E 199"
"5398",199,"f","l","filler","i","filler4",0.58,17,"one_slider","Yes","Female","19","English",6.53305,"E 199"
"5399",199,"Y","I","YQI","Q","CEO",0.34,18,"one_slider","Yes","Female","19","English",6.53305,"E 199"
"5400",199,"Y","I","YDI","D","stylist",0.27,19,"one_slider","Yes","Female","19","English",6.53305,"E 199"
"5401",199,"N","A","NQA","Q","patient",0.59,20,"one_slider","Yes","Female","19","English",6.53305,"E 199"
"5402",199,"f","l","filler","i","filler6",0.48,21,"one_slider","Yes","Female","19","English",6.53305,"E 199"
"5403",199,"Y","I","YQI","Q","nutritionist",0.51,22,"one_slider","Yes","Female","19","English",6.53305,"E 199"
"5404",199,"N","A","NDA","D","troopleader",0.43,23,"one_slider","Yes","Female","19","English",6.53305,"E 199"
"5405",199,"N","A","NDA","D","pilot",0.66,24,"one_slider","Yes","Female","19","English",6.53305,"E 199"
"5406",199,"Y","A","YDA","D","playwright",0.24,25,"one_slider","Yes","Female","19","English",6.53305,"E 199"
"5407",199,"N","I","NDI","D","scientist",0.63,26,"one_slider","Yes","Female","19","English",6.53305,"E 199"
"5408",199,"Y","A","YQA","Q","doctor",0.13,27,"one_slider","Yes","Female","19","English",6.53305,"E 199"
"5409",199,"N","I","NDI","D","bartender",0.65,28,"one_slider","Yes","Female","19","English",6.53305,"E 199"
"5410",199,"f","l","filler","i","filler5",0.33,29,"one_slider","Yes","Female","19","English",6.53305,"E 199"
"5411",199,"f","l","filler","i","filler3",0.69,30,"one_slider","Yes","Female","19","English",6.53305,"E 199"
"5412",199,"Y","I","YQI","Q","chef",0.22,31,"one_slider","Yes","Female","19","English",6.53305,"E 199"
"5413",199,"Y","A","YQA","Q","priest",0.59,32,"one_slider","Yes","Female","19","English",6.53305,"E 199"
"5414",199,"N","A","NDA","D","groom",0.47,33,"one_slider","Yes","Female","19","English",6.53305,"E 199"
"5415",199,"N","A","NQA","Q","queen",0.63,34,"one_slider","Yes","Female","19","English",6.53305,"E 199"
"5416",199,"Y","A","YDA","D","artist",0.2,35,"one_slider","Yes","Female","19","English",6.53305,"E 199"
"5417",198,"","","","","",1,NA,"one_slider_practice","Yes","Female","22","Cantonese",9.28226666666667,"E 198"
"5418",198,"","","","","",0.82,NA,"one_slider_practice","Yes","Female","22","Cantonese",9.28226666666667,"E 198"
"5419",198,"Y","I","YDI","D","fan",0.33,6,"one_slider","Yes","Female","22","Cantonese",9.28226666666667,"E 198"
"5420",198,"Y","A","YQA","Q","professor",0,7,"one_slider","Yes","Female","22","Cantonese",9.28226666666667,"E 198"
"5421",198,"Y","I","YQI","Q","nutritionist",0.35,8,"one_slider","Yes","Female","22","Cantonese",9.28226666666667,"E 198"
"5422",198,"Y","I","YDI","D","bartender",0.34,9,"one_slider","Yes","Female","22","Cantonese",9.28226666666667,"E 198"
"5423",198,"N","A","NDA","D","CEO",0.98,10,"one_slider","Yes","Female","22","Cantonese",9.28226666666667,"E 198"
"5424",198,"f","l","filler","i","filler5",0.22,11,"one_slider","Yes","Female","22","Cantonese",9.28226666666667,"E 198"
"5425",198,"Y","A","YDA","D","supervisor",0.41,12,"one_slider","Yes","Female","22","Cantonese",9.28226666666667,"E 198"
"5426",198,"f","l","filler","i","filler3",0.99,13,"one_slider","Yes","Female","22","Cantonese",9.28226666666667,"E 198"
"5427",198,"f","l","filler","i","filler4",0.97,14,"one_slider","Yes","Female","22","Cantonese",9.28226666666667,"E 198"
"5428",198,"N","A","NQA","Q","patient",1,15,"one_slider","Yes","Female","22","Cantonese",9.28226666666667,"E 198"
"5429",198,"Y","I","YDI","D","chef",0.6,16,"one_slider","Yes","Female","22","Cantonese",9.28226666666667,"E 198"
"5430",198,"N","I","NDI","D","pilot",0.99,17,"one_slider","Yes","Female","22","Cantonese",9.28226666666667,"E 198"
"5431",198,"Y","I","YQI","Q","troopleader",0.65,18,"one_slider","Yes","Female","22","Cantonese",9.28226666666667,"E 198"
"5432",198,"Y","I","YQI","Q","scientist",0.75,19,"one_slider","Yes","Female","22","Cantonese",9.28226666666667,"E 198"
"5433",198,"Y","A","YQA","Q","stylist",0.6,20,"one_slider","Yes","Female","22","Cantonese",9.28226666666667,"E 198"
"5434",198,"Y","A","YQA","Q","groom",0.61,21,"one_slider","Yes","Female","22","Cantonese",9.28226666666667,"E 198"
"5435",198,"N","A","NQA","Q","priest",0.99,22,"one_slider","Yes","Female","22","Cantonese",9.28226666666667,"E 198"
"5436",198,"N","I","NQI","Q","doctor",1,23,"one_slider","Yes","Female","22","Cantonese",9.28226666666667,"E 198"
"5437",198,"N","I","NQI","Q","dentist",0.5,24,"one_slider","Yes","Female","22","Cantonese",9.28226666666667,"E 198"
"5438",198,"f","l","filler","i","filler2",1,25,"one_slider","Yes","Female","22","Cantonese",9.28226666666667,"E 198"
"5439",198,"N","A","NQA","Q","conductor",0.86,26,"one_slider","Yes","Female","22","Cantonese",9.28226666666667,"E 198"
"5440",198,"N","I","NDI","D","artist",0.42,27,"one_slider","Yes","Female","22","Cantonese",9.28226666666667,"E 198"
"5441",198,"N","I","NQI","Q","travelagent",0.98,28,"one_slider","Yes","Female","22","Cantonese",9.28226666666667,"E 198"
"5442",198,"f","l","filler","i","filler1",1,29,"one_slider","Yes","Female","22","Cantonese",9.28226666666667,"E 198"
"5443",198,"f","l","filler","i","filler6",0.11,30,"one_slider","Yes","Female","22","Cantonese",9.28226666666667,"E 198"
"5444",198,"Y","A","YDA","D","coach",0.16,31,"one_slider","Yes","Female","22","Cantonese",9.28226666666667,"E 198"
"5445",198,"N","I","NDI","D","playwright",0.98,32,"one_slider","Yes","Female","22","Cantonese",9.28226666666667,"E 198"
"5446",198,"Y","A","YDA","D","pianist",0.39,33,"one_slider","Yes","Female","22","Cantonese",9.28226666666667,"E 198"
"5447",198,"N","A","NDA","D","queen",0.99,34,"one_slider","Yes","Female","22","Cantonese",9.28226666666667,"E 198"
"5448",198,"N","A","NDA","D","choreographer",0.97,35,"one_slider","Yes","Female","22","Cantonese",9.28226666666667,"E 198"
"5449",209,"","","","","",0.8,NA,"one_slider_practice","Yes","Female","20","Spanish",11.9858666666667,"E 209"
"5450",209,"","","","","",0.35,NA,"one_slider_practice","Yes","Female","20","Spanish",11.9858666666667,"E 209"
"5451",209,"Y","A","YDA","D","coach",0.41,6,"one_slider","Yes","Female","20","Spanish",11.9858666666667,"E 209"
"5452",209,"f","l","filler","i","filler3",0.56,7,"one_slider","Yes","Female","20","Spanish",11.9858666666667,"E 209"
"5453",209,"N","I","NDI","D","artist",0.76,8,"one_slider","Yes","Female","20","Spanish",11.9858666666667,"E 209"
"5454",209,"Y","A","YQA","Q","conductor",0.71,9,"one_slider","Yes","Female","20","Spanish",11.9858666666667,"E 209"
"5455",209,"N","I","NQI","Q","groom",0.85,10,"one_slider","Yes","Female","20","Spanish",11.9858666666667,"E 209"
"5456",209,"N","I","NQI","Q","troopleader",0.96,11,"one_slider","Yes","Female","20","Spanish",11.9858666666667,"E 209"
"5457",209,"f","l","filler","i","filler1",0.89,12,"one_slider","Yes","Female","20","Spanish",11.9858666666667,"E 209"
"5458",209,"N","A","NDA","D","doctor",0.87,13,"one_slider","Yes","Female","20","Spanish",11.9858666666667,"E 209"
"5459",209,"Y","A","YQA","Q","nutritionist",0.28,14,"one_slider","Yes","Female","20","Spanish",11.9858666666667,"E 209"
"5460",209,"N","I","NDI","D","pilot",0.6,15,"one_slider","Yes","Female","20","Spanish",11.9858666666667,"E 209"
"5461",209,"N","A","NQA","Q","queen",0.87,16,"one_slider","Yes","Female","20","Spanish",11.9858666666667,"E 209"
"5462",209,"f","l","filler","i","filler4",0.43,17,"one_slider","Yes","Female","20","Spanish",11.9858666666667,"E 209"
"5463",209,"f","l","filler","i","filler6",0,18,"one_slider","Yes","Female","20","Spanish",11.9858666666667,"E 209"
"5464",209,"f","l","filler","i","filler2",0.61,19,"one_slider","Yes","Female","20","Spanish",11.9858666666667,"E 209"
"5465",209,"N","I","NDI","D","stylist",0.94,20,"one_slider","Yes","Female","20","Spanish",11.9858666666667,"E 209"
"5466",209,"Y","A","YDA","D","scientist",0.69,21,"one_slider","Yes","Female","20","Spanish",11.9858666666667,"E 209"
"5467",209,"Y","A","YDA","D","travelagent",0.77,22,"one_slider","Yes","Female","20","Spanish",11.9858666666667,"E 209"
"5468",209,"N","A","NDA","D","priest",0.98,23,"one_slider","Yes","Female","20","Spanish",11.9858666666667,"E 209"
"5469",209,"Y","A","YQA","Q","professor",0.63,24,"one_slider","Yes","Female","20","Spanish",11.9858666666667,"E 209"
"5470",209,"N","A","NQA","Q","pianist",0.49,25,"one_slider","Yes","Female","20","Spanish",11.9858666666667,"E 209"
"5471",209,"f","l","filler","i","filler5",0.14,26,"one_slider","Yes","Female","20","Spanish",11.9858666666667,"E 209"
"5472",209,"Y","I","YDI","D","playwright",0.19,27,"one_slider","Yes","Female","20","Spanish",11.9858666666667,"E 209"
"5473",209,"Y","I","YDI","D","dentist",0.26,28,"one_slider","Yes","Female","20","Spanish",11.9858666666667,"E 209"
"5474",209,"Y","I","YQI","Q","bartender",0.96,29,"one_slider","Yes","Female","20","Spanish",11.9858666666667,"E 209"
"5475",209,"N","A","NDA","D","fan",0.49,30,"one_slider","Yes","Female","20","Spanish",11.9858666666667,"E 209"
"5476",209,"N","A","NQA","Q","CEO",0.67,31,"one_slider","Yes","Female","20","Spanish",11.9858666666667,"E 209"
"5477",209,"Y","I","YQI","Q","patient",0.65,32,"one_slider","Yes","Female","20","Spanish",11.9858666666667,"E 209"
"5478",209,"Y","I","YDI","D","choreographer",0.32,33,"one_slider","Yes","Female","20","Spanish",11.9858666666667,"E 209"
"5479",209,"Y","I","YQI","Q","chef",0.89,34,"one_slider","Yes","Female","20","Spanish",11.9858666666667,"E 209"
"5480",209,"N","I","NQI","Q","supervisor",0.66,35,"one_slider","Yes","Female","20","Spanish",11.9858666666667,"E 209"
"5481",192,"","","","","",0.66,NA,"one_slider_practice","Yes","Female","21","English",9.7129,"E 192"
"5482",192,"","","","","",0.7,NA,"one_slider_practice","Yes","Female","21","English",9.7129,"E 192"
"5483",192,"N","A","NQA","Q","patient",0.89,6,"one_slider","Yes","Female","21","English",9.7129,"E 192"
"5484",192,"Y","I","YQI","Q","artist",0.64,7,"one_slider","Yes","Female","21","English",9.7129,"E 192"
"5485",192,"Y","I","YQI","Q","professor",0.32,8,"one_slider","Yes","Female","21","English",9.7129,"E 192"
"5486",192,"N","I","NQI","Q","choreographer",0.61,9,"one_slider","Yes","Female","21","English",9.7129,"E 192"
"5487",192,"N","A","NQA","Q","pilot",0.67,10,"one_slider","Yes","Female","21","English",9.7129,"E 192"
"5488",192,"f","l","filler","i","filler1",0.43,11,"one_slider","Yes","Female","21","English",9.7129,"E 192"
"5489",192,"N","A","NQA","Q","chef",0.39,12,"one_slider","Yes","Female","21","English",9.7129,"E 192"
"5490",192,"N","I","NDI","D","priest",0.85,13,"one_slider","Yes","Female","21","English",9.7129,"E 192"
"5491",192,"N","I","NDI","D","dentist",0.69,14,"one_slider","Yes","Female","21","English",9.7129,"E 192"
"5492",192,"f","l","filler","i","filler6",0,15,"one_slider","Yes","Female","21","English",9.7129,"E 192"
"5493",192,"Y","A","YQA","Q","fan",0.31,16,"one_slider","Yes","Female","21","English",9.7129,"E 192"
"5494",192,"Y","I","YQI","Q","groom",0.24,17,"one_slider","Yes","Female","21","English",9.7129,"E 192"
"5495",192,"f","l","filler","i","filler3",0.85,18,"one_slider","Yes","Female","21","English",9.7129,"E 192"
"5496",192,"f","l","filler","i","filler4",0.53,19,"one_slider","Yes","Female","21","English",9.7129,"E 192"
"5497",192,"N","I","NQI","Q","nutritionist",0.89,20,"one_slider","Yes","Female","21","English",9.7129,"E 192"
"5498",192,"N","A","NDA","D","conductor",0.65,21,"one_slider","Yes","Female","21","English",9.7129,"E 192"
"5499",192,"Y","I","YDI","D","queen",0.43,22,"one_slider","Yes","Female","21","English",9.7129,"E 192"
"5500",192,"Y","A","YDA","D","scientist",0.73,23,"one_slider","Yes","Female","21","English",9.7129,"E 192"
"5501",192,"f","l","filler","i","filler5",0,24,"one_slider","Yes","Female","21","English",9.7129,"E 192"
"5502",192,"N","A","NDA","D","doctor",0.31,25,"one_slider","Yes","Female","21","English",9.7129,"E 192"
"5503",192,"Y","I","YDI","D","stylist",0.83,26,"one_slider","Yes","Female","21","English",9.7129,"E 192"
"5504",192,"N","I","NDI","D","coach",0.89,27,"one_slider","Yes","Female","21","English",9.7129,"E 192"
"5505",192,"Y","A","YDA","D","supervisor",0.72,28,"one_slider","Yes","Female","21","English",9.7129,"E 192"
"5506",192,"Y","A","YDA","D","playwright",0.43,29,"one_slider","Yes","Female","21","English",9.7129,"E 192"
"5507",192,"N","A","NDA","D","travelagent",0.82,30,"one_slider","Yes","Female","21","English",9.7129,"E 192"
"5508",192,"N","I","NQI","Q","bartender",0.66,31,"one_slider","Yes","Female","21","English",9.7129,"E 192"
"5509",192,"Y","A","YQA","Q","troopleader",0.51,32,"one_slider","Yes","Female","21","English",9.7129,"E 192"
"5510",192,"Y","A","YQA","Q","pianist",0.7,33,"one_slider","Yes","Female","21","English",9.7129,"E 192"
"5511",192,"f","l","filler","i","filler2",0.91,34,"one_slider","Yes","Female","21","English",9.7129,"E 192"
"5512",192,"Y","I","YDI","D","CEO",0.92,35,"one_slider","Yes","Female","21","English",9.7129,"E 192"
"5513",197,"","","","","",0.78,NA,"one_slider_practice","Yes","Female","20","English/Spanish",8.8259,"E 197"
"5514",197,"","","","","",1,NA,"one_slider_practice","Yes","Female","20","English/Spanish",8.8259,"E 197"
"5515",197,"N","I","NQI","Q","doctor",0.5,6,"one_slider","Yes","Female","20","English/Spanish",8.8259,"E 197"
"5516",197,"Y","A","YQA","Q","supervisor",0.27,7,"one_slider","Yes","Female","20","English/Spanish",8.8259,"E 197"
"5517",197,"Y","I","YDI","D","travelagent",0.52,8,"one_slider","Yes","Female","20","English/Spanish",8.8259,"E 197"
"5518",197,"Y","I","YQI","Q","playwright",0.4,9,"one_slider","Yes","Female","20","English/Spanish",8.8259,"E 197"
"5519",197,"N","A","NDA","D","groom",1,10,"one_slider","Yes","Female","20","English/Spanish",8.8259,"E 197"
"5520",197,"N","A","NQA","Q","coach",1,11,"one_slider","Yes","Female","20","English/Spanish",8.8259,"E 197"
"5521",197,"f","l","filler","i","filler2",0.98,12,"one_slider","Yes","Female","20","English/Spanish",8.8259,"E 197"
"5522",197,"f","l","filler","i","filler4",0,13,"one_slider","Yes","Female","20","English/Spanish",8.8259,"E 197"
"5523",197,"f","l","filler","i","filler6",0.39,14,"one_slider","Yes","Female","20","English/Spanish",8.8259,"E 197"
"5524",197,"Y","A","YQA","Q","pianist",0.54,15,"one_slider","Yes","Female","20","English/Spanish",8.8259,"E 197"
"5525",197,"Y","I","YQI","Q","CEO",0.74,16,"one_slider","Yes","Female","20","English/Spanish",8.8259,"E 197"
"5526",197,"Y","I","YDI","D","fan",0.95,17,"one_slider","Yes","Female","20","English/Spanish",8.8259,"E 197"
"5527",197,"N","I","NQI","Q","stylist",0.8,18,"one_slider","Yes","Female","20","English/Spanish",8.8259,"E 197"
"5528",197,"Y","A","YDA","D","artist",0.3,19,"one_slider","Yes","Female","20","English/Spanish",8.8259,"E 197"
"5529",197,"Y","A","YDA","D","patient",0.58,20,"one_slider","Yes","Female","20","English/Spanish",8.8259,"E 197"
"5530",197,"N","I","NDI","D","professor",0.95,21,"one_slider","Yes","Female","20","English/Spanish",8.8259,"E 197"
"5531",197,"f","l","filler","i","filler3",0.91,22,"one_slider","Yes","Female","20","English/Spanish",8.8259,"E 197"
"5532",197,"Y","A","YDA","D","conductor",0.46,23,"one_slider","Yes","Female","20","English/Spanish",8.8259,"E 197"
"5533",197,"N","A","NDA","D","priest",0.96,24,"one_slider","Yes","Female","20","English/Spanish",8.8259,"E 197"
"5534",197,"Y","A","YQA","Q","troopleader",0.12,25,"one_slider","Yes","Female","20","English/Spanish",8.8259,"E 197"
"5535",197,"N","A","NDA","D","pilot",0.6,26,"one_slider","Yes","Female","20","English/Spanish",8.8259,"E 197"
"5536",197,"Y","I","YQI","Q","scientist",0.92,27,"one_slider","Yes","Female","20","English/Spanish",8.8259,"E 197"
"5537",197,"Y","I","YDI","D","chef",0.83,28,"one_slider","Yes","Female","20","English/Spanish",8.8259,"E 197"
"5538",197,"N","I","NQI","Q","nutritionist",0.97,29,"one_slider","Yes","Female","20","English/Spanish",8.8259,"E 197"
"5539",197,"N","A","NQA","Q","bartender",0.75,30,"one_slider","Yes","Female","20","English/Spanish",8.8259,"E 197"
"5540",197,"N","I","NDI","D","choreographer",0.96,31,"one_slider","Yes","Female","20","English/Spanish",8.8259,"E 197"
"5541",197,"N","I","NDI","D","dentist",0.85,32,"one_slider","Yes","Female","20","English/Spanish",8.8259,"E 197"
"5542",197,"f","l","filler","i","filler5",0.03,33,"one_slider","Yes","Female","20","English/Spanish",8.8259,"E 197"
"5543",197,"f","l","filler","i","filler1",0.99,34,"one_slider","Yes","Female","20","English/Spanish",8.8259,"E 197"
"5544",197,"N","A","NQA","Q","queen",0.92,35,"one_slider","Yes","Female","20","English/Spanish",8.8259,"E 197"
"5545",289,"","","","","",1,NA,"one_slider_practice","Yes","Female","21","English, Mandarin",4577.84163333333,"E 289"
"5546",289,"","","","","",1,NA,"one_slider_practice","Yes","Female","21","English, Mandarin",4577.84163333333,"E 289"
"5547",289,"f","l","filler","i","filler1",0.26,6,"one_slider","Yes","Female","21","English, Mandarin",4577.84163333333,"E 289"
"5548",289,"Y","I","YQI","Q","travelagent",1,7,"one_slider","Yes","Female","21","English, Mandarin",4577.84163333333,"E 289"
"5549",289,"f","l","filler","i","filler6",0.13,8,"one_slider","Yes","Female","21","English, Mandarin",4577.84163333333,"E 289"
"5550",289,"N","I","NDI","D","professor",0.95,9,"one_slider","Yes","Female","21","English, Mandarin",4577.84163333333,"E 289"
"5551",289,"Y","I","YDI","D","priest",0.33,10,"one_slider","Yes","Female","21","English, Mandarin",4577.84163333333,"E 289"
"5552",289,"f","l","filler","i","filler4",0.36,11,"one_slider","Yes","Female","21","English, Mandarin",4577.84163333333,"E 289"
"5553",289,"N","I","NQI","Q","scientist",1,12,"one_slider","Yes","Female","21","English, Mandarin",4577.84163333333,"E 289"
"5554",289,"Y","A","YDA","D","stylist",0.16,13,"one_slider","Yes","Female","21","English, Mandarin",4577.84163333333,"E 289"
"5555",289,"N","A","NDA","D","fan",0.95,14,"one_slider","Yes","Female","21","English, Mandarin",4577.84163333333,"E 289"
"5556",289,"N","I","NDI","D","dentist",0.68,15,"one_slider","Yes","Female","21","English, Mandarin",4577.84163333333,"E 289"
"5557",289,"N","A","NQA","Q","playwright",0.87,16,"one_slider","Yes","Female","21","English, Mandarin",4577.84163333333,"E 289"
"5558",289,"N","A","NDA","D","groom",1,17,"one_slider","Yes","Female","21","English, Mandarin",4577.84163333333,"E 289"
"5559",289,"f","l","filler","i","filler3",0.97,18,"one_slider","Yes","Female","21","English, Mandarin",4577.84163333333,"E 289"
"5560",289,"Y","A","YQA","Q","supervisor",0.24,19,"one_slider","Yes","Female","21","English, Mandarin",4577.84163333333,"E 289"
"5561",289,"f","l","filler","i","filler5",0,20,"one_slider","Yes","Female","21","English, Mandarin",4577.84163333333,"E 289"
"5562",289,"N","I","NQI","Q","queen",0.97,21,"one_slider","Yes","Female","21","English, Mandarin",4577.84163333333,"E 289"
"5563",289,"Y","I","YDI","D","nutritionist",0.21,22,"one_slider","Yes","Female","21","English, Mandarin",4577.84163333333,"E 289"
"5564",289,"N","I","NDI","D","conductor",0.64,23,"one_slider","Yes","Female","21","English, Mandarin",4577.84163333333,"E 289"
"5565",289,"N","I","NQI","Q","artist",0.98,24,"one_slider","Yes","Female","21","English, Mandarin",4577.84163333333,"E 289"
"5566",289,"Y","I","YDI","D","doctor",0.2,25,"one_slider","Yes","Female","21","English, Mandarin",4577.84163333333,"E 289"
"5567",289,"f","l","filler","i","filler2",1,26,"one_slider","Yes","Female","21","English, Mandarin",4577.84163333333,"E 289"
"5568",289,"Y","A","YQA","Q","pianist",0.55,27,"one_slider","Yes","Female","21","English, Mandarin",4577.84163333333,"E 289"
"5569",289,"N","A","NQA","Q","chef",1,28,"one_slider","Yes","Female","21","English, Mandarin",4577.84163333333,"E 289"
"5570",289,"N","A","NQA","Q","pilot",0.33,29,"one_slider","Yes","Female","21","English, Mandarin",4577.84163333333,"E 289"
"5571",289,"Y","A","YQA","Q","bartender",0.47,30,"one_slider","Yes","Female","21","English, Mandarin",4577.84163333333,"E 289"
"5572",289,"Y","I","YQI","Q","choreographer",0.14,31,"one_slider","Yes","Female","21","English, Mandarin",4577.84163333333,"E 289"
"5573",289,"Y","A","YDA","D","troopleader",0.11,32,"one_slider","Yes","Female","21","English, Mandarin",4577.84163333333,"E 289"
"5574",289,"Y","A","YDA","D","coach",0.54,33,"one_slider","Yes","Female","21","English, Mandarin",4577.84163333333,"E 289"
"5575",289,"N","A","NDA","D","CEO",0.8,34,"one_slider","Yes","Female","21","English, Mandarin",4577.84163333333,"E 289"
"5576",289,"Y","I","YQI","Q","patient",0.25,35,"one_slider","Yes","Female","21","English, Mandarin",4577.84163333333,"E 289"
"5577",402,"","","","","",0.97,NA,"one_slider_practice","Yes","Male","19","English",27.5012166666667,"E 402"
"5578",402,"","","","","",1,NA,"one_slider_practice","Yes","Male","19","English",27.5012166666667,"E 402"
"5579",402,"Y","A","YDA","D","chef",0.83,6,"one_slider","Yes","Male","19","English",27.5012166666667,"E 402"
"5580",402,"f","l","filler","i","filler4",0.69,7,"one_slider","Yes","Male","19","English",27.5012166666667,"E 402"
"5581",402,"Y","A","YDA","D","conductor",0.47,8,"one_slider","Yes","Male","19","English",27.5012166666667,"E 402"
"5582",402,"N","I","NDI","D","scientist",0.88,9,"one_slider","Yes","Male","19","English",27.5012166666667,"E 402"
"5583",402,"Y","A","YDA","D","artist",0.86,10,"one_slider","Yes","Male","19","English",27.5012166666667,"E 402"
"5584",402,"Y","I","YQI","Q","professor",0.84,11,"one_slider","Yes","Male","19","English",27.5012166666667,"E 402"
"5585",402,"N","I","NDI","D","choreographer",0.54,12,"one_slider","Yes","Male","19","English",27.5012166666667,"E 402"
"5586",402,"N","A","NDA","D","fan",0.84,13,"one_slider","Yes","Male","19","English",27.5012166666667,"E 402"
"5587",402,"N","A","NQA","Q","nutritionist",0.45,14,"one_slider","Yes","Male","19","English",27.5012166666667,"E 402"
"5588",402,"Y","A","YQA","Q","doctor",0.97,15,"one_slider","Yes","Male","19","English",27.5012166666667,"E 402"
"5589",402,"f","l","filler","i","filler6",0.18,16,"one_slider","Yes","Male","19","English",27.5012166666667,"E 402"
"5590",402,"Y","I","YDI","D","CEO",0.87,17,"one_slider","Yes","Male","19","English",27.5012166666667,"E 402"
"5591",402,"N","I","NDI","D","bartender",0.71,18,"one_slider","Yes","Male","19","English",27.5012166666667,"E 402"
"5592",402,"N","I","NQI","Q","pianist",0.52,19,"one_slider","Yes","Male","19","English",27.5012166666667,"E 402"
"5593",402,"f","l","filler","i","filler5",0.48,20,"one_slider","Yes","Male","19","English",27.5012166666667,"E 402"
"5594",402,"f","l","filler","i","filler3",0.57,21,"one_slider","Yes","Male","19","English",27.5012166666667,"E 402"
"5595",402,"N","A","NQA","Q","pilot",0.6,22,"one_slider","Yes","Male","19","English",27.5012166666667,"E 402"
"5596",402,"Y","A","YQA","Q","supervisor",0.68,23,"one_slider","Yes","Male","19","English",27.5012166666667,"E 402"
"5597",402,"Y","I","YDI","D","dentist",0.49,24,"one_slider","Yes","Male","19","English",27.5012166666667,"E 402"
"5598",402,"N","A","NDA","D","patient",0.89,25,"one_slider","Yes","Male","19","English",27.5012166666667,"E 402"
"5599",402,"N","I","NQI","Q","coach",0.97,26,"one_slider","Yes","Male","19","English",27.5012166666667,"E 402"
"5600",402,"Y","I","YQI","Q","troopleader",0.75,27,"one_slider","Yes","Male","19","English",27.5012166666667,"E 402"
"5601",402,"f","l","filler","i","filler2",0.85,28,"one_slider","Yes","Male","19","English",27.5012166666667,"E 402"
"5602",402,"Y","I","YQI","Q","groom",0.61,29,"one_slider","Yes","Male","19","English",27.5012166666667,"E 402"
"5603",402,"f","l","filler","i","filler1",0.93,30,"one_slider","Yes","Male","19","English",27.5012166666667,"E 402"
"5604",402,"Y","A","YQA","Q","priest",0.73,31,"one_slider","Yes","Male","19","English",27.5012166666667,"E 402"
"5605",402,"N","I","NQI","Q","playwright",0.61,32,"one_slider","Yes","Male","19","English",27.5012166666667,"E 402"
"5606",402,"Y","I","YDI","D","stylist",0.9,33,"one_slider","Yes","Male","19","English",27.5012166666667,"E 402"
"5607",402,"N","A","NDA","D","queen",0.97,34,"one_slider","Yes","Male","19","English",27.5012166666667,"E 402"
"5608",402,"N","A","NQA","Q","travelagent",0.77,35,"one_slider","Yes","Male","19","English",27.5012166666667,"E 402"
"5609",308,"","","","","",1,NA,"one_slider_practice","Yes","Male","22","English",15.7504666666667,"E 308"
"5610",308,"","","","","",1,NA,"one_slider_practice","Yes","Male","22","English",15.7504666666667,"E 308"
"5611",308,"N","I","NQI","Q","priest",0.84,6,"one_slider","Yes","Male","22","English",15.7504666666667,"E 308"
"5612",308,"f","l","filler","i","filler1",0.78,7,"one_slider","Yes","Male","22","English",15.7504666666667,"E 308"
"5613",308,"Y","A","YQA","Q","artist",0.28,8,"one_slider","Yes","Male","22","English",15.7504666666667,"E 308"
"5614",308,"N","A","NDA","D","groom",0.84,9,"one_slider","Yes","Male","22","English",15.7504666666667,"E 308"
"5615",308,"N","I","NQI","Q","dentist",0.52,10,"one_slider","Yes","Male","22","English",15.7504666666667,"E 308"
"5616",308,"N","I","NQI","Q","stylist",0.63,11,"one_slider","Yes","Male","22","English",15.7504666666667,"E 308"
"5617",308,"f","l","filler","i","filler4",0,12,"one_slider","Yes","Male","22","English",15.7504666666667,"E 308"
"5618",308,"f","l","filler","i","filler2",1,13,"one_slider","Yes","Male","22","English",15.7504666666667,"E 308"
"5619",308,"Y","I","YDI","D","conductor",0.08,14,"one_slider","Yes","Male","22","English",15.7504666666667,"E 308"
"5620",308,"Y","A","YDA","D","professor",0.23,15,"one_slider","Yes","Male","22","English",15.7504666666667,"E 308"
"5621",308,"N","A","NDA","D","travelagent",0.85,16,"one_slider","Yes","Male","22","English",15.7504666666667,"E 308"
"5622",308,"Y","I","YDI","D","doctor",0.5,17,"one_slider","Yes","Male","22","English",15.7504666666667,"E 308"
"5623",308,"N","I","NDI","D","nutritionist",0.94,18,"one_slider","Yes","Male","22","English",15.7504666666667,"E 308"
"5624",308,"Y","I","YDI","D","bartender",0.4,19,"one_slider","Yes","Male","22","English",15.7504666666667,"E 308"
"5625",308,"Y","A","YQA","Q","queen",0.43,20,"one_slider","Yes","Male","22","English",15.7504666666667,"E 308"
"5626",308,"Y","I","YQI","Q","fan",0,21,"one_slider","Yes","Male","22","English",15.7504666666667,"E 308"
"5627",308,"f","l","filler","i","filler6",0.46,22,"one_slider","Yes","Male","22","English",15.7504666666667,"E 308"
"5628",308,"Y","I","YQI","Q","patient",0.87,23,"one_slider","Yes","Male","22","English",15.7504666666667,"E 308"
"5629",308,"Y","A","YDA","D","CEO",0.72,24,"one_slider","Yes","Male","22","English",15.7504666666667,"E 308"
"5630",308,"N","A","NDA","D","chef",1,25,"one_slider","Yes","Male","22","English",15.7504666666667,"E 308"
"5631",308,"Y","A","YDA","D","pianist",0.67,26,"one_slider","Yes","Male","22","English",15.7504666666667,"E 308"
"5632",308,"N","A","NQA","Q","choreographer",0.31,27,"one_slider","Yes","Male","22","English",15.7504666666667,"E 308"
"5633",308,"N","I","NDI","D","scientist",1,28,"one_slider","Yes","Male","22","English",15.7504666666667,"E 308"
"5634",308,"f","l","filler","i","filler5",0,29,"one_slider","Yes","Male","22","English",15.7504666666667,"E 308"
"5635",308,"Y","I","YQI","Q","pilot",0.32,30,"one_slider","Yes","Male","22","English",15.7504666666667,"E 308"
"5636",308,"Y","A","YQA","Q","supervisor",0.14,31,"one_slider","Yes","Male","22","English",15.7504666666667,"E 308"
"5637",308,"f","l","filler","i","filler3",0.93,32,"one_slider","Yes","Male","22","English",15.7504666666667,"E 308"
"5638",308,"N","A","NQA","Q","playwright",1,33,"one_slider","Yes","Male","22","English",15.7504666666667,"E 308"
"5639",308,"N","A","NQA","Q","coach",1,34,"one_slider","Yes","Male","22","English",15.7504666666667,"E 308"
"5640",308,"N","I","NDI","D","troopleader",1,35,"one_slider","Yes","Male","22","English",15.7504666666667,"E 308"
"5641",134,"","","","","",0.33,NA,"one_slider_practice","Yes","Female","20","English",197.550066666667,"E 134"
"5642",134,"","","","","",0.98,NA,"one_slider_practice","Yes","Female","20","English",197.550066666667,"E 134"
"5643",134,"f","l","filler","i","filler4",0.02,6,"one_slider","Yes","Female","20","English",197.550066666667,"E 134"
"5644",134,"Y","I","YDI","D","coach",0.97,7,"one_slider","Yes","Female","20","English",197.550066666667,"E 134"
"5645",134,"N","I","NQI","Q","conductor",0.86,8,"one_slider","Yes","Female","20","English",197.550066666667,"E 134"
"5646",134,"Y","A","YDA","D","fan",0.8,9,"one_slider","Yes","Female","20","English",197.550066666667,"E 134"
"5647",134,"N","A","NDA","D","pianist",0.95,10,"one_slider","Yes","Female","20","English",197.550066666667,"E 134"
"5648",134,"N","I","NQI","Q","scientist",0.93,11,"one_slider","Yes","Female","20","English",197.550066666667,"E 134"
"5649",134,"f","l","filler","i","filler3",0.84,12,"one_slider","Yes","Female","20","English",197.550066666667,"E 134"
"5650",134,"Y","A","YQA","Q","doctor",0.38,13,"one_slider","Yes","Female","20","English",197.550066666667,"E 134"
"5651",134,"f","l","filler","i","filler6",0.02,14,"one_slider","Yes","Female","20","English",197.550066666667,"E 134"
"5652",134,"Y","A","YDA","D","groom",0.89,15,"one_slider","Yes","Female","20","English",197.550066666667,"E 134"
"5653",134,"Y","I","YQI","Q","artist",0.92,16,"one_slider","Yes","Female","20","English",197.550066666667,"E 134"
"5654",134,"Y","A","YQA","Q","CEO",0.84,17,"one_slider","Yes","Female","20","English",197.550066666667,"E 134"
"5655",134,"N","I","NDI","D","priest",1,18,"one_slider","Yes","Female","20","English",197.550066666667,"E 134"
"5656",134,"f","l","filler","i","filler2",0.88,19,"one_slider","Yes","Female","20","English",197.550066666667,"E 134"
"5657",134,"N","I","NDI","D","bartender",0.97,20,"one_slider","Yes","Female","20","English",197.550066666667,"E 134"
"5658",134,"N","I","NQI","Q","chef",0.92,21,"one_slider","Yes","Female","20","English",197.550066666667,"E 134"
"5659",134,"f","l","filler","i","filler5",0.71,22,"one_slider","Yes","Female","20","English",197.550066666667,"E 134"
"5660",134,"Y","I","YQI","Q","pilot",0.84,23,"one_slider","Yes","Female","20","English",197.550066666667,"E 134"
"5661",134,"N","A","NQA","Q","playwright",0.96,24,"one_slider","Yes","Female","20","English",197.550066666667,"E 134"
"5662",134,"Y","I","YQI","Q","nutritionist",0.87,25,"one_slider","Yes","Female","20","English",197.550066666667,"E 134"
"5663",134,"Y","I","YDI","D","dentist",0.79,26,"one_slider","Yes","Female","20","English",197.550066666667,"E 134"
"5664",134,"Y","I","YDI","D","queen",0.98,27,"one_slider","Yes","Female","20","English",197.550066666667,"E 134"
"5665",134,"N","A","NDA","D","choreographer",0.99,28,"one_slider","Yes","Female","20","English",197.550066666667,"E 134"
"5666",134,"N","A","NQA","Q","professor",0.65,29,"one_slider","Yes","Female","20","English",197.550066666667,"E 134"
"5667",134,"N","A","NDA","D","supervisor",0.93,30,"one_slider","Yes","Female","20","English",197.550066666667,"E 134"
"5668",134,"N","A","NQA","Q","patient",0.9,31,"one_slider","Yes","Female","20","English",197.550066666667,"E 134"
"5669",134,"Y","A","YQA","Q","stylist",0.66,32,"one_slider","Yes","Female","20","English",197.550066666667,"E 134"
"5670",134,"f","l","filler","i","filler1",0.98,33,"one_slider","Yes","Female","20","English",197.550066666667,"E 134"
"5671",134,"Y","A","YDA","D","travelagent",0.82,34,"one_slider","Yes","Female","20","English",197.550066666667,"E 134"
"5672",134,"N","I","NDI","D","troopleader",1,35,"one_slider","Yes","Female","20","English",197.550066666667,"E 134"
"5673",477,"","","","","",0.95,NA,"one_slider_practice","Yes","Female","20","Spanish",14.8513666666667,"E 477"
"5674",477,"","","","","",1,NA,"one_slider_practice","Yes","Female","20","Spanish",14.8513666666667,"E 477"
"5675",477,"Y","I","YDI","D","pianist",0.01,6,"one_slider","Yes","Female","20","Spanish",14.8513666666667,"E 477"
"5676",477,"Y","I","YQI","Q","nutritionist",0.8,7,"one_slider","Yes","Female","20","Spanish",14.8513666666667,"E 477"
"5677",477,"N","I","NQI","Q","artist",0.13,8,"one_slider","Yes","Female","20","Spanish",14.8513666666667,"E 477"
"5678",477,"f","l","filler","i","filler1",0.7,9,"one_slider","Yes","Female","20","Spanish",14.8513666666667,"E 477"
"5679",477,"f","l","filler","i","filler3",0.23,10,"one_slider","Yes","Female","20","Spanish",14.8513666666667,"E 477"
"5680",477,"N","I","NDI","D","priest",0.48,11,"one_slider","Yes","Female","20","Spanish",14.8513666666667,"E 477"
"5681",477,"Y","A","YDA","D","conductor",0.13,12,"one_slider","Yes","Female","20","Spanish",14.8513666666667,"E 477"
"5682",477,"Y","A","YQA","Q","professor",0.04,13,"one_slider","Yes","Female","20","Spanish",14.8513666666667,"E 477"
"5683",477,"N","A","NQA","Q","fan",0.84,14,"one_slider","Yes","Female","20","Spanish",14.8513666666667,"E 477"
"5684",477,"f","l","filler","i","filler4",0.02,15,"one_slider","Yes","Female","20","Spanish",14.8513666666667,"E 477"
"5685",477,"f","l","filler","i","filler6",0.04,16,"one_slider","Yes","Female","20","Spanish",14.8513666666667,"E 477"
"5686",477,"N","A","NDA","D","supervisor",0.05,17,"one_slider","Yes","Female","20","Spanish",14.8513666666667,"E 477"
"5687",477,"N","A","NQA","Q","groom",0.26,18,"one_slider","Yes","Female","20","Spanish",14.8513666666667,"E 477"
"5688",477,"N","I","NQI","Q","doctor",0.57,19,"one_slider","Yes","Female","20","Spanish",14.8513666666667,"E 477"
"5689",477,"Y","I","YDI","D","troopleader",0.22,20,"one_slider","Yes","Female","20","Spanish",14.8513666666667,"E 477"
"5690",477,"Y","I","YDI","D","stylist",0.95,21,"one_slider","Yes","Female","20","Spanish",14.8513666666667,"E 477"
"5691",477,"N","I","NDI","D","CEO",0.82,22,"one_slider","Yes","Female","20","Spanish",14.8513666666667,"E 477"
"5692",477,"Y","A","YDA","D","scientist",0.4,23,"one_slider","Yes","Female","20","Spanish",14.8513666666667,"E 477"
"5693",477,"Y","I","YQI","Q","coach",0.04,24,"one_slider","Yes","Female","20","Spanish",14.8513666666667,"E 477"
"5694",477,"N","I","NDI","D","playwright",0.81,25,"one_slider","Yes","Female","20","Spanish",14.8513666666667,"E 477"
"5695",477,"N","A","NDA","D","queen",0.91,26,"one_slider","Yes","Female","20","Spanish",14.8513666666667,"E 477"
"5696",477,"N","A","NQA","Q","pilot",0.95,27,"one_slider","Yes","Female","20","Spanish",14.8513666666667,"E 477"
"5697",477,"Y","I","YQI","Q","dentist",0.03,28,"one_slider","Yes","Female","20","Spanish",14.8513666666667,"E 477"
"5698",477,"Y","A","YDA","D","choreographer",0.9,29,"one_slider","Yes","Female","20","Spanish",14.8513666666667,"E 477"
"5699",477,"Y","A","YQA","Q","patient",0.94,30,"one_slider","Yes","Female","20","Spanish",14.8513666666667,"E 477"
"5700",477,"f","l","filler","i","filler2",0.95,31,"one_slider","Yes","Female","20","Spanish",14.8513666666667,"E 477"
"5701",477,"N","I","NQI","Q","chef",0.51,32,"one_slider","Yes","Female","20","Spanish",14.8513666666667,"E 477"
"5702",477,"f","l","filler","i","filler5",0.04,33,"one_slider","Yes","Female","20","Spanish",14.8513666666667,"E 477"
"5703",477,"N","A","NDA","D","travelagent",0.85,34,"one_slider","Yes","Female","20","Spanish",14.8513666666667,"E 477"
"5704",477,"Y","A","YQA","Q","bartender",0.03,35,"one_slider","Yes","Female","20","Spanish",14.8513666666667,"E 477"
"5705",236,"","","","","",1,NA,"one_slider_practice","Yes","Female","23","English & Spanish",7.38135,"E 236"
"5706",236,"","","","","",0.5,NA,"one_slider_practice","Yes","Female","23","English & Spanish",7.38135,"E 236"
"5707",236,"Y","I","YDI","D","fan",0.27,6,"one_slider","Yes","Female","23","English & Spanish",7.38135,"E 236"
"5708",236,"Y","A","YDA","D","bartender",0.18,7,"one_slider","Yes","Female","23","English & Spanish",7.38135,"E 236"
"5709",236,"f","l","filler","i","filler2",0.4,8,"one_slider","Yes","Female","23","English & Spanish",7.38135,"E 236"
"5710",236,"Y","A","YDA","D","supervisor",0.54,9,"one_slider","Yes","Female","23","English & Spanish",7.38135,"E 236"
"5711",236,"N","A","NQA","Q","playwright",1,10,"one_slider","Yes","Female","23","English & Spanish",7.38135,"E 236"
"5712",236,"f","l","filler","i","filler4",0.64,11,"one_slider","Yes","Female","23","English & Spanish",7.38135,"E 236"
"5713",236,"Y","A","YQA","Q","stylist",0.43,12,"one_slider","Yes","Female","23","English & Spanish",7.38135,"E 236"
"5714",236,"Y","I","YQI","Q","coach",0.59,13,"one_slider","Yes","Female","23","English & Spanish",7.38135,"E 236"
"5715",236,"N","A","NQA","Q","CEO",0.43,14,"one_slider","Yes","Female","23","English & Spanish",7.38135,"E 236"
"5716",236,"N","A","NQA","Q","patient",1,15,"one_slider","Yes","Female","23","English & Spanish",7.38135,"E 236"
"5717",236,"Y","I","YQI","Q","choreographer",0.65,16,"one_slider","Yes","Female","23","English & Spanish",7.38135,"E 236"
"5718",236,"N","I","NQI","Q","groom",0.27,17,"one_slider","Yes","Female","23","English & Spanish",7.38135,"E 236"
"5719",236,"Y","I","YQI","Q","conductor",1,18,"one_slider","Yes","Female","23","English & Spanish",7.38135,"E 236"
"5720",236,"N","I","NDI","D","pianist",1,19,"one_slider","Yes","Female","23","English & Spanish",7.38135,"E 236"
"5721",236,"f","l","filler","i","filler6",0.01,20,"one_slider","Yes","Female","23","English & Spanish",7.38135,"E 236"
"5722",236,"Y","A","YDA","D","professor",0,21,"one_slider","Yes","Female","23","English & Spanish",7.38135,"E 236"
"5723",236,"f","l","filler","i","filler1",1,22,"one_slider","Yes","Female","23","English & Spanish",7.38135,"E 236"
"5724",236,"N","I","NDI","D","nutritionist",0.66,23,"one_slider","Yes","Female","23","English & Spanish",7.38135,"E 236"
"5725",236,"f","l","filler","i","filler3",1,24,"one_slider","Yes","Female","23","English & Spanish",7.38135,"E 236"
"5726",236,"N","A","NDA","D","artist",1,25,"one_slider","Yes","Female","23","English & Spanish",7.38135,"E 236"
"5727",236,"Y","I","YDI","D","troopleader",1,26,"one_slider","Yes","Female","23","English & Spanish",7.38135,"E 236"
"5728",236,"f","l","filler","i","filler5",1,27,"one_slider","Yes","Female","23","English & Spanish",7.38135,"E 236"
"5729",236,"Y","I","YDI","D","chef",0.66,28,"one_slider","Yes","Female","23","English & Spanish",7.38135,"E 236"
"5730",236,"N","A","NDA","D","dentist",0.68,29,"one_slider","Yes","Female","23","English & Spanish",7.38135,"E 236"
"5731",236,"Y","A","YQA","Q","doctor",1,30,"one_slider","Yes","Female","23","English & Spanish",7.38135,"E 236"
"5732",236,"Y","A","YQA","Q","travelagent",0.64,31,"one_slider","Yes","Female","23","English & Spanish",7.38135,"E 236"
"5733",236,"N","I","NQI","Q","scientist",1,32,"one_slider","Yes","Female","23","English & Spanish",7.38135,"E 236"
"5734",236,"N","A","NDA","D","priest",1,33,"one_slider","Yes","Female","23","English & Spanish",7.38135,"E 236"
"5735",236,"N","I","NDI","D","queen",0.58,34,"one_slider","Yes","Female","23","English & Spanish",7.38135,"E 236"
"5736",236,"N","I","NQI","Q","pilot",0.77,35,"one_slider","Yes","Female","23","English & Spanish",7.38135,"E 236"
"5737",257,"","","","","",0,NA,"one_slider_practice","No","Female","21","Vietnamese",7.78686666666667,"E 257"
"5738",257,"","","","","",1,NA,"one_slider_practice","No","Female","21","Vietnamese",7.78686666666667,"E 257"
"5739",257,"Y","A","YDA","D","fan",1,6,"one_slider","No","Female","21","Vietnamese",7.78686666666667,"E 257"
"5740",257,"Y","A","YDA","D","pianist",0.24,7,"one_slider","No","Female","21","Vietnamese",7.78686666666667,"E 257"
"5741",257,"N","I","NQI","Q","CEO",0.37,8,"one_slider","No","Female","21","Vietnamese",7.78686666666667,"E 257"
"5742",257,"Y","A","YQA","Q","priest",0,9,"one_slider","No","Female","21","Vietnamese",7.78686666666667,"E 257"
"5743",257,"Y","I","YQI","Q","groom",0.89,10,"one_slider","No","Female","21","Vietnamese",7.78686666666667,"E 257"
"5744",257,"N","I","NQI","Q","travelagent",1,11,"one_slider","No","Female","21","Vietnamese",7.78686666666667,"E 257"
"5745",257,"Y","I","YDI","D","dentist",0.33,12,"one_slider","No","Female","21","Vietnamese",7.78686666666667,"E 257"
"5746",257,"f","l","filler","i","filler1",0.82,13,"one_slider","No","Female","21","Vietnamese",7.78686666666667,"E 257"
"5747",257,"N","A","NQA","Q","supervisor",0.86,14,"one_slider","No","Female","21","Vietnamese",7.78686666666667,"E 257"
"5748",257,"Y","A","YDA","D","chef",0.3,15,"one_slider","No","Female","21","Vietnamese",7.78686666666667,"E 257"
"5749",257,"N","A","NDA","D","stylist",1,16,"one_slider","No","Female","21","Vietnamese",7.78686666666667,"E 257"
"5750",257,"N","I","NDI","D","conductor",0.84,17,"one_slider","No","Female","21","Vietnamese",7.78686666666667,"E 257"
"5751",257,"f","l","filler","i","filler6",0,18,"one_slider","No","Female","21","Vietnamese",7.78686666666667,"E 257"
"5752",257,"Y","I","YDI","D","troopleader",0.82,19,"one_slider","No","Female","21","Vietnamese",7.78686666666667,"E 257"
"5753",257,"N","A","NDA","D","coach",1,20,"one_slider","No","Female","21","Vietnamese",7.78686666666667,"E 257"
"5754",257,"N","A","NQA","Q","scientist",1,21,"one_slider","No","Female","21","Vietnamese",7.78686666666667,"E 257"
"5755",257,"f","l","filler","i","filler3",1,22,"one_slider","No","Female","21","Vietnamese",7.78686666666667,"E 257"
"5756",257,"f","l","filler","i","filler5",0.02,23,"one_slider","No","Female","21","Vietnamese",7.78686666666667,"E 257"
"5757",257,"N","A","NDA","D","bartender",1,24,"one_slider","No","Female","21","Vietnamese",7.78686666666667,"E 257"
"5758",257,"N","I","NQI","Q","playwright",1,25,"one_slider","No","Female","21","Vietnamese",7.78686666666667,"E 257"
"5759",257,"Y","I","YQI","Q","queen",0.26,26,"one_slider","No","Female","21","Vietnamese",7.78686666666667,"E 257"
"5760",257,"Y","I","YQI","Q","choreographer",0.24,27,"one_slider","No","Female","21","Vietnamese",7.78686666666667,"E 257"
"5761",257,"Y","I","YDI","D","artist",0.88,28,"one_slider","No","Female","21","Vietnamese",7.78686666666667,"E 257"
"5762",257,"Y","A","YQA","Q","patient",1,29,"one_slider","No","Female","21","Vietnamese",7.78686666666667,"E 257"
"5763",257,"N","I","NDI","D","pilot",0.93,30,"one_slider","No","Female","21","Vietnamese",7.78686666666667,"E 257"
"5764",257,"f","l","filler","i","filler2",1,31,"one_slider","No","Female","21","Vietnamese",7.78686666666667,"E 257"
"5765",257,"f","l","filler","i","filler4",0.34,32,"one_slider","No","Female","21","Vietnamese",7.78686666666667,"E 257"
"5766",257,"N","I","NDI","D","professor",1,33,"one_slider","No","Female","21","Vietnamese",7.78686666666667,"E 257"
"5767",257,"Y","A","YQA","Q","nutritionist",1,34,"one_slider","No","Female","21","Vietnamese",7.78686666666667,"E 257"
"5768",257,"N","A","NQA","Q","doctor",1,35,"one_slider","No","Female","21","Vietnamese",7.78686666666667,"E 257"
"5769",293,"","","","","",1,NA,"one_slider_practice","Confused","Female","20","English, Vietnamese",13.4266,"E 293"
"5770",293,"","","","","",1,NA,"one_slider_practice","Confused","Female","20","English, Vietnamese",13.4266,"E 293"
"5771",293,"Y","A","YQA","Q","pianist",0.54,6,"one_slider","Confused","Female","20","English, Vietnamese",13.4266,"E 293"
"5772",293,"Y","I","YDI","D","bartender",0.35,7,"one_slider","Confused","Female","20","English, Vietnamese",13.4266,"E 293"
"5773",293,"Y","A","YDA","D","scientist",0.77,8,"one_slider","Confused","Female","20","English, Vietnamese",13.4266,"E 293"
"5774",293,"N","I","NQI","Q","artist",0.69,9,"one_slider","Confused","Female","20","English, Vietnamese",13.4266,"E 293"
"5775",293,"N","A","NDA","D","fan",0.38,10,"one_slider","Confused","Female","20","English, Vietnamese",13.4266,"E 293"
"5776",293,"f","l","filler","i","filler6",0.02,11,"one_slider","Confused","Female","20","English, Vietnamese",13.4266,"E 293"
"5777",293,"Y","I","YQI","Q","playwright",0.95,12,"one_slider","Confused","Female","20","English, Vietnamese",13.4266,"E 293"
"5778",293,"N","A","NDA","D","professor",0.28,13,"one_slider","Confused","Female","20","English, Vietnamese",13.4266,"E 293"
"5779",293,"N","A","NQA","Q","supervisor",0.28,14,"one_slider","Confused","Female","20","English, Vietnamese",13.4266,"E 293"
"5780",293,"f","l","filler","i","filler3",0.97,15,"one_slider","Confused","Female","20","English, Vietnamese",13.4266,"E 293"
"5781",293,"f","l","filler","i","filler5",0.03,16,"one_slider","Confused","Female","20","English, Vietnamese",13.4266,"E 293"
"5782",293,"Y","A","YDA","D","patient",0.96,17,"one_slider","Confused","Female","20","English, Vietnamese",13.4266,"E 293"
"5783",293,"N","I","NDI","D","pilot",0.77,18,"one_slider","Confused","Female","20","English, Vietnamese",13.4266,"E 293"
"5784",293,"f","l","filler","i","filler1",0.86,19,"one_slider","Confused","Female","20","English, Vietnamese",13.4266,"E 293"
"5785",293,"Y","I","YDI","D","choreographer",0.67,20,"one_slider","Confused","Female","20","English, Vietnamese",13.4266,"E 293"
"5786",293,"f","l","filler","i","filler2",0.29,21,"one_slider","Confused","Female","20","English, Vietnamese",13.4266,"E 293"
"5787",293,"N","A","NQA","Q","priest",0.94,22,"one_slider","Confused","Female","20","English, Vietnamese",13.4266,"E 293"
"5788",293,"N","I","NDI","D","dentist",0.61,23,"one_slider","Confused","Female","20","English, Vietnamese",13.4266,"E 293"
"5789",293,"Y","I","YQI","Q","coach",0.78,24,"one_slider","Confused","Female","20","English, Vietnamese",13.4266,"E 293"
"5790",293,"N","A","NQA","Q","chef",0.58,25,"one_slider","Confused","Female","20","English, Vietnamese",13.4266,"E 293"
"5791",293,"Y","I","YDI","D","stylist",0.5,26,"one_slider","Confused","Female","20","English, Vietnamese",13.4266,"E 293"
"5792",293,"f","l","filler","i","filler4",0.41,27,"one_slider","Confused","Female","20","English, Vietnamese",13.4266,"E 293"
"5793",293,"Y","A","YDA","D","CEO",0.68,28,"one_slider","Confused","Female","20","English, Vietnamese",13.4266,"E 293"
"5794",293,"N","I","NQI","Q","doctor",0.85,29,"one_slider","Confused","Female","20","English, Vietnamese",13.4266,"E 293"
"5795",293,"Y","A","YQA","Q","travelagent",0.03,30,"one_slider","Confused","Female","20","English, Vietnamese",13.4266,"E 293"
"5796",293,"Y","I","YQI","Q","queen",0.67,31,"one_slider","Confused","Female","20","English, Vietnamese",13.4266,"E 293"
"5797",293,"Y","A","YQA","Q","nutritionist",0.72,32,"one_slider","Confused","Female","20","English, Vietnamese",13.4266,"E 293"
"5798",293,"N","I","NQI","Q","groom",0.48,33,"one_slider","Confused","Female","20","English, Vietnamese",13.4266,"E 293"
"5799",293,"N","A","NDA","D","troopleader",0.44,34,"one_slider","Confused","Female","20","English, Vietnamese",13.4266,"E 293"
"5800",293,"N","I","NDI","D","conductor",0.77,35,"one_slider","Confused","Female","20","English, Vietnamese",13.4266,"E 293"
"5801",327,"","","","","",0.66,NA,"one_slider_practice","Yes","Female","18","English",6.1049,"E 327"
"5802",327,"","","","","",0.89,NA,"one_slider_practice","Yes","Female","18","English",6.1049,"E 327"
"5803",327,"N","I","NDI","D","nutritionist",0.36,6,"one_slider","Yes","Female","18","English",6.1049,"E 327"
"5804",327,"Y","A","YDA","D","stylist",0.69,7,"one_slider","Yes","Female","18","English",6.1049,"E 327"
"5805",327,"Y","A","YQA","Q","supervisor",0.68,8,"one_slider","Yes","Female","18","English",6.1049,"E 327"
"5806",327,"Y","I","YQI","Q","CEO",0.22,9,"one_slider","Yes","Female","18","English",6.1049,"E 327"
"5807",327,"f","l","filler","i","filler1",0.76,10,"one_slider","Yes","Female","18","English",6.1049,"E 327"
"5808",327,"f","l","filler","i","filler5",0.25,11,"one_slider","Yes","Female","18","English",6.1049,"E 327"
"5809",327,"N","A","NDA","D","pianist",0.86,12,"one_slider","Yes","Female","18","English",6.1049,"E 327"
"5810",327,"Y","I","YDI","D","conductor",0.35,13,"one_slider","Yes","Female","18","English",6.1049,"E 327"
"5811",327,"Y","I","YQI","Q","choreographer",0.32,14,"one_slider","Yes","Female","18","English",6.1049,"E 327"
"5812",327,"f","l","filler","i","filler6",0.25,15,"one_slider","Yes","Female","18","English",6.1049,"E 327"
"5813",327,"N","I","NQI","Q","playwright",0.56,16,"one_slider","Yes","Female","18","English",6.1049,"E 327"
"5814",327,"N","I","NDI","D","fan",0.73,17,"one_slider","Yes","Female","18","English",6.1049,"E 327"
"5815",327,"Y","A","YDA","D","coach",0.54,18,"one_slider","Yes","Female","18","English",6.1049,"E 327"
"5816",327,"f","l","filler","i","filler3",0.41,19,"one_slider","Yes","Female","18","English",6.1049,"E 327"
"5817",327,"Y","I","YQI","Q","queen",0.36,20,"one_slider","Yes","Female","18","English",6.1049,"E 327"
"5818",327,"Y","A","YDA","D","scientist",0.35,21,"one_slider","Yes","Female","18","English",6.1049,"E 327"
"5819",327,"N","A","NQA","Q","professor",0.37,22,"one_slider","Yes","Female","18","English",6.1049,"E 327"
"5820",327,"N","I","NQI","Q","bartender",0.62,23,"one_slider","Yes","Female","18","English",6.1049,"E 327"
"5821",327,"N","A","NQA","Q","pilot",0.73,24,"one_slider","Yes","Female","18","English",6.1049,"E 327"
"5822",327,"N","A","NDA","D","travelagent",0.8,25,"one_slider","Yes","Female","18","English",6.1049,"E 327"
"5823",327,"f","l","filler","i","filler2",0.94,26,"one_slider","Yes","Female","18","English",6.1049,"E 327"
"5824",327,"N","I","NQI","Q","doctor",0.86,27,"one_slider","Yes","Female","18","English",6.1049,"E 327"
"5825",327,"N","A","NDA","D","priest",0.8,28,"one_slider","Yes","Female","18","English",6.1049,"E 327"
"5826",327,"Y","A","YQA","Q","artist",0.87,29,"one_slider","Yes","Female","18","English",6.1049,"E 327"
"5827",327,"N","A","NQA","Q","groom",0.86,30,"one_slider","Yes","Female","18","English",6.1049,"E 327"
"5828",327,"f","l","filler","i","filler4",0.85,31,"one_slider","Yes","Female","18","English",6.1049,"E 327"
"5829",327,"N","I","NDI","D","patient",0.73,32,"one_slider","Yes","Female","18","English",6.1049,"E 327"
"5830",327,"Y","I","YDI","D","troopleader",0.9,33,"one_slider","Yes","Female","18","English",6.1049,"E 327"
"5831",327,"Y","A","YQA","Q","chef",0.87,34,"one_slider","Yes","Female","18","English",6.1049,"E 327"
"5832",327,"Y","I","YDI","D","dentist",0.53,35,"one_slider","Yes","Female","18","English",6.1049,"E 327"
"5833",560,"","","","","",0.52,NA,"one_slider_practice","Yes","Female","22","Spanish ",15.0704833333333,"E 560"
"5834",560,"","","","","",1,NA,"one_slider_practice","Yes","Female","22","Spanish ",15.0704833333333,"E 560"
"5835",560,"N","A","NDA","D","artist",1,6,"one_slider","Yes","Female","22","Spanish ",15.0704833333333,"E 560"
"5836",560,"Y","A","YQA","Q","scientist",0.27,7,"one_slider","Yes","Female","22","Spanish ",15.0704833333333,"E 560"
"5837",560,"Y","I","YDI","D","pilot",1,8,"one_slider","Yes","Female","22","Spanish ",15.0704833333333,"E 560"
"5838",560,"N","A","NQA","Q","groom",1,9,"one_slider","Yes","Female","22","Spanish ",15.0704833333333,"E 560"
"5839",560,"Y","I","YQI","Q","supervisor",0.07,10,"one_slider","Yes","Female","22","Spanish ",15.0704833333333,"E 560"
"5840",560,"N","A","NDA","D","priest",1,11,"one_slider","Yes","Female","22","Spanish ",15.0704833333333,"E 560"
"5841",560,"Y","I","YQI","Q","conductor",0.22,12,"one_slider","Yes","Female","22","Spanish ",15.0704833333333,"E 560"
"5842",560,"Y","A","YQA","Q","coach",0.16,13,"one_slider","Yes","Female","22","Spanish ",15.0704833333333,"E 560"
"5843",560,"Y","I","YQI","Q","pianist",0.15,14,"one_slider","Yes","Female","22","Spanish ",15.0704833333333,"E 560"
"5844",560,"N","I","NDI","D","dentist",1,15,"one_slider","Yes","Female","22","Spanish ",15.0704833333333,"E 560"
"5845",560,"N","I","NDI","D","patient",1,16,"one_slider","Yes","Female","22","Spanish ",15.0704833333333,"E 560"
"5846",560,"N","A","NQA","Q","stylist",1,17,"one_slider","Yes","Female","22","Spanish ",15.0704833333333,"E 560"
"5847",560,"f","l","filler","i","filler4",0.51,18,"one_slider","Yes","Female","22","Spanish ",15.0704833333333,"E 560"
"5848",560,"N","A","NDA","D","chef",0.74,19,"one_slider","Yes","Female","22","Spanish ",15.0704833333333,"E 560"
"5849",560,"N","I","NDI","D","professor",1,20,"one_slider","Yes","Female","22","Spanish ",15.0704833333333,"E 560"
"5850",560,"f","l","filler","i","filler6",0.24,21,"one_slider","Yes","Female","22","Spanish ",15.0704833333333,"E 560"
"5851",560,"Y","A","YDA","D","playwright",0.08,22,"one_slider","Yes","Female","22","Spanish ",15.0704833333333,"E 560"
"5852",560,"f","l","filler","i","filler2",1,23,"one_slider","Yes","Female","22","Spanish ",15.0704833333333,"E 560"
"5853",560,"f","l","filler","i","filler3",1,24,"one_slider","Yes","Female","22","Spanish ",15.0704833333333,"E 560"
"5854",560,"N","I","NQI","Q","troopleader",1,25,"one_slider","Yes","Female","22","Spanish ",15.0704833333333,"E 560"
"5855",560,"f","l","filler","i","filler5",0.04,26,"one_slider","Yes","Female","22","Spanish ",15.0704833333333,"E 560"
"5856",560,"Y","A","YQA","Q","bartender",0.05,27,"one_slider","Yes","Female","22","Spanish ",15.0704833333333,"E 560"
"5857",560,"Y","I","YDI","D","choreographer",1,28,"one_slider","Yes","Female","22","Spanish ",15.0704833333333,"E 560"
"5858",560,"Y","A","YDA","D","nutritionist",0.5,29,"one_slider","Yes","Female","22","Spanish ",15.0704833333333,"E 560"
"5859",560,"N","A","NQA","Q","CEO",0.04,30,"one_slider","Yes","Female","22","Spanish ",15.0704833333333,"E 560"
"5860",560,"Y","I","YDI","D","travelagent",0.96,31,"one_slider","Yes","Female","22","Spanish ",15.0704833333333,"E 560"
"5861",560,"Y","A","YDA","D","doctor",0.98,32,"one_slider","Yes","Female","22","Spanish ",15.0704833333333,"E 560"
"5862",560,"N","I","NQI","Q","fan",0.95,33,"one_slider","Yes","Female","22","Spanish ",15.0704833333333,"E 560"
"5863",560,"N","I","NQI","Q","queen",0.57,34,"one_slider","Yes","Female","22","Spanish ",15.0704833333333,"E 560"
"5864",560,"f","l","filler","i","filler1",0.15,35,"one_slider","Yes","Female","22","Spanish ",15.0704833333333,"E 560"
"5865",553,"","","","","",0.65,NA,"one_slider_practice","Yes","Female","20","Turkish, English",12.1397166666667,"E 553"
"5866",553,"","","","","",0.94,NA,"one_slider_practice","Yes","Female","20","Turkish, English",12.1397166666667,"E 553"
"5867",553,"f","l","filler","i","filler2",0.59,6,"one_slider","Yes","Female","20","Turkish, English",12.1397166666667,"E 553"
"5868",553,"N","A","NQA","Q","CEO",0.74,7,"one_slider","Yes","Female","20","Turkish, English",12.1397166666667,"E 553"
"5869",553,"N","A","NDA","D","professor",0.4,8,"one_slider","Yes","Female","20","Turkish, English",12.1397166666667,"E 553"
"5870",553,"Y","A","YDA","D","queen",0.9,9,"one_slider","Yes","Female","20","Turkish, English",12.1397166666667,"E 553"
"5871",553,"N","A","NQA","Q","patient",0.6,10,"one_slider","Yes","Female","20","Turkish, English",12.1397166666667,"E 553"
"5872",553,"N","I","NQI","Q","doctor",0.33,11,"one_slider","Yes","Female","20","Turkish, English",12.1397166666667,"E 553"
"5873",553,"Y","A","YDA","D","artist",0.68,12,"one_slider","Yes","Female","20","Turkish, English",12.1397166666667,"E 553"
"5874",553,"f","l","filler","i","filler5",0.13,13,"one_slider","Yes","Female","20","Turkish, English",12.1397166666667,"E 553"
"5875",553,"Y","A","YQA","Q","chef",0.72,14,"one_slider","Yes","Female","20","Turkish, English",12.1397166666667,"E 553"
"5876",553,"N","I","NDI","D","coach",0.79,15,"one_slider","Yes","Female","20","Turkish, English",12.1397166666667,"E 553"
"5877",553,"N","A","NQA","Q","stylist",0.91,16,"one_slider","Yes","Female","20","Turkish, English",12.1397166666667,"E 553"
"5878",553,"Y","A","YQA","Q","choreographer",0.3,17,"one_slider","Yes","Female","20","Turkish, English",12.1397166666667,"E 553"
"5879",553,"Y","I","YQI","Q","travelagent",0.84,18,"one_slider","Yes","Female","20","Turkish, English",12.1397166666667,"E 553"
"5880",553,"N","I","NQI","Q","troopleader",0.85,19,"one_slider","Yes","Female","20","Turkish, English",12.1397166666667,"E 553"
"5881",553,"Y","A","YQA","Q","priest",0.81,20,"one_slider","Yes","Female","20","Turkish, English",12.1397166666667,"E 553"
"5882",553,"N","I","NDI","D","groom",0.5,21,"one_slider","Yes","Female","20","Turkish, English",12.1397166666667,"E 553"
"5883",553,"N","I","NQI","Q","nutritionist",0.3,22,"one_slider","Yes","Female","20","Turkish, English",12.1397166666667,"E 553"
"5884",553,"N","A","NDA","D","pilot",0.22,23,"one_slider","Yes","Female","20","Turkish, English",12.1397166666667,"E 553"
"5885",553,"Y","I","YQI","Q","conductor",0.29,24,"one_slider","Yes","Female","20","Turkish, English",12.1397166666667,"E 553"
"5886",553,"f","l","filler","i","filler1",0.79,25,"one_slider","Yes","Female","20","Turkish, English",12.1397166666667,"E 553"
"5887",553,"Y","I","YDI","D","playwright",0.59,26,"one_slider","Yes","Female","20","Turkish, English",12.1397166666667,"E 553"
"5888",553,"Y","I","YDI","D","scientist",0.69,27,"one_slider","Yes","Female","20","Turkish, English",12.1397166666667,"E 553"
"5889",553,"N","I","NDI","D","supervisor",0.53,28,"one_slider","Yes","Female","20","Turkish, English",12.1397166666667,"E 553"
"5890",553,"N","A","NDA","D","fan",0.65,29,"one_slider","Yes","Female","20","Turkish, English",12.1397166666667,"E 553"
"5891",553,"Y","I","YQI","Q","dentist",0.51,30,"one_slider","Yes","Female","20","Turkish, English",12.1397166666667,"E 553"
"5892",553,"f","l","filler","i","filler4",0.73,31,"one_slider","Yes","Female","20","Turkish, English",12.1397166666667,"E 553"
"5893",553,"f","l","filler","i","filler3",0.39,32,"one_slider","Yes","Female","20","Turkish, English",12.1397166666667,"E 553"
"5894",553,"Y","A","YDA","D","bartender",0.83,33,"one_slider","Yes","Female","20","Turkish, English",12.1397166666667,"E 553"
"5895",553,"Y","I","YDI","D","pianist",0.6,34,"one_slider","Yes","Female","20","Turkish, English",12.1397166666667,"E 553"
"5896",553,"f","l","filler","i","filler6",0.07,35,"one_slider","Yes","Female","20","Turkish, English",12.1397166666667,"E 553"
"5897",330,"","","","","",1,NA,"one_slider_practice","Yes","Female","18","English",11.5296833333333,"E 330"
"5898",330,"","","","","",0.98,NA,"one_slider_practice","Yes","Female","18","English",11.5296833333333,"E 330"
"5899",330,"f","l","filler","i","filler6",0,6,"one_slider","Yes","Female","18","English",11.5296833333333,"E 330"
"5900",330,"N","A","NQA","Q","choreographer",0.78,7,"one_slider","Yes","Female","18","English",11.5296833333333,"E 330"
"5901",330,"N","A","NDA","D","doctor",1,8,"one_slider","Yes","Female","18","English",11.5296833333333,"E 330"
"5902",330,"N","I","NDI","D","conductor",0.67,9,"one_slider","Yes","Female","18","English",11.5296833333333,"E 330"
"5903",330,"Y","I","YQI","Q","queen",0.63,10,"one_slider","Yes","Female","18","English",11.5296833333333,"E 330"
"5904",330,"Y","I","YDI","D","artist",0.56,11,"one_slider","Yes","Female","18","English",11.5296833333333,"E 330"
"5905",330,"Y","A","YDA","D","nutritionist",0.51,12,"one_slider","Yes","Female","18","English",11.5296833333333,"E 330"
"5906",330,"f","l","filler","i","filler5",0.26,13,"one_slider","Yes","Female","18","English",11.5296833333333,"E 330"
"5907",330,"N","I","NDI","D","travelagent",0.59,14,"one_slider","Yes","Female","18","English",11.5296833333333,"E 330"
"5908",330,"N","A","NQA","Q","fan",0.72,15,"one_slider","Yes","Female","18","English",11.5296833333333,"E 330"
"5909",330,"N","I","NDI","D","professor",0.7,16,"one_slider","Yes","Female","18","English",11.5296833333333,"E 330"
"5910",330,"N","A","NDA","D","CEO",0.67,17,"one_slider","Yes","Female","18","English",11.5296833333333,"E 330"
"5911",330,"Y","I","YQI","Q","pianist",0.08,18,"one_slider","Yes","Female","18","English",11.5296833333333,"E 330"
"5912",330,"Y","I","YQI","Q","playwright",0.61,19,"one_slider","Yes","Female","18","English",11.5296833333333,"E 330"
"5913",330,"Y","A","YQA","Q","stylist",0.33,20,"one_slider","Yes","Female","18","English",11.5296833333333,"E 330"
"5914",330,"N","I","NQI","Q","troopleader",0.8,21,"one_slider","Yes","Female","18","English",11.5296833333333,"E 330"
"5915",330,"Y","A","YDA","D","patient",0.26,22,"one_slider","Yes","Female","18","English",11.5296833333333,"E 330"
"5916",330,"f","l","filler","i","filler4",0.25,23,"one_slider","Yes","Female","18","English",11.5296833333333,"E 330"
"5917",330,"f","l","filler","i","filler1",0.9,24,"one_slider","Yes","Female","18","English",11.5296833333333,"E 330"
"5918",330,"Y","A","YQA","Q","bartender",0.29,25,"one_slider","Yes","Female","18","English",11.5296833333333,"E 330"
"5919",330,"f","l","filler","i","filler2",0.82,26,"one_slider","Yes","Female","18","English",11.5296833333333,"E 330"
"5920",330,"Y","I","YDI","D","chef",0.29,27,"one_slider","Yes","Female","18","English",11.5296833333333,"E 330"
"5921",330,"N","A","NDA","D","dentist",0.72,28,"one_slider","Yes","Female","18","English",11.5296833333333,"E 330"
"5922",330,"Y","A","YQA","Q","supervisor",0.23,29,"one_slider","Yes","Female","18","English",11.5296833333333,"E 330"
"5923",330,"Y","I","YDI","D","coach",0.61,30,"one_slider","Yes","Female","18","English",11.5296833333333,"E 330"
"5924",330,"N","I","NQI","Q","groom",0.78,31,"one_slider","Yes","Female","18","English",11.5296833333333,"E 330"
"5925",330,"N","I","NQI","Q","scientist",0.74,32,"one_slider","Yes","Female","18","English",11.5296833333333,"E 330"
"5926",330,"Y","A","YDA","D","priest",0.55,33,"one_slider","Yes","Female","18","English",11.5296833333333,"E 330"
"5927",330,"N","A","NQA","Q","pilot",0.74,34,"one_slider","Yes","Female","18","English",11.5296833333333,"E 330"
"5928",330,"f","l","filler","i","filler3",0.54,35,"one_slider","Yes","Female","18","English",11.5296833333333,"E 330"
"5929",571,"","","","","",0.98,NA,"one_slider_practice","Confused","Female","19","Cantonese and English",12.1342,"E 571"
"5930",571,"","","","","",0.66,NA,"one_slider_practice","Confused","Female","19","Cantonese and English",12.1342,"E 571"
"5931",571,"N","A","NQA","Q","troopleader",0.64,6,"one_slider","Confused","Female","19","Cantonese and English",12.1342,"E 571"
"5932",571,"Y","I","YQI","Q","pilot",0.66,7,"one_slider","Confused","Female","19","Cantonese and English",12.1342,"E 571"
"5933",571,"f","l","filler","i","filler6",0.35,8,"one_slider","Confused","Female","19","Cantonese and English",12.1342,"E 571"
"5934",571,"N","I","NDI","D","pianist",0.34,9,"one_slider","Confused","Female","19","Cantonese and English",12.1342,"E 571"
"5935",571,"f","l","filler","i","filler3",0.19,10,"one_slider","Confused","Female","19","Cantonese and English",12.1342,"E 571"
"5936",571,"N","A","NDA","D","groom",0.35,11,"one_slider","Confused","Female","19","Cantonese and English",12.1342,"E 571"
"5937",571,"N","A","NDA","D","CEO",0.39,12,"one_slider","Confused","Female","19","Cantonese and English",12.1342,"E 571"
"5938",571,"Y","A","YQA","Q","bartender",0.8,13,"one_slider","Confused","Female","19","Cantonese and English",12.1342,"E 571"
"5939",571,"f","l","filler","i","filler2",0.61,14,"one_slider","Confused","Female","19","Cantonese and English",12.1342,"E 571"
"5940",571,"Y","A","YDA","D","fan",0.71,15,"one_slider","Confused","Female","19","Cantonese and English",12.1342,"E 571"
"5941",571,"Y","A","YDA","D","artist",0.72,16,"one_slider","Confused","Female","19","Cantonese and English",12.1342,"E 571"
"5942",571,"N","I","NQI","Q","dentist",0.61,17,"one_slider","Confused","Female","19","Cantonese and English",12.1342,"E 571"
"5943",571,"Y","A","YQA","Q","choreographer",0.51,18,"one_slider","Confused","Female","19","Cantonese and English",12.1342,"E 571"
"5944",571,"N","I","NDI","D","priest",0.71,19,"one_slider","Confused","Female","19","Cantonese and English",12.1342,"E 571"
"5945",571,"N","A","NQA","Q","playwright",0.43,20,"one_slider","Confused","Female","19","Cantonese and English",12.1342,"E 571"
"5946",571,"N","A","NQA","Q","doctor",0.4,21,"one_slider","Confused","Female","19","Cantonese and English",12.1342,"E 571"
"5947",571,"f","l","filler","i","filler1",0.68,22,"one_slider","Confused","Female","19","Cantonese and English",12.1342,"E 571"
"5948",571,"N","I","NQI","Q","stylist",0.76,23,"one_slider","Confused","Female","19","Cantonese and English",12.1342,"E 571"
"5949",571,"Y","I","YQI","Q","patient",0.34,24,"one_slider","Confused","Female","19","Cantonese and English",12.1342,"E 571"
"5950",571,"Y","A","YQA","Q","scientist",0.6,25,"one_slider","Confused","Female","19","Cantonese and English",12.1342,"E 571"
"5951",571,"N","I","NDI","D","coach",0.93,26,"one_slider","Confused","Female","19","Cantonese and English",12.1342,"E 571"
"5952",571,"Y","I","YDI","D","conductor",0.49,27,"one_slider","Confused","Female","19","Cantonese and English",12.1342,"E 571"
"5953",571,"Y","A","YDA","D","queen",0.17,28,"one_slider","Confused","Female","19","Cantonese and English",12.1342,"E 571"
"5954",571,"f","l","filler","i","filler4",0.46,29,"one_slider","Confused","Female","19","Cantonese and English",12.1342,"E 571"
"5955",571,"f","l","filler","i","filler5",0.67,30,"one_slider","Confused","Female","19","Cantonese and English",12.1342,"E 571"
"5956",571,"Y","I","YQI","Q","travelagent",0.59,31,"one_slider","Confused","Female","19","Cantonese and English",12.1342,"E 571"
"5957",571,"N","I","NQI","Q","chef",0.89,32,"one_slider","Confused","Female","19","Cantonese and English",12.1342,"E 571"
"5958",571,"N","A","NDA","D","supervisor",0.59,33,"one_slider","Confused","Female","19","Cantonese and English",12.1342,"E 571"
"5959",571,"Y","I","YDI","D","professor",0.89,34,"one_slider","Confused","Female","19","Cantonese and English",12.1342,"E 571"
"5960",571,"Y","I","YDI","D","nutritionist",0.83,35,"one_slider","Confused","Female","19","Cantonese and English",12.1342,"E 571"
"5961",458,"","","","","",0.97,NA,"one_slider_practice","Yes","Female","21","hindi",5.26175,"E 458"
"5962",458,"","","","","",0.38,NA,"one_slider_practice","Yes","Female","21","hindi",5.26175,"E 458"
"5963",458,"f","l","filler","i","filler4",0.95,6,"one_slider","Yes","Female","21","hindi",5.26175,"E 458"
"5964",458,"f","l","filler","i","filler1",0.92,7,"one_slider","Yes","Female","21","hindi",5.26175,"E 458"
"5965",458,"Y","A","YDA","D","scientist",0.32,8,"one_slider","Yes","Female","21","hindi",5.26175,"E 458"
"5966",458,"N","I","NDI","D","professor",0.36,9,"one_slider","Yes","Female","21","hindi",5.26175,"E 458"
"5967",458,"Y","I","YDI","D","travelagent",0,10,"one_slider","Yes","Female","21","hindi",5.26175,"E 458"
"5968",458,"N","A","NDA","D","playwright",0.21,11,"one_slider","Yes","Female","21","hindi",5.26175,"E 458"
"5969",458,"N","I","NQI","Q","coach",0.87,12,"one_slider","Yes","Female","21","hindi",5.26175,"E 458"
"5970",458,"Y","I","YQI","Q","CEO",0.76,13,"one_slider","Yes","Female","21","hindi",5.26175,"E 458"
"5971",458,"N","I","NDI","D","fan",0.54,14,"one_slider","Yes","Female","21","hindi",5.26175,"E 458"
"5972",458,"N","A","NDA","D","nutritionist",0.8,15,"one_slider","Yes","Female","21","hindi",5.26175,"E 458"
"5973",458,"N","A","NQA","Q","queen",0.58,16,"one_slider","Yes","Female","21","hindi",5.26175,"E 458"
"5974",458,"Y","A","YQA","Q","choreographer",0.39,17,"one_slider","Yes","Female","21","hindi",5.26175,"E 458"
"5975",458,"Y","A","YQA","Q","chef",0.62,18,"one_slider","Yes","Female","21","hindi",5.26175,"E 458"
"5976",458,"Y","I","YQI","Q","pianist",0.75,19,"one_slider","Yes","Female","21","hindi",5.26175,"E 458"
"5977",458,"Y","A","YQA","Q","supervisor",0.78,20,"one_slider","Yes","Female","21","hindi",5.26175,"E 458"
"5978",458,"f","l","filler","i","filler5",0.23,21,"one_slider","Yes","Female","21","hindi",5.26175,"E 458"
"5979",458,"Y","A","YDA","D","troopleader",0.08,22,"one_slider","Yes","Female","21","hindi",5.26175,"E 458"
"5980",458,"Y","I","YQI","Q","doctor",0.9,23,"one_slider","Yes","Female","21","hindi",5.26175,"E 458"
"5981",458,"N","A","NQA","Q","dentist",0.85,24,"one_slider","Yes","Female","21","hindi",5.26175,"E 458"
"5982",458,"Y","I","YDI","D","patient",0.91,25,"one_slider","Yes","Female","21","hindi",5.26175,"E 458"
"5983",458,"N","I","NDI","D","conductor",0.51,26,"one_slider","Yes","Female","21","hindi",5.26175,"E 458"
"5984",458,"N","I","NQI","Q","groom",0.7,27,"one_slider","Yes","Female","21","hindi",5.26175,"E 458"
"5985",458,"Y","A","YDA","D","bartender",0.24,28,"one_slider","Yes","Female","21","hindi",5.26175,"E 458"
"5986",458,"N","A","NQA","Q","artist",0.95,29,"one_slider","Yes","Female","21","hindi",5.26175,"E 458"
"5987",458,"f","l","filler","i","filler6",0.16,30,"one_slider","Yes","Female","21","hindi",5.26175,"E 458"
"5988",458,"f","l","filler","i","filler3",0.9,31,"one_slider","Yes","Female","21","hindi",5.26175,"E 458"
"5989",458,"N","I","NQI","Q","pilot",0.02,32,"one_slider","Yes","Female","21","hindi",5.26175,"E 458"
"5990",458,"f","l","filler","i","filler2",0.96,33,"one_slider","Yes","Female","21","hindi",5.26175,"E 458"
"5991",458,"Y","I","YDI","D","priest",0.84,34,"one_slider","Yes","Female","21","hindi",5.26175,"E 458"
"5992",458,"N","A","NDA","D","stylist",0.91,35,"one_slider","Yes","Female","21","hindi",5.26175,"E 458"
"5993",421,"","","","","",0.65,NA,"one_slider_practice","Yes","Female","20","English and Korean",8.1027,"E 421"
"5994",421,"","","","","",0.8,NA,"one_slider_practice","Yes","Female","20","English and Korean",8.1027,"E 421"
"5995",421,"f","l","filler","i","filler3",0.34,6,"one_slider","Yes","Female","20","English and Korean",8.1027,"E 421"
"5996",421,"f","l","filler","i","filler4",0.15,7,"one_slider","Yes","Female","20","English and Korean",8.1027,"E 421"
"5997",421,"Y","I","YQI","Q","playwright",0.75,8,"one_slider","Yes","Female","20","English and Korean",8.1027,"E 421"
"5998",421,"N","A","NDA","D","supervisor",0.81,9,"one_slider","Yes","Female","20","English and Korean",8.1027,"E 421"
"5999",421,"N","I","NDI","D","priest",0.83,10,"one_slider","Yes","Female","20","English and Korean",8.1027,"E 421"
"6000",421,"N","I","NQI","Q","choreographer",0.38,11,"one_slider","Yes","Female","20","English and Korean",8.1027,"E 421"
"6001",421,"Y","A","YQA","Q","professor",0.35,12,"one_slider","Yes","Female","20","English and Korean",8.1027,"E 421"
"6002",421,"N","A","NQA","Q","queen",0.97,13,"one_slider","Yes","Female","20","English and Korean",8.1027,"E 421"
"6003",421,"Y","I","YQI","Q","bartender",0.32,14,"one_slider","Yes","Female","20","English and Korean",8.1027,"E 421"
"6004",421,"Y","A","YQA","Q","coach",0.82,15,"one_slider","Yes","Female","20","English and Korean",8.1027,"E 421"
"6005",421,"Y","A","YDA","D","nutritionist",0.76,16,"one_slider","Yes","Female","20","English and Korean",8.1027,"E 421"
"6006",421,"N","I","NDI","D","pilot",0.81,17,"one_slider","Yes","Female","20","English and Korean",8.1027,"E 421"
"6007",421,"N","A","NQA","Q","stylist",0.31,18,"one_slider","Yes","Female","20","English and Korean",8.1027,"E 421"
"6008",421,"N","A","NDA","D","groom",0.27,19,"one_slider","Yes","Female","20","English and Korean",8.1027,"E 421"
"6009",421,"Y","A","YDA","D","doctor",0.83,20,"one_slider","Yes","Female","20","English and Korean",8.1027,"E 421"
"6010",421,"Y","A","YQA","Q","conductor",0.29,21,"one_slider","Yes","Female","20","English and Korean",8.1027,"E 421"
"6011",421,"Y","I","YQI","Q","fan",0.75,22,"one_slider","Yes","Female","20","English and Korean",8.1027,"E 421"
"6012",421,"f","l","filler","i","filler2",0.98,23,"one_slider","Yes","Female","20","English and Korean",8.1027,"E 421"
"6013",421,"Y","I","YDI","D","CEO",0.07,24,"one_slider","Yes","Female","20","English and Korean",8.1027,"E 421"
"6014",421,"N","A","NDA","D","troopleader",0.78,25,"one_slider","Yes","Female","20","English and Korean",8.1027,"E 421"
"6015",421,"f","l","filler","i","filler1",0.77,26,"one_slider","Yes","Female","20","English and Korean",8.1027,"E 421"
"6016",421,"f","l","filler","i","filler5",0.17,27,"one_slider","Yes","Female","20","English and Korean",8.1027,"E 421"
"6017",421,"Y","I","YDI","D","travelagent",0.84,28,"one_slider","Yes","Female","20","English and Korean",8.1027,"E 421"
"6018",421,"N","I","NQI","Q","artist",0.82,29,"one_slider","Yes","Female","20","English and Korean",8.1027,"E 421"
"6019",421,"N","I","NQI","Q","pianist",0.09,30,"one_slider","Yes","Female","20","English and Korean",8.1027,"E 421"
"6020",421,"f","l","filler","i","filler6",0.33,31,"one_slider","Yes","Female","20","English and Korean",8.1027,"E 421"
"6021",421,"N","A","NQA","Q","chef",0.84,32,"one_slider","Yes","Female","20","English and Korean",8.1027,"E 421"
"6022",421,"Y","I","YDI","D","patient",1,33,"one_slider","Yes","Female","20","English and Korean",8.1027,"E 421"
"6023",421,"Y","A","YDA","D","dentist",1,34,"one_slider","Yes","Female","20","English and Korean",8.1027,"E 421"
"6024",421,"N","I","NDI","D","scientist",0.88,35,"one_slider","Yes","Female","20","English and Korean",8.1027,"E 421"
"6025",227,"","","","","",0.99,NA,"one_slider_practice","Yes","Female",NA,"English, Malayalam",13.1096666666667,"E 227"
"6026",227,"","","","","",1,NA,"one_slider_practice","Yes","Female",NA,"English, Malayalam",13.1096666666667,"E 227"
"6027",227,"N","A","NDA","D","fan",0.89,6,"one_slider","Yes","Female",NA,"English, Malayalam",13.1096666666667,"E 227"
"6028",227,"Y","I","YQI","Q","choreographer",0.34,7,"one_slider","Yes","Female",NA,"English, Malayalam",13.1096666666667,"E 227"
"6029",227,"N","I","NQI","Q","CEO",0.79,8,"one_slider","Yes","Female",NA,"English, Malayalam",13.1096666666667,"E 227"
"6030",227,"Y","A","YQA","Q","doctor",0.78,9,"one_slider","Yes","Female",NA,"English, Malayalam",13.1096666666667,"E 227"
"6031",227,"N","I","NDI","D","pilot",0.96,10,"one_slider","Yes","Female",NA,"English, Malayalam",13.1096666666667,"E 227"
"6032",227,"N","A","NDA","D","coach",0.96,11,"one_slider","Yes","Female",NA,"English, Malayalam",13.1096666666667,"E 227"
"6033",227,"Y","I","YQI","Q","scientist",0.58,12,"one_slider","Yes","Female",NA,"English, Malayalam",13.1096666666667,"E 227"
"6034",227,"N","A","NDA","D","patient",0.96,13,"one_slider","Yes","Female",NA,"English, Malayalam",13.1096666666667,"E 227"
"6035",227,"Y","A","YDA","D","chef",0.97,14,"one_slider","Yes","Female",NA,"English, Malayalam",13.1096666666667,"E 227"
"6036",227,"Y","A","YDA","D","troopleader",0.93,15,"one_slider","Yes","Female",NA,"English, Malayalam",13.1096666666667,"E 227"
"6037",227,"N","I","NDI","D","nutritionist",0.86,16,"one_slider","Yes","Female",NA,"English, Malayalam",13.1096666666667,"E 227"
"6038",227,"N","A","NQA","Q","pianist",0.96,17,"one_slider","Yes","Female",NA,"English, Malayalam",13.1096666666667,"E 227"
"6039",227,"N","A","NQA","Q","priest",0.85,18,"one_slider","Yes","Female",NA,"English, Malayalam",13.1096666666667,"E 227"
"6040",227,"f","l","filler","i","filler2",0.95,19,"one_slider","Yes","Female",NA,"English, Malayalam",13.1096666666667,"E 227"
"6041",227,"Y","A","YQA","Q","queen",0.64,20,"one_slider","Yes","Female",NA,"English, Malayalam",13.1096666666667,"E 227"
"6042",227,"Y","I","YDI","D","conductor",0.59,21,"one_slider","Yes","Female",NA,"English, Malayalam",13.1096666666667,"E 227"
"6043",227,"f","l","filler","i","filler6",0.11,22,"one_slider","Yes","Female",NA,"English, Malayalam",13.1096666666667,"E 227"
"6044",227,"N","I","NDI","D","artist",0.78,23,"one_slider","Yes","Female",NA,"English, Malayalam",13.1096666666667,"E 227"
"6045",227,"N","I","NQI","Q","supervisor",0.42,24,"one_slider","Yes","Female",NA,"English, Malayalam",13.1096666666667,"E 227"
"6046",227,"Y","I","YDI","D","playwright",0.78,25,"one_slider","Yes","Female",NA,"English, Malayalam",13.1096666666667,"E 227"
"6047",227,"N","A","NQA","Q","groom",0.86,26,"one_slider","Yes","Female",NA,"English, Malayalam",13.1096666666667,"E 227"
"6048",227,"f","l","filler","i","filler5",0.07,27,"one_slider","Yes","Female",NA,"English, Malayalam",13.1096666666667,"E 227"
"6049",227,"f","l","filler","i","filler1",0.9,28,"one_slider","Yes","Female",NA,"English, Malayalam",13.1096666666667,"E 227"
"6050",227,"f","l","filler","i","filler4",0.33,29,"one_slider","Yes","Female",NA,"English, Malayalam",13.1096666666667,"E 227"
"6051",227,"Y","A","YQA","Q","travelagent",0.67,30,"one_slider","Yes","Female",NA,"English, Malayalam",13.1096666666667,"E 227"
"6052",227,"Y","A","YDA","D","professor",0.93,31,"one_slider","Yes","Female",NA,"English, Malayalam",13.1096666666667,"E 227"
"6053",227,"Y","I","YQI","Q","dentist",0.76,32,"one_slider","Yes","Female",NA,"English, Malayalam",13.1096666666667,"E 227"
"6054",227,"N","I","NQI","Q","stylist",0.9,33,"one_slider","Yes","Female",NA,"English, Malayalam",13.1096666666667,"E 227"
"6055",227,"Y","I","YDI","D","bartender",0.92,34,"one_slider","Yes","Female",NA,"English, Malayalam",13.1096666666667,"E 227"
"6056",227,"f","l","filler","i","filler3",0.63,35,"one_slider","Yes","Female",NA,"English, Malayalam",13.1096666666667,"E 227"
"6057",585,"","","","","",0.52,NA,"one_slider_practice","Yes","Female","21","Mandarin ",5.67261666666667,"E 585"
"6058",585,"","","","","",0.84,NA,"one_slider_practice","Yes","Female","21","Mandarin ",5.67261666666667,"E 585"
"6059",585,"f","l","filler","i","filler2",0.23,6,"one_slider","Yes","Female","21","Mandarin ",5.67261666666667,"E 585"
"6060",585,"N","I","NDI","D","priest",0.79,7,"one_slider","Yes","Female","21","Mandarin ",5.67261666666667,"E 585"
"6061",585,"N","A","NQA","Q","supervisor",0.77,8,"one_slider","Yes","Female","21","Mandarin ",5.67261666666667,"E 585"
"6062",585,"f","l","filler","i","filler5",0.69,9,"one_slider","Yes","Female","21","Mandarin ",5.67261666666667,"E 585"
"6063",585,"Y","A","YDA","D","chef",0.54,10,"one_slider","Yes","Female","21","Mandarin ",5.67261666666667,"E 585"
"6064",585,"Y","I","YQI","Q","CEO",0.85,11,"one_slider","Yes","Female","21","Mandarin ",5.67261666666667,"E 585"
"6065",585,"N","A","NQA","Q","patient",0.9,12,"one_slider","Yes","Female","21","Mandarin ",5.67261666666667,"E 585"
"6066",585,"N","I","NQI","Q","playwright",0.24,13,"one_slider","Yes","Female","21","Mandarin ",5.67261666666667,"E 585"
"6067",585,"N","I","NDI","D","groom",0.18,14,"one_slider","Yes","Female","21","Mandarin ",5.67261666666667,"E 585"
"6068",585,"N","A","NQA","Q","pilot",0.56,15,"one_slider","Yes","Female","21","Mandarin ",5.67261666666667,"E 585"
"6069",585,"N","A","NDA","D","conductor",0.89,16,"one_slider","Yes","Female","21","Mandarin ",5.67261666666667,"E 585"
"6070",585,"Y","A","YQA","Q","fan",0.99,17,"one_slider","Yes","Female","21","Mandarin ",5.67261666666667,"E 585"
"6071",585,"Y","I","YDI","D","travelagent",0.38,18,"one_slider","Yes","Female","21","Mandarin ",5.67261666666667,"E 585"
"6072",585,"N","A","NDA","D","professor",0.72,19,"one_slider","Yes","Female","21","Mandarin ",5.67261666666667,"E 585"
"6073",585,"Y","I","YQI","Q","choreographer",0.87,20,"one_slider","Yes","Female","21","Mandarin ",5.67261666666667,"E 585"
"6074",585,"f","l","filler","i","filler4",0.26,21,"one_slider","Yes","Female","21","Mandarin ",5.67261666666667,"E 585"
"6075",585,"Y","A","YDA","D","pianist",0.65,22,"one_slider","Yes","Female","21","Mandarin ",5.67261666666667,"E 585"
"6076",585,"Y","I","YDI","D","dentist",0.22,23,"one_slider","Yes","Female","21","Mandarin ",5.67261666666667,"E 585"
"6077",585,"Y","A","YDA","D","stylist",0.92,24,"one_slider","Yes","Female","21","Mandarin ",5.67261666666667,"E 585"
"6078",585,"N","I","NQI","Q","coach",0.65,25,"one_slider","Yes","Female","21","Mandarin ",5.67261666666667,"E 585"
"6079",585,"N","I","NQI","Q","bartender",0.97,26,"one_slider","Yes","Female","21","Mandarin ",5.67261666666667,"E 585"
"6080",585,"Y","A","YQA","Q","doctor",0.35,27,"one_slider","Yes","Female","21","Mandarin ",5.67261666666667,"E 585"
"6081",585,"f","l","filler","i","filler6",0.74,28,"one_slider","Yes","Female","21","Mandarin ",5.67261666666667,"E 585"
"6082",585,"N","I","NDI","D","troopleader",0.41,29,"one_slider","Yes","Female","21","Mandarin ",5.67261666666667,"E 585"
"6083",585,"Y","A","YQA","Q","scientist",0.74,30,"one_slider","Yes","Female","21","Mandarin ",5.67261666666667,"E 585"
"6084",585,"N","A","NDA","D","nutritionist",0.4,31,"one_slider","Yes","Female","21","Mandarin ",5.67261666666667,"E 585"
"6085",585,"f","l","filler","i","filler1",0.24,32,"one_slider","Yes","Female","21","Mandarin ",5.67261666666667,"E 585"
"6086",585,"f","l","filler","i","filler3",0.39,33,"one_slider","Yes","Female","21","Mandarin ",5.67261666666667,"E 585"
"6087",585,"Y","I","YDI","D","queen",0.17,34,"one_slider","Yes","Female","21","Mandarin ",5.67261666666667,"E 585"
"6088",585,"Y","I","YQI","Q","artist",0.62,35,"one_slider","Yes","Female","21","Mandarin ",5.67261666666667,"E 585"
"6089",170,"","","","","",0.57,NA,"one_slider_practice","Yes","Female","20","Spanish",14.0634166666667,"E 170"
"6090",170,"","","","","",0.54,NA,"one_slider_practice","Yes","Female","20","Spanish",14.0634166666667,"E 170"
"6091",170,"N","A","NQA","Q","bartender",0.75,6,"one_slider","Yes","Female","20","Spanish",14.0634166666667,"E 170"
"6092",170,"f","l","filler","i","filler2",0.49,7,"one_slider","Yes","Female","20","Spanish",14.0634166666667,"E 170"
"6093",170,"Y","A","YDA","D","conductor",0.34,8,"one_slider","Yes","Female","20","Spanish",14.0634166666667,"E 170"
"6094",170,"N","A","NQA","Q","supervisor",0.56,9,"one_slider","Yes","Female","20","Spanish",14.0634166666667,"E 170"
"6095",170,"f","l","filler","i","filler3",0.67,10,"one_slider","Yes","Female","20","Spanish",14.0634166666667,"E 170"
"6096",170,"N","I","NQI","Q","groom",0.53,11,"one_slider","Yes","Female","20","Spanish",14.0634166666667,"E 170"
"6097",170,"Y","A","YQA","Q","coach",0.83,12,"one_slider","Yes","Female","20","Spanish",14.0634166666667,"E 170"
"6098",170,"f","l","filler","i","filler5",0.28,13,"one_slider","Yes","Female","20","Spanish",14.0634166666667,"E 170"
"6099",170,"Y","A","YQA","Q","choreographer",0.4,14,"one_slider","Yes","Female","20","Spanish",14.0634166666667,"E 170"
"6100",170,"Y","A","YQA","Q","playwright",0.84,15,"one_slider","Yes","Female","20","Spanish",14.0634166666667,"E 170"
"6101",170,"f","l","filler","i","filler1",0.87,16,"one_slider","Yes","Female","20","Spanish",14.0634166666667,"E 170"
"6102",170,"Y","I","YDI","D","pianist",0.09,17,"one_slider","Yes","Female","20","Spanish",14.0634166666667,"E 170"
"6103",170,"Y","I","YQI","Q","professor",0.5,18,"one_slider","Yes","Female","20","Spanish",14.0634166666667,"E 170"
"6104",170,"f","l","filler","i","filler6",0.22,19,"one_slider","Yes","Female","20","Spanish",14.0634166666667,"E 170"
"6105",170,"N","I","NDI","D","CEO",0.73,20,"one_slider","Yes","Female","20","Spanish",14.0634166666667,"E 170"
"6106",170,"f","l","filler","i","filler4",0.66,21,"one_slider","Yes","Female","20","Spanish",14.0634166666667,"E 170"
"6107",170,"N","I","NDI","D","dentist",0.08,22,"one_slider","Yes","Female","20","Spanish",14.0634166666667,"E 170"
"6108",170,"Y","I","YDI","D","fan",0.92,23,"one_slider","Yes","Female","20","Spanish",14.0634166666667,"E 170"
"6109",170,"Y","A","YDA","D","patient",0.86,24,"one_slider","Yes","Female","20","Spanish",14.0634166666667,"E 170"
"6110",170,"N","I","NDI","D","troopleader",0.36,25,"one_slider","Yes","Female","20","Spanish",14.0634166666667,"E 170"
"6111",170,"Y","I","YQI","Q","travelagent",0.84,26,"one_slider","Yes","Female","20","Spanish",14.0634166666667,"E 170"
"6112",170,"N","A","NDA","D","priest",0.98,27,"one_slider","Yes","Female","20","Spanish",14.0634166666667,"E 170"
"6113",170,"N","A","NDA","D","artist",0.7,28,"one_slider","Yes","Female","20","Spanish",14.0634166666667,"E 170"
"6114",170,"Y","A","YDA","D","nutritionist",0.28,29,"one_slider","Yes","Female","20","Spanish",14.0634166666667,"E 170"
"6115",170,"N","I","NQI","Q","pilot",0.78,30,"one_slider","Yes","Female","20","Spanish",14.0634166666667,"E 170"
"6116",170,"N","A","NDA","D","queen",0.77,31,"one_slider","Yes","Female","20","Spanish",14.0634166666667,"E 170"
"6117",170,"Y","I","YDI","D","chef",0.87,32,"one_slider","Yes","Female","20","Spanish",14.0634166666667,"E 170"
"6118",170,"N","I","NQI","Q","doctor",0.96,33,"one_slider","Yes","Female","20","Spanish",14.0634166666667,"E 170"
"6119",170,"Y","I","YQI","Q","scientist",0.82,34,"one_slider","Yes","Female","20","Spanish",14.0634166666667,"E 170"
"6120",170,"N","A","NQA","Q","stylist",0.31,35,"one_slider","Yes","Female","20","Spanish",14.0634166666667,"E 170"
"6121",313,"","","","","",0.95,NA,"one_slider_practice","Yes","Female","22","Cantonese",13.6210666666667,"E 313"
"6122",313,"","","","","",0.97,NA,"one_slider_practice","Yes","Female","22","Cantonese",13.6210666666667,"E 313"
"6123",313,"Y","I","YDI","D","doctor",0.2,6,"one_slider","Yes","Female","22","Cantonese",13.6210666666667,"E 313"
"6124",313,"Y","I","YDI","D","nutritionist",0.68,7,"one_slider","Yes","Female","22","Cantonese",13.6210666666667,"E 313"
"6125",313,"Y","I","YQI","Q","troopleader",0.19,8,"one_slider","Yes","Female","22","Cantonese",13.6210666666667,"E 313"
"6126",313,"N","I","NQI","Q","playwright",0.52,9,"one_slider","Yes","Female","22","Cantonese",13.6210666666667,"E 313"
"6127",313,"N","A","NDA","D","chef",0.53,10,"one_slider","Yes","Female","22","Cantonese",13.6210666666667,"E 313"
"6128",313,"Y","I","YQI","Q","groom",0.46,11,"one_slider","Yes","Female","22","Cantonese",13.6210666666667,"E 313"
"6129",313,"Y","A","YDA","D","stylist",0.92,12,"one_slider","Yes","Female","22","Cantonese",13.6210666666667,"E 313"
"6130",313,"N","I","NQI","Q","fan",0.85,13,"one_slider","Yes","Female","22","Cantonese",13.6210666666667,"E 313"
"6131",313,"N","A","NQA","Q","pianist",1,14,"one_slider","Yes","Female","22","Cantonese",13.6210666666667,"E 313"
"6132",313,"Y","A","YDA","D","scientist",0.94,15,"one_slider","Yes","Female","22","Cantonese",13.6210666666667,"E 313"
"6133",313,"f","l","filler","i","filler4",0.25,16,"one_slider","Yes","Female","22","Cantonese",13.6210666666667,"E 313"
"6134",313,"N","A","NDA","D","queen",0.96,17,"one_slider","Yes","Female","22","Cantonese",13.6210666666667,"E 313"
"6135",313,"N","A","NDA","D","travelagent",0.32,18,"one_slider","Yes","Female","22","Cantonese",13.6210666666667,"E 313"
"6136",313,"N","I","NDI","D","artist",0.67,19,"one_slider","Yes","Female","22","Cantonese",13.6210666666667,"E 313"
"6137",313,"Y","A","YDA","D","professor",0.73,20,"one_slider","Yes","Female","22","Cantonese",13.6210666666667,"E 313"
"6138",313,"f","l","filler","i","filler3",0.98,21,"one_slider","Yes","Female","22","Cantonese",13.6210666666667,"E 313"
"6139",313,"Y","A","YQA","Q","coach",0.32,22,"one_slider","Yes","Female","22","Cantonese",13.6210666666667,"E 313"
"6140",313,"f","l","filler","i","filler2",1,23,"one_slider","Yes","Female","22","Cantonese",13.6210666666667,"E 313"
"6141",313,"Y","A","YQA","Q","conductor",0.5,24,"one_slider","Yes","Female","22","Cantonese",13.6210666666667,"E 313"
"6142",313,"N","A","NQA","Q","choreographer",0.96,25,"one_slider","Yes","Female","22","Cantonese",13.6210666666667,"E 313"
"6143",313,"Y","I","YDI","D","dentist",0.17,26,"one_slider","Yes","Female","22","Cantonese",13.6210666666667,"E 313"
"6144",313,"f","l","filler","i","filler6",0,27,"one_slider","Yes","Female","22","Cantonese",13.6210666666667,"E 313"
"6145",313,"N","I","NDI","D","bartender",0.8,28,"one_slider","Yes","Female","22","Cantonese",13.6210666666667,"E 313"
"6146",313,"f","l","filler","i","filler1",1,29,"one_slider","Yes","Female","22","Cantonese",13.6210666666667,"E 313"
"6147",313,"N","I","NQI","Q","CEO",0.52,30,"one_slider","Yes","Female","22","Cantonese",13.6210666666667,"E 313"
"6148",313,"N","I","NDI","D","supervisor",0.94,31,"one_slider","Yes","Female","22","Cantonese",13.6210666666667,"E 313"
"6149",313,"N","A","NQA","Q","priest",0.91,32,"one_slider","Yes","Female","22","Cantonese",13.6210666666667,"E 313"
"6150",313,"Y","I","YQI","Q","pilot",0.45,33,"one_slider","Yes","Female","22","Cantonese",13.6210666666667,"E 313"
"6151",313,"Y","A","YQA","Q","patient",0.1,34,"one_slider","Yes","Female","22","Cantonese",13.6210666666667,"E 313"
"6152",313,"f","l","filler","i","filler5",0.94,35,"one_slider","Yes","Female","22","Cantonese",13.6210666666667,"E 313"
"6153",470,"","","","","",0.5,NA,"one_slider_practice","Yes","Female","20","english",9.2343,"E 470"
"6154",470,"","","","","",0.89,NA,"one_slider_practice","Yes","Female","20","english",9.2343,"E 470"
"6155",470,"Y","I","YDI","D","troopleader",0.22,6,"one_slider","Yes","Female","20","english",9.2343,"E 470"
"6156",470,"N","I","NDI","D","stylist",0.58,7,"one_slider","Yes","Female","20","english",9.2343,"E 470"
"6157",470,"N","A","NQA","Q","CEO",0.77,8,"one_slider","Yes","Female","20","english",9.2343,"E 470"
"6158",470,"f","l","filler","i","filler4",0.25,9,"one_slider","Yes","Female","20","english",9.2343,"E 470"
"6159",470,"Y","A","YDA","D","doctor",0.71,10,"one_slider","Yes","Female","20","english",9.2343,"E 470"
"6160",470,"Y","I","YQI","Q","choreographer",0.33,11,"one_slider","Yes","Female","20","english",9.2343,"E 470"
"6161",470,"N","A","NDA","D","scientist",0.69,12,"one_slider","Yes","Female","20","english",9.2343,"E 470"
"6162",470,"f","l","filler","i","filler2",0.67,13,"one_slider","Yes","Female","20","english",9.2343,"E 470"
"6163",470,"N","I","NDI","D","dentist",0.91,14,"one_slider","Yes","Female","20","english",9.2343,"E 470"
"6164",470,"N","I","NQI","Q","supervisor",0.84,15,"one_slider","Yes","Female","20","english",9.2343,"E 470"
"6165",470,"N","I","NDI","D","queen",0.77,16,"one_slider","Yes","Female","20","english",9.2343,"E 470"
"6166",470,"N","A","NQA","Q","pilot",0.77,17,"one_slider","Yes","Female","20","english",9.2343,"E 470"
"6167",470,"Y","I","YQI","Q","chef",0.77,18,"one_slider","Yes","Female","20","english",9.2343,"E 470"
"6168",470,"Y","A","YDA","D","travelagent",0.78,19,"one_slider","Yes","Female","20","english",9.2343,"E 470"
"6169",470,"Y","A","YQA","Q","groom",0.37,20,"one_slider","Yes","Female","20","english",9.2343,"E 470"
"6170",470,"N","A","NDA","D","fan",0.78,21,"one_slider","Yes","Female","20","english",9.2343,"E 470"
"6171",470,"f","l","filler","i","filler6",0.41,22,"one_slider","Yes","Female","20","english",9.2343,"E 470"
"6172",470,"f","l","filler","i","filler3",0.65,23,"one_slider","Yes","Female","20","english",9.2343,"E 470"
"6173",470,"Y","I","YDI","D","artist",0.66,24,"one_slider","Yes","Female","20","english",9.2343,"E 470"
"6174",470,"Y","I","YQI","Q","bartender",0.32,25,"one_slider","Yes","Female","20","english",9.2343,"E 470"
"6175",470,"f","l","filler","i","filler1",0.68,26,"one_slider","Yes","Female","20","english",9.2343,"E 470"
"6176",470,"N","I","NQI","Q","coach",0.61,27,"one_slider","Yes","Female","20","english",9.2343,"E 470"
"6177",470,"Y","A","YQA","Q","pianist",0.51,28,"one_slider","Yes","Female","20","english",9.2343,"E 470"
"6178",470,"Y","I","YDI","D","nutritionist",0.65,29,"one_slider","Yes","Female","20","english",9.2343,"E 470"
"6179",470,"Y","A","YQA","Q","professor",0.85,30,"one_slider","Yes","Female","20","english",9.2343,"E 470"
"6180",470,"N","A","NDA","D","playwright",0.52,31,"one_slider","Yes","Female","20","english",9.2343,"E 470"
"6181",470,"N","A","NQA","Q","conductor",0.69,32,"one_slider","Yes","Female","20","english",9.2343,"E 470"
"6182",470,"f","l","filler","i","filler5",0.76,33,"one_slider","Yes","Female","20","english",9.2343,"E 470"
"6183",470,"N","I","NQI","Q","priest",0.69,34,"one_slider","Yes","Female","20","english",9.2343,"E 470"
"6184",470,"Y","A","YDA","D","patient",0.74,35,"one_slider","Yes","Female","20","english",9.2343,"E 470"
"6185",409,"","","","","",0.95,NA,"one_slider_practice","Yes","Female","21","Spanish & English ",29.8557,"E 409"
"6186",409,"","","","","",0.98,NA,"one_slider_practice","Yes","Female","21","Spanish & English ",29.8557,"E 409"
"6187",409,"f","l","filler","i","filler6",0.03,6,"one_slider","Yes","Female","21","Spanish & English ",29.8557,"E 409"
"6188",409,"f","l","filler","i","filler5",0.04,7,"one_slider","Yes","Female","21","Spanish & English ",29.8557,"E 409"
"6189",409,"Y","A","YDA","D","priest",0.95,8,"one_slider","Yes","Female","21","Spanish & English ",29.8557,"E 409"
"6190",409,"Y","A","YQA","Q","stylist",0.94,9,"one_slider","Yes","Female","21","Spanish & English ",29.8557,"E 409"
"6191",409,"N","I","NDI","D","pilot",0.98,10,"one_slider","Yes","Female","21","Spanish & English ",29.8557,"E 409"
"6192",409,"N","I","NQI","Q","scientist",0.99,11,"one_slider","Yes","Female","21","Spanish & English ",29.8557,"E 409"
"6193",409,"N","A","NDA","D","fan",0.51,12,"one_slider","Yes","Female","21","Spanish & English ",29.8557,"E 409"
"6194",409,"f","l","filler","i","filler3",0.94,13,"one_slider","Yes","Female","21","Spanish & English ",29.8557,"E 409"
"6195",409,"Y","A","YDA","D","travelagent",0.3,14,"one_slider","Yes","Female","21","Spanish & English ",29.8557,"E 409"
"6196",409,"f","l","filler","i","filler2",0.98,15,"one_slider","Yes","Female","21","Spanish & English ",29.8557,"E 409"
"6197",409,"Y","I","YQI","Q","supervisor",0.5,16,"one_slider","Yes","Female","21","Spanish & English ",29.8557,"E 409"
"6198",409,"N","A","NQA","Q","groom",0.9,17,"one_slider","Yes","Female","21","Spanish & English ",29.8557,"E 409"
"6199",409,"N","A","NQA","Q","professor",0.87,18,"one_slider","Yes","Female","21","Spanish & English ",29.8557,"E 409"
"6200",409,"Y","I","YDI","D","patient",0.57,19,"one_slider","Yes","Female","21","Spanish & English ",29.8557,"E 409"
"6201",409,"Y","A","YQA","Q","CEO",0.76,20,"one_slider","Yes","Female","21","Spanish & English ",29.8557,"E 409"
"6202",409,"f","l","filler","i","filler4",0,21,"one_slider","Yes","Female","21","Spanish & English ",29.8557,"E 409"
"6203",409,"N","A","NDA","D","dentist",0.97,22,"one_slider","Yes","Female","21","Spanish & English ",29.8557,"E 409"
"6204",409,"Y","A","YQA","Q","conductor",0.73,23,"one_slider","Yes","Female","21","Spanish & English ",29.8557,"E 409"
"6205",409,"N","I","NQI","Q","chef",0.68,24,"one_slider","Yes","Female","21","Spanish & English ",29.8557,"E 409"
"6206",409,"Y","I","YQI","Q","bartender",0.39,25,"one_slider","Yes","Female","21","Spanish & English ",29.8557,"E 409"
"6207",409,"f","l","filler","i","filler1",0.68,26,"one_slider","Yes","Female","21","Spanish & English ",29.8557,"E 409"
"6208",409,"N","I","NDI","D","pianist",0.02,27,"one_slider","Yes","Female","21","Spanish & English ",29.8557,"E 409"
"6209",409,"N","I","NQI","Q","choreographer",0.92,28,"one_slider","Yes","Female","21","Spanish & English ",29.8557,"E 409"
"6210",409,"N","A","NQA","Q","queen",0.9,29,"one_slider","Yes","Female","21","Spanish & English ",29.8557,"E 409"
"6211",409,"Y","I","YDI","D","playwright",0.29,30,"one_slider","Yes","Female","21","Spanish & English ",29.8557,"E 409"
"6212",409,"Y","I","YQI","Q","artist",0.28,31,"one_slider","Yes","Female","21","Spanish & English ",29.8557,"E 409"
"6213",409,"N","A","NDA","D","doctor",0.83,32,"one_slider","Yes","Female","21","Spanish & English ",29.8557,"E 409"
"6214",409,"Y","A","YDA","D","coach",0.74,33,"one_slider","Yes","Female","21","Spanish & English ",29.8557,"E 409"
"6215",409,"N","I","NDI","D","troopleader",0.84,34,"one_slider","Yes","Female","21","Spanish & English ",29.8557,"E 409"
"6216",409,"Y","I","YDI","D","nutritionist",0.38,35,"one_slider","Yes","Female","21","Spanish & English ",29.8557,"E 409"
"6217",320,"","","","","",0.31,NA,"one_slider_practice","Yes","Female","21","English",9.54426666666667,"E 320"
"6218",320,"","","","","",0.78,NA,"one_slider_practice","Yes","Female","21","English",9.54426666666667,"E 320"
"6219",320,"Y","I","YDI","D","artist",0.25,6,"one_slider","Yes","Female","21","English",9.54426666666667,"E 320"
"6220",320,"Y","A","YDA","D","playwright",0.47,7,"one_slider","Yes","Female","21","English",9.54426666666667,"E 320"
"6221",320,"N","A","NDA","D","groom",0.29,8,"one_slider","Yes","Female","21","English",9.54426666666667,"E 320"
"6222",320,"N","A","NQA","Q","CEO",0.26,9,"one_slider","Yes","Female","21","English",9.54426666666667,"E 320"
"6223",320,"N","I","NDI","D","travelagent",0.54,10,"one_slider","Yes","Female","21","English",9.54426666666667,"E 320"
"6224",320,"N","I","NQI","Q","nutritionist",0.4,11,"one_slider","Yes","Female","21","English",9.54426666666667,"E 320"
"6225",320,"Y","I","YDI","D","patient",0.47,12,"one_slider","Yes","Female","21","English",9.54426666666667,"E 320"
"6226",320,"f","l","filler","i","filler4",0.7,13,"one_slider","Yes","Female","21","English",9.54426666666667,"E 320"
"6227",320,"N","A","NDA","D","conductor",0.6,14,"one_slider","Yes","Female","21","English",9.54426666666667,"E 320"
"6228",320,"N","A","NQA","Q","doctor",0.71,15,"one_slider","Yes","Female","21","English",9.54426666666667,"E 320"
"6229",320,"Y","A","YDA","D","supervisor",0.33,16,"one_slider","Yes","Female","21","English",9.54426666666667,"E 320"
"6230",320,"Y","A","YDA","D","pianist",0.37,17,"one_slider","Yes","Female","21","English",9.54426666666667,"E 320"
"6231",320,"Y","A","YQA","Q","scientist",0.35,18,"one_slider","Yes","Female","21","English",9.54426666666667,"E 320"
"6232",320,"f","l","filler","i","filler6",0.29,19,"one_slider","Yes","Female","21","English",9.54426666666667,"E 320"
"6233",320,"N","I","NQI","Q","priest",0.69,20,"one_slider","Yes","Female","21","English",9.54426666666667,"E 320"
"6234",320,"Y","A","YQA","Q","chef",0.39,21,"one_slider","Yes","Female","21","English",9.54426666666667,"E 320"
"6235",320,"N","I","NDI","D","choreographer",0.44,22,"one_slider","Yes","Female","21","English",9.54426666666667,"E 320"
"6236",320,"Y","I","YQI","Q","troopleader",0.58,23,"one_slider","Yes","Female","21","English",9.54426666666667,"E 320"
"6237",320,"N","A","NQA","Q","bartender",0.32,24,"one_slider","Yes","Female","21","English",9.54426666666667,"E 320"
"6238",320,"Y","I","YDI","D","pilot",0.7,25,"one_slider","Yes","Female","21","English",9.54426666666667,"E 320"
"6239",320,"N","I","NQI","Q","dentist",0.52,26,"one_slider","Yes","Female","21","English",9.54426666666667,"E 320"
"6240",320,"f","l","filler","i","filler5",0.22,27,"one_slider","Yes","Female","21","English",9.54426666666667,"E 320"
"6241",320,"N","A","NDA","D","fan",0.25,28,"one_slider","Yes","Female","21","English",9.54426666666667,"E 320"
"6242",320,"f","l","filler","i","filler2",0.62,29,"one_slider","Yes","Female","21","English",9.54426666666667,"E 320"
"6243",320,"f","l","filler","i","filler1",0.66,30,"one_slider","Yes","Female","21","English",9.54426666666667,"E 320"
"6244",320,"Y","I","YQI","Q","queen",0.33,31,"one_slider","Yes","Female","21","English",9.54426666666667,"E 320"
"6245",320,"N","I","NDI","D","professor",0.61,32,"one_slider","Yes","Female","21","English",9.54426666666667,"E 320"
"6246",320,"Y","A","YQA","Q","stylist",0.32,33,"one_slider","Yes","Female","21","English",9.54426666666667,"E 320"
"6247",320,"f","l","filler","i","filler3",0.86,34,"one_slider","Yes","Female","21","English",9.54426666666667,"E 320"
"6248",320,"Y","I","YQI","Q","coach",0.36,35,"one_slider","Yes","Female","21","English",9.54426666666667,"E 320"
"6249",266,"","","","","",0.69,NA,"one_slider_practice","Yes","Female","20","Vietnamese",7.6001,"E 266"
"6250",266,"","","","","",1,NA,"one_slider_practice","Yes","Female","20","Vietnamese",7.6001,"E 266"
"6251",266,"f","l","filler","i","filler6",0,6,"one_slider","Yes","Female","20","Vietnamese",7.6001,"E 266"
"6252",266,"N","I","NDI","D","doctor",1,7,"one_slider","Yes","Female","20","Vietnamese",7.6001,"E 266"
"6253",266,"N","I","NDI","D","professor",1,8,"one_slider","Yes","Female","20","Vietnamese",7.6001,"E 266"
"6254",266,"f","l","filler","i","filler1",1,9,"one_slider","Yes","Female","20","Vietnamese",7.6001,"E 266"
"6255",266,"Y","I","YDI","D","CEO",0.84,10,"one_slider","Yes","Female","20","Vietnamese",7.6001,"E 266"
"6256",266,"f","l","filler","i","filler3",0.21,11,"one_slider","Yes","Female","20","Vietnamese",7.6001,"E 266"
"6257",266,"N","A","NQA","Q","bartender",1,12,"one_slider","Yes","Female","20","Vietnamese",7.6001,"E 266"
"6258",266,"N","I","NQI","Q","coach",1,13,"one_slider","Yes","Female","20","Vietnamese",7.6001,"E 266"
"6259",266,"Y","A","YQA","Q","conductor",0.08,14,"one_slider","Yes","Female","20","Vietnamese",7.6001,"E 266"
"6260",266,"Y","I","YQI","Q","stylist",1,15,"one_slider","Yes","Female","20","Vietnamese",7.6001,"E 266"
"6261",266,"Y","I","YQI","Q","queen",1,16,"one_slider","Yes","Female","20","Vietnamese",7.6001,"E 266"
"6262",266,"N","A","NDA","D","groom",0.82,17,"one_slider","Yes","Female","20","Vietnamese",7.6001,"E 266"
"6263",266,"N","I","NDI","D","choreographer",0.55,18,"one_slider","Yes","Female","20","Vietnamese",7.6001,"E 266"
"6264",266,"N","I","NQI","Q","troopleader",0.93,19,"one_slider","Yes","Female","20","Vietnamese",7.6001,"E 266"
"6265",266,"f","l","filler","i","filler2",0.58,20,"one_slider","Yes","Female","20","Vietnamese",7.6001,"E 266"
"6266",266,"Y","I","YDI","D","scientist",0.93,21,"one_slider","Yes","Female","20","Vietnamese",7.6001,"E 266"
"6267",266,"N","A","NDA","D","travelagent",0.6,22,"one_slider","Yes","Female","20","Vietnamese",7.6001,"E 266"
"6268",266,"Y","I","YDI","D","fan",0.18,23,"one_slider","Yes","Female","20","Vietnamese",7.6001,"E 266"
"6269",266,"f","l","filler","i","filler5",0.02,24,"one_slider","Yes","Female","20","Vietnamese",7.6001,"E 266"
"6270",266,"Y","I","YQI","Q","pilot",0.33,25,"one_slider","Yes","Female","20","Vietnamese",7.6001,"E 266"
"6271",266,"N","A","NDA","D","nutritionist",0.27,26,"one_slider","Yes","Female","20","Vietnamese",7.6001,"E 266"
"6272",266,"Y","A","YDA","D","playwright",0.74,27,"one_slider","Yes","Female","20","Vietnamese",7.6001,"E 266"
"6273",266,"Y","A","YDA","D","artist",0.61,28,"one_slider","Yes","Female","20","Vietnamese",7.6001,"E 266"
"6274",266,"N","I","NQI","Q","dentist",0.93,29,"one_slider","Yes","Female","20","Vietnamese",7.6001,"E 266"
"6275",266,"Y","A","YDA","D","chef",1,30,"one_slider","Yes","Female","20","Vietnamese",7.6001,"E 266"
"6276",266,"f","l","filler","i","filler4",0.59,31,"one_slider","Yes","Female","20","Vietnamese",7.6001,"E 266"
"6277",266,"Y","A","YQA","Q","patient",0.99,32,"one_slider","Yes","Female","20","Vietnamese",7.6001,"E 266"
"6278",266,"N","A","NQA","Q","priest",0.82,33,"one_slider","Yes","Female","20","Vietnamese",7.6001,"E 266"
"6279",266,"N","A","NQA","Q","pianist",0.61,34,"one_slider","Yes","Female","20","Vietnamese",7.6001,"E 266"
"6280",266,"Y","A","YQA","Q","supervisor",0.74,35,"one_slider","Yes","Female","20","Vietnamese",7.6001,"E 266"
"6281",224,"","","","","",0.18,NA,"one_slider_practice","Yes","Other","21","English",7.92498333333333,"E 224"
"6282",224,"","","","","",0.99,NA,"one_slider_practice","Yes","Other","21","English",7.92498333333333,"E 224"
"6283",224,"N","A","NDA","D","supervisor",0.48,6,"one_slider","Yes","Other","21","English",7.92498333333333,"E 224"
"6284",224,"f","l","filler","i","filler5",0.97,7,"one_slider","Yes","Other","21","English",7.92498333333333,"E 224"
"6285",224,"Y","I","YDI","D","pilot",0.66,8,"one_slider","Yes","Other","21","English",7.92498333333333,"E 224"
"6286",224,"Y","I","YDI","D","groom",0.18,9,"one_slider","Yes","Other","21","English",7.92498333333333,"E 224"
"6287",224,"Y","I","YQI","Q","fan",0.02,10,"one_slider","Yes","Other","21","English",7.92498333333333,"E 224"
"6288",224,"N","A","NDA","D","patient",0.56,11,"one_slider","Yes","Other","21","English",7.92498333333333,"E 224"
"6289",224,"Y","A","YDA","D","scientist",0.72,12,"one_slider","Yes","Other","21","English",7.92498333333333,"E 224"
"6290",224,"Y","A","YDA","D","CEO",0.98,13,"one_slider","Yes","Other","21","English",7.92498333333333,"E 224"
"6291",224,"N","A","NQA","Q","doctor",0.83,14,"one_slider","Yes","Other","21","English",7.92498333333333,"E 224"
"6292",224,"N","A","NDA","D","nutritionist",0.96,15,"one_slider","Yes","Other","21","English",7.92498333333333,"E 224"
"6293",224,"f","l","filler","i","filler6",0.06,16,"one_slider","Yes","Other","21","English",7.92498333333333,"E 224"
"6294",224,"N","A","NQA","Q","coach",0.95,17,"one_slider","Yes","Other","21","English",7.92498333333333,"E 224"
"6295",224,"Y","A","YDA","D","playwright",0.57,18,"one_slider","Yes","Other","21","English",7.92498333333333,"E 224"
"6296",224,"f","l","filler","i","filler2",0.95,19,"one_slider","Yes","Other","21","English",7.92498333333333,"E 224"
"6297",224,"N","I","NDI","D","troopleader",0.97,20,"one_slider","Yes","Other","21","English",7.92498333333333,"E 224"
"6298",224,"Y","A","YQA","Q","dentist",0.08,21,"one_slider","Yes","Other","21","English",7.92498333333333,"E 224"
"6299",224,"Y","A","YQA","Q","chef",0.98,22,"one_slider","Yes","Other","21","English",7.92498333333333,"E 224"
"6300",224,"Y","A","YQA","Q","bartender",0.97,23,"one_slider","Yes","Other","21","English",7.92498333333333,"E 224"
"6301",224,"f","l","filler","i","filler3",0.96,24,"one_slider","Yes","Other","21","English",7.92498333333333,"E 224"
"6302",224,"Y","I","YQI","Q","travelagent",0.91,25,"one_slider","Yes","Other","21","English",7.92498333333333,"E 224"
"6303",224,"f","l","filler","i","filler1",0.92,26,"one_slider","Yes","Other","21","English",7.92498333333333,"E 224"
"6304",224,"N","I","NDI","D","professor",0.98,27,"one_slider","Yes","Other","21","English",7.92498333333333,"E 224"
"6305",224,"Y","I","YDI","D","pianist",0.24,28,"one_slider","Yes","Other","21","English",7.92498333333333,"E 224"
"6306",224,"N","I","NQI","Q","priest",0.99,29,"one_slider","Yes","Other","21","English",7.92498333333333,"E 224"
"6307",224,"N","I","NQI","Q","choreographer",0.95,30,"one_slider","Yes","Other","21","English",7.92498333333333,"E 224"
"6308",224,"N","I","NQI","Q","artist",0.96,31,"one_slider","Yes","Other","21","English",7.92498333333333,"E 224"
"6309",224,"N","I","NDI","D","conductor",0.96,32,"one_slider","Yes","Other","21","English",7.92498333333333,"E 224"
"6310",224,"Y","I","YQI","Q","queen",0.94,33,"one_slider","Yes","Other","21","English",7.92498333333333,"E 224"
"6311",224,"N","A","NQA","Q","stylist",0.72,34,"one_slider","Yes","Other","21","English",7.92498333333333,"E 224"
"6312",224,"f","l","filler","i","filler4",0.92,35,"one_slider","Yes","Other","21","English",7.92498333333333,"E 224"
"6313",451,"","","","","",0.88,NA,"one_slider_practice","Yes","Female","30","Spanish",16.7467666666667,"E 451"
"6314",451,"","","","","",0.96,NA,"one_slider_practice","Yes","Female","30","Spanish",16.7467666666667,"E 451"
"6315",451,"Y","A","YQA","Q","chef",0.26,6,"one_slider","Yes","Female","30","Spanish",16.7467666666667,"E 451"
"6316",451,"N","A","NDA","D","priest",0.96,7,"one_slider","Yes","Female","30","Spanish",16.7467666666667,"E 451"
"6317",451,"N","A","NDA","D","patient",0.98,8,"one_slider","Yes","Female","30","Spanish",16.7467666666667,"E 451"
"6318",451,"Y","A","YDA","D","scientist",0.87,9,"one_slider","Yes","Female","30","Spanish",16.7467666666667,"E 451"
"6319",451,"N","I","NDI","D","dentist",0.32,10,"one_slider","Yes","Female","30","Spanish",16.7467666666667,"E 451"
"6320",451,"Y","I","YQI","Q","professor",0.16,11,"one_slider","Yes","Female","30","Spanish",16.7467666666667,"E 451"
"6321",451,"N","A","NDA","D","choreographer",0.96,12,"one_slider","Yes","Female","30","Spanish",16.7467666666667,"E 451"
"6322",451,"Y","I","YDI","D","supervisor",0.03,13,"one_slider","Yes","Female","30","Spanish",16.7467666666667,"E 451"
"6323",451,"N","A","NQA","Q","travelagent",0.07,14,"one_slider","Yes","Female","30","Spanish",16.7467666666667,"E 451"
"6324",451,"f","l","filler","i","filler4",0.03,15,"one_slider","Yes","Female","30","Spanish",16.7467666666667,"E 451"
"6325",451,"N","I","NQI","Q","queen",0.98,16,"one_slider","Yes","Female","30","Spanish",16.7467666666667,"E 451"
"6326",451,"N","A","NQA","Q","fan",0.95,17,"one_slider","Yes","Female","30","Spanish",16.7467666666667,"E 451"
"6327",451,"f","l","filler","i","filler5",0.02,18,"one_slider","Yes","Female","30","Spanish",16.7467666666667,"E 451"
"6328",451,"Y","A","YQA","Q","pilot",0.19,19,"one_slider","Yes","Female","30","Spanish",16.7467666666667,"E 451"
"6329",451,"Y","A","YDA","D","conductor",0.49,20,"one_slider","Yes","Female","30","Spanish",16.7467666666667,"E 451"
"6330",451,"f","l","filler","i","filler6",0.03,21,"one_slider","Yes","Female","30","Spanish",16.7467666666667,"E 451"
"6331",451,"N","I","NDI","D","bartender",0.97,22,"one_slider","Yes","Female","30","Spanish",16.7467666666667,"E 451"
"6332",451,"Y","I","YDI","D","stylist",0.25,23,"one_slider","Yes","Female","30","Spanish",16.7467666666667,"E 451"
"6333",451,"N","I","NQI","Q","troopleader",0.74,24,"one_slider","Yes","Female","30","Spanish",16.7467666666667,"E 451"
"6334",451,"Y","I","YDI","D","coach",0.94,25,"one_slider","Yes","Female","30","Spanish",16.7467666666667,"E 451"
"6335",451,"f","l","filler","i","filler2",0.94,26,"one_slider","Yes","Female","30","Spanish",16.7467666666667,"E 451"
"6336",451,"f","l","filler","i","filler3",0.97,27,"one_slider","Yes","Female","30","Spanish",16.7467666666667,"E 451"
"6337",451,"Y","A","YQA","Q","pianist",0.99,28,"one_slider","Yes","Female","30","Spanish",16.7467666666667,"E 451"
"6338",451,"Y","I","YQI","Q","doctor",0.95,29,"one_slider","Yes","Female","30","Spanish",16.7467666666667,"E 451"
"6339",451,"N","I","NQI","Q","artist",0.95,30,"one_slider","Yes","Female","30","Spanish",16.7467666666667,"E 451"
"6340",451,"f","l","filler","i","filler1",0.94,31,"one_slider","Yes","Female","30","Spanish",16.7467666666667,"E 451"
"6341",451,"N","A","NQA","Q","playwright",0.95,32,"one_slider","Yes","Female","30","Spanish",16.7467666666667,"E 451"
"6342",451,"Y","I","YQI","Q","nutritionist",0.75,33,"one_slider","Yes","Female","30","Spanish",16.7467666666667,"E 451"
"6343",451,"Y","A","YDA","D","groom",0.31,34,"one_slider","Yes","Female","30","Spanish",16.7467666666667,"E 451"
"6344",451,"N","I","NDI","D","CEO",0.69,35,"one_slider","Yes","Female","30","Spanish",16.7467666666667,"E 451"
